  1      LUNA (USES LUNA RANGER STATION)
       1       1
   33.49
    1968  0.27  0.59  0.86  0.55  0.01  0.70  2.38  2.88  0.45  0.47  0.79  0.52
    1969  0.12  0.03  0.24  0.04  0.83  0.12  2.35  4.19  1.33  1.22  0.00  1.35
    1970  0.04  0.45  1.33  0.37  0.56  0.76  4.42  2.42  0.14  2.64  0.00  0.36
    1971  0.06  0.31  0.04  0.66  0.04  0.00  1.95  3.13  1.91  4.88  0.60  1.68
    1972  0.02  0.00  0.00  0.00  0.45  1.49  2.08  4.27  1.07  6.11  0.53  1.03
    1973  1.57  1.91  1.41  0.44  1.42  0.57  3.04  2.42  0.19  0.00  0.16  0.08
    1974  1.10  0.01  0.80  0.15  0.01  0.00  3.05  2.04  1.70  4.15  0.23  0.19
    1975  1.53  0.26  1.19  0.34  0.31  0.06  3.88  1.01  4.38  0.42  0.43  0.51
    1976  0.12  1.67  0.99  0.47  0.88  0.30  3.82  1.64  1.10  0.75  0.42  0.01
    1977  0.37  0.40  0.86  0.79  0.06  0.50  4.64  4.43  2.17  1.45  0.03  0.19
    1978  1.54  1.03  1.79  0.21  0.47  0.93  3.10  4.05  1.50  1.83  4.13  1.03
    1979  2.74  0.51  0.35  0.11  1.05  0.69  2.21  2.01  0.83  0.55  0.92  1.67
    1980  1.92  3.29  0.66  0.51  0.92  0.03  1.53  2.77  1.77  0.70  0.46  0.42
    1981  0.63  0.00  2.53  0.41  0.24  0.31  3.77  3.26  3.15  0.81  0.52  0.00
    1982  0.68  1.35  1.43  0.19  1.03  0.10  2.05  4.57  0.73  0.03  2.16  2.11
    1983  1.82  0.93  1.94  0.25  0.01  0.66  4.01  5.68  6.16  3.33  1.30  0.63
    1984  0.80  0.00  0.11  0.35  0.36  0.72  4.77  4.31  2.72  2.83  0.14  3.69
    1985  1.41  0.62  1.05  1.02  0.31  0.90  2.76  2.58  3.24  1.04  1.23  0.46
    1986  0.05  2.29  0.92  0.20  0.31  1.69  3.76  4.94  1.27  2.06  2.80  1.73
    1987  0.94  1.50  0.46  0.34  1.72  1.09  3.65  2.74  1.32  1.08  1.62  2.12
    1988  0.71  1.29  0.01  2.04  0.10  1.17  3.05  4.78  3.43  1.71  0.26  0.75
    1989  1.30  0.20  0.55  0.00  0.28  0.00  2.71  1.23  1.29  2.40  0.15  0.28
    1990  0.51  0.55  0.29  0.39  0.72  0.40  4.23  4.52  3.17  0.60  2.69  1.44
    1991  0.81  0.84  1.96  0.00  0.00  0.88  4.50  2.39  2.91  0.60  2.17  2.46
    1992  1.32  0.71  1.24  0.26  5.89  0.53  1.86  3.96  0.57  2.48  0.52  2.80
    1993  3.96  2.14  1.11  0.00  0.97  0.49  0.39  4.90  1.63  1.65  0.47  0.04
    1994  0.33  1.37  1.08  0.00  1.43  0.15  1.21  3.42  2.56  2.09  3.87  1.68
    1995  1.61  0.63  1.06  0.10  0.58  0.36  1.23  2.70  2.76  0.00  0.60  0.31
    1996  0.09  0.91  0.00  0.00  0.05  1.09  2.92  6.64  2.38  3.32  0.28  0.00
    1997  1.59  1.51  0.20  0.42  2.21  1.34  3.32  4.31  2.88  1.81  0.69  2.24
    1998  0.46  0.97  1.62  0.53  0.08  0.54  7.70  4.59  0.65  2.83  1.58  0.66
    1999  0.15  0.10  0.48  0.07  0.21  0.78  4.73  7.17  3.46  0.00  0.00  0.02
    2000  0.05  0.18  1.27  0.00  0.00  1.25  1.84  5.69  0.59  7.66  0.90  0.11
    2001  1.24  0.77  0.30  1.09  0.69  0.52  4.46  3.48  0.16  0.57  0.15  0.24
    2002  0.47  0.00  0.26  0.41  0.08  0.01  5.22  2.05  3.91  1.24  0.73  1.25
    2003  0.11  2.14  0.88  0.52  0.01  0.51  1.51  2.03  1.67  1.32  2.07  0.55
    2004  0.83  0.75  0.76  2.13  0.00  0.21  1.54  3.68  0.93  1.16  1.32  2.03
    2005  2.36  1.98  0.71  0.78  0.62  0.35  1.22  3.01  1.85  0.98  0.10  0.00
    2006  0.47  0.00  1.11  0.95  0.08  0.50  5.64  8.32  3.76  2.47  0.00  0.44
    2007  0.56  0.45  1.01  0.41  1.47  0.68  3.90  6.64  1.28  0.45  2.25  4.14
    2008  3.90  0.86  0.00  0.10  1.17  0.04  3.79  2.14  2.27  1.54  0.65  1.57
    2009  0.76  0.49  0.86  0.41  1.11  2.25  2.62  3.34  1.84  0.50  0.37  1.42
    2010  5.33  0.93  1.05  0.60  0.23  0.52  6.66  2.58  0.87  0.66  0.16  1.93
    2011  0.00  0.25  0.00  0.27  0.08  0.12  5.20  3.41  2.94  1.61  0.96  4.06
    2012  0.87  0.36  0.38  0.04  0.00  0.13  3.40  4.36  1.78  0.13  1.16  1.27
    2013  1.14  0.85  0.54  0.43  0.27  0.00  5.55  5.92  3.66  0.52  2.20  0.46
    2014  0.00  0.14  1.05  0.45  0.00  0.34  6.63  3.10  2.69  1.38  1.29  0.90
    2015  2.72  0.23  0.96  0.38  0.90  2.29  6.04  3.19  3.61  2.56  0.85  0.00
    2016  0.50  0.25  0.02  0.85  0.64  1.22  1.54  5.06  1.98  1.20  2.88  3.59
    2017  1.74  1.58  0.21  0.38  0.85  1.24  5.15  2.61  2.52  0.18  0.00  0.00
    2018  0.47  1.71  0.30  0.00  0.00  0.26  4.85  1.91  3.32  1.51  0.00  0.00
    2019  0.00  2.41  0.33  0.00  1.13  0.35  2.25  2.24  3.53  0.00  0.00  0.00
    2020  1.20  1.82  1.62  0.35  0.12  0.05  0.09  1.61  0.05  0.52  1.16  0.42
    2021  0.39  0.26  0.30  0.37  0.09  0.39  2.95  2.01  2.07  0.42  0.06  1.64
    2022  0.66  0.11  0.09  0.00  0.00  2.37  3.45  5.49  2.14  2.46  0.44  2.19
    2023  1.53  0.35  1.22  0.00  0.56  0.25  0.73  1.57  1.48  0.33  0.81  1.52
    2024  1.36  1.43  2.23  0.49  0.05  0.55  4.11  2.38  0.79  0.59  0.73  0.00
   31.35   31.90
    1968  26.6  36.0  36.9  41.5  50.1  59.9  63.5  59.8  54.4  48.0  36.2  26.8
    1969  34.0  35.2  34.2  44.1  51.0  59.2  65.9  66.2  57.7  46.4  35.2  36.7
    1970  27.8  35.7  34.6  38.5  50.9  56.9  67.6  64.1  55.6  43.1  37.5  30.6
    1971  29.8  31.6  39.9  41.4  49.7  59.2  67.2  62.7  57.0  44.6  37.2  27.0
    1972  31.5  33.6  42.4  43.7  49.4  59.6  64.9  62.2  56.4  49.4  33.3  31.0
    1973  27.7  32.4  34.0  39.9  51.0  58.2  64.7  62.7  56.0  46.4  37.9  32.0
    1974  32.1  31.0  41.1  42.6  52.6  62.5  64.8  61.0  55.7  48.7  36.4  27.5
    1975  28.5  33.6  35.8  43.9  52.2  57.2  66.2  65.2  59.3  48.5  37.5  31.3
    1976  29.8  33.9  34.3  35.1  49.9  53.1  60.1  57.1  52.9  48.7  34.9  30.1
    1977  26.8  31.0  31.4  39.1  43.9  59.3  64.7  63.3  58.1  49.1  37.6  35.6
    1978  32.4  32.6  39.7  43.9  48.9  59.6  66.1  61.6  57.6  49.7  40.8  31.1
    1979  27.2  30.0  37.4  42.0  49.6  58.3  64.4  61.3  58.7  49.5  32.0  30.3
    1980  32.8  34.6  36.7  42.4  48.7  59.5  66.5  62.6  57.6  44.1  35.9  34.7
    1981  33.6  33.0  34.6  45.2  50.0  62.3  65.5  62.9  56.4  47.8  37.1  34.1
    1982  29.9  34.8  37.7  42.7  49.7  55.3  64.0  64.4  58.4  43.8  37.1  29.6
    1983  32.5  33.0  38.2  39.1  49.5  55.7  64.1  63.0  60.3  49.8  37.2  35.3
    1984  32.0  32.7  37.4  42.2  54.5  58.7  63.9  63.1  57.8  44.5  36.4  31.5
    1985  29.5  30.8  38.3  45.6  51.1  59.6  65.6  62.3  54.8  48.0  37.5  30.4
    1986  35.5  36.5  40.7  45.8  51.5  61.1  63.6  65.7  55.0  46.3  38.5  31.8
    1987  28.0  31.7  34.9  45.1  49.8  59.3  61.9  62.2  55.0  49.6  36.1  28.0
    1988  27.7  36.3  36.9  44.6  50.9  59.3  64.6  63.5  54.5  51.4  38.0  30.6
    1989  29.4  36.5  40.5  47.6  52.0  58.4  65.3  60.4  55.7  46.4  36.8  29.6
    1990  28.1  30.8  39.7  46.3  51.7  63.2  64.3  60.9  59.7  48.6  38.4  25.9
    1991  30.4  36.0  34.3  41.7  49.0  55.6  63.1  62.8  56.7  47.6  36.3  32.0
    1992  27.4  35.0  38.5  46.3  52.6  57.1  62.0  62.1  57.0  48.5  33.7  29.6
    1993  33.0  33.9  39.2  43.8  51.3  58.9  64.0  64.0  55.2  46.3  35.6  31.6
    1994  31.5  30.2  37.7  42.6  48.9  63.1  65.6  65.1  57.0  45.2  36.1  33.0
    1995  30.0  39.1  40.1  43.1  48.9  57.1  63.7  65.6  58.2  47.6  40.5  32.0
    1996  31.8  40.0  37.0  45.4  55.4  63.0  67.8  63.6  56.4  48.0  39.1  33.5
    1997  29.3  34.2  40.1  45.5  54.6  59.2  64.6  64.6  62.2  47.4  39.3  26.9
    1998  33.4  32.9  38.4  41.3  50.9  59.1  66.9  65.2  59.8  49.4  39.4  33.4
    1999  34.8  36.6  40.9  42.2  52.0  59.3  64.9  63.9  58.3  48.0  40.8  29.3
    2000  34.6  37.6  38.8  46.7  56.5  62.5  65.7  62.8  58.1  46.1  32.1  31.8
    2001  27.2  32.4  35.5  44.6  52.9  61.8  64.9  62.3  58.4  51.2  40.2  27.5
    2002  32.5  34.1  37.8  49.2  51.4  62.7  65.9  63.7  57.6  46.0  37.9  29.4
    2003  37.6  35.0  37.4  43.5  53.7  58.5  69.3  64.9  59.9  52.0  39.7  31.8
    2004  33.7  30.1  42.9  44.3  53.8  59.8  64.6  60.9  56.1  47.0  36.9  31.7
    2005  34.4  35.7  37.7  44.7  53.9  59.4  66.2  62.8  58.7  48.5  37.0  32.2
    2006  34.6  42.2  39.4  44.7  54.9  62.5  68.3  62.2  54.0  47.9  37.4  27.2
    2007  25.1  31.7  36.4  44.8  51.2  59.7  65.4  63.9  58.1  47.7  40.1  28.8
    2008  25.0  31.4  38.4  41.0  50.2  61.0  66.0  65.0  58.0  48.5  41.1  36.4
    2009  36.5  36.5  41.8  44.1  55.0  59.3  67.4  64.3  56.7  47.9  40.1  29.6
    2010  31.9  31.6  38.1  46.5  50.3  61.2  67.1  65.5  61.2  50.5  36.2  37.9
    2011  30.3  32.4  43.0  48.6  50.4  61.0  67.6  67.6  59.1  48.7  38.6  28.9
    2012  35.3  35.2  39.4  47.5  53.8  63.5  67.8  65.9  58.7  49.5  40.8  32.0
    2013  27.2  31.2  41.6  46.8  52.5  63.6  67.4  64.6  59.4  45.5  39.7  33.4
    2014  34.8  39.3  41.0  45.2  50.7  61.5  67.0  62.6  62.1  51.1  39.8  35.2
    2015  35.3  40.5  43.1  44.8  47.7  61.0  62.1  63.5  58.6  49.5  37.5  30.0
    2016  30.8  35.8  41.3  40.8  47.1  60.8  63.5  58.2  53.4  49.8  38.3  34.9
    2017  30.4  38.0  42.3  45.5  49.4  61.8  63.0  60.1  55.3  49.5  44.5  34.6
    2018  33.5  35.1  39.4  46.4  52.0  63.0  64.0  61.5  57.3  45.0  36.5  30.1
    2019  29.4  29.8  36.2  46.7  46.7  57.0  63.2  63.4  56.3  45.6  38.1  32.4
    2020  31.3  34.9  40.0  47.7  57.9  64.8  67.1  66.6  59.6  49.6  39.7  28.1
    2021  29.3  34.5  37.7  48.0  56.6  67.2  65.9  63.8  59.8  46.6  39.3  34.5
    2022  29.9  29.9  38.5  49.0  58.4  65.1  66.7  63.3  59.5  46.7  33.5  31.5
    2023  28.2  29.7  37.7  46.1  53.9  61.0  70.7  66.2  60.3  49.8  38.6  31.0
    2024  31.4  35.8  37.6  44.0  51.6  65.6  67.4  66.5  62.5  53.2  35.7  36.4
    1968       6      10       6      12       8      24       9      17
    1969       5      20       6      28       9      22      10       5
    1970       5       5       6      29       9      15       9      15
    1971       6       9       6      10       9      16       9      20
    1972       6      27       6      28       9      20       9      21
    1973       6      20       6      23       9      12       9      27
    1974       6      10       6      12       8      26       9      17
    1975       6       7       6      27       9      23      10       7
    1976       6      25       6      26       8       6       9      20
    1977       6      17       6      17       9      18       9      25
    1978       6       7       6      18       9      12       9      21
    1979       6      20       6      21       8      22      10       5
    1980       6       8       6      16       9       2       9      21
    1981       6      16       6      18       9      26      10       4
    1982       6      13       7       2       9      15      10       1
    1983       6      14       7       2      10       4      10      12
    1984       5      18       6      21       9       6      10       7
    1985       6      27       6      28       9       5       9       8
    1986       5      31       6      10       9      11       9      17
    1987       7       6       7       7       8      16       9      20
    1988       6      13       6      14       9       4       9      19
    1989       6      10       6      26       8      25       9      11
    1990       6      17       6      22      10       3      10       4
    1991       6      23       6      26       9      14       9      28
    1992       6      17       6      27       9       5       9      30
    1993       6      10       6      19       9       9       9      17
    1994       6       8       6      17       9      15       9      23
    1995       6      23       7       3       9      19       9      30
    1996       6       1       6      23       9      21       9      28
    1997       5      27       7       1      10       6      10       9
    1998       6       9       6      22       9      24      10       2
    1999       6      11       6      12       9      29       9      29
    2000       5      26       6      12       9       1       9       7
    2001       6      15       6      15       9       9       9      28
    2002       5      29       6      20       8      24       9      20
    2003       6      22       6      29       9      12       9      22
    2004       6      12       6      30       9       6       9      21
    2005       6      19       6      19       9      13       9      14
    2006       6       1       6      17       9      16       9      17
    2007       6      12       6      26       9      19       9      25
    2008       6       9       6      16       9      14       9      30
    2009       5      26       6      17       9      22       9      22
    2010       6      13       6      23       9      11      10       9
    2011       6      12       6      21       9      23      10       8
    2012       5      31       6       9       9      15       9      30
    2013       5      28       6      23       9      23       9      28
    2014       6       7       6      16       9      30       9      30
    2015       5      26       6       2      10      23      11       3
    2016       6       1       6      17       9      16       9      22
    2017       6      14       6      15       9      23       9      23
    2018       5      29       5      29      10       5      10       5
    2019       5      29       6      24       9      21       9      21
    2020       5      24       6      15       9      12      10      19
    2021       5      24       6       9      10       3      10      11
    2022       5      25       6       3      10       1      10      14
    2023       6      13       6      24      10      27      10      27
    2024       5      26       5      27      10      13      10      19
 2      APACHE-ARAGON (USES BEAVERHEAD,RESERVE,LUNA RANGER STATION)
       1       1
   33.84
    1968  0.80  0.75  0.75  0.00  0.00  0.00  2.29  1.97  0.00  1.06  0.70  0.92
    1969  0.03  0.15  0.25  0.50  0.73  0.14  2.37  4.61  1.47  1.38  0.01  1.35
    1970  0.00  0.55  1.00  0.15  0.13  0.15  1.31  1.57  0.38  2.53  0.00  0.25
    1971  0.30  0.10  0.13  0.43  0.00  0.00  1.84  2.81  2.72  5.85  1.08  2.53
    1972  0.02  0.00  0.00  0.00  0.45  2.96  1.99  3.07  2.50  4.44  0.53  1.03
    1973  1.57  1.91  1.41  0.44  1.42  0.57  3.30  1.59  0.36  0.05  0.35  0.00
    1974  0.35  0.05  0.66  0.01  0.00  0.00  5.28  1.19  1.72  3.16  0.23  0.19
    1975  1.78  0.47  1.30  0.19  0.18  0.03  2.76  2.15  5.93  0.87  0.95  0.71
    1976  0.11  3.10  0.50  0.11  0.27  0.29  2.72  2.35  1.25  1.50  0.54  0.03
    1977  1.08  0.83  1.14  0.16  0.77  1.28  3.99  4.40  3.61  2.13  0.52  0.62
    1978  0.57  0.86  0.70  0.19  0.65  0.48  2.74  2.87  2.24  2.15  0.43  0.69
    1979  3.10  0.82  0.31  0.60  1.92  2.11  0.85  1.54  2.24  2.15  0.43  0.95
    1980  1.19  1.68  0.56  0.41  0.25  0.05  1.17  3.20  1.68  0.44  0.20  0.19
    1981  0.72  0.13  1.42  0.81  0.51  0.52  4.56  1.64  0.80  2.20  0.88  0.00
    1982  1.11  1.31  2.18  0.03  1.05  0.00  0.70  3.90  3.92  0.01  1.74  2.30
    1983  0.97  1.37  1.99  0.45  0.25  1.06  1.03  1.74  2.55  2.69  2.74  0.57
    1984  0.32  0.04  0.96  0.35  0.84  0.37  5.37  5.57  1.41  1.71  0.19  4.76
    1985  1.64  0.33  1.08  1.69  0.18  0.96  1.86  3.26  1.82  4.67  1.39  0.42
    1986  0.11  1.93  0.54  0.10  0.66  2.42  4.39  3.35  1.16  2.68  2.16  1.38
    1987  1.17  1.15  0.26  0.27  1.20  1.41  2.79  3.74  1.05  0.45  0.88  2.59
    1988  1.17  2.24  0.52  1.59  0.00  1.36  4.09  9.93  2.77  1.29  0.15  0.39
    1989  1.11  0.32  0.27  0.00  0.34  0.09  4.03  2.51  2.21  1.29  0.07  0.07
    1990  0.44  0.53  0.71  0.70  0.64  0.28  3.70  2.20  3.90  0.79  2.48  2.09
    1991  0.68  0.65  1.31  0.00  0.17  0.61  4.38  5.56  2.10  0.53  0.33  2.37
    1992  1.16  0.93  1.34  1.01  3.93  1.01  3.86  2.10  1.56  0.74  0.10  3.29
    1993  2.33  1.60  0.60  0.00  0.90  0.41  1.58  7.56  0.24  1.82  0.46  0.11
    1994  0.47  0.95  0.55  0.00  0.85  0.26  0.93  3.57  2.19  0.82  4.86  2.18
    1995  1.18  0.27  0.45  0.10  0.05  0.11  3.02  3.80  1.79  0.00  0.70  0.22
    1996  0.00  1.51  0.00  0.33  0.00  1.09  2.40  3.74  1.84  2.85  0.27  0.00
    1997  0.69  0.60  0.72  0.39  1.54  0.34  3.84  3.13  6.47  0.10  0.00  1.15
    1998  0.21  0.96  1.23  0.75  0.00  0.04  4.33  3.13  2.37  1.55  0.48  1.28
    1999  0.06  0.00  0.07  0.07  0.54  0.24  0.67  3.13  2.37  0.00  0.00  1.28
    2000  0.77  0.72  1.05  0.04  0.00  0.77  1.45  3.21  0.06  1.43  2.00  0.95
    2001  0.85  0.71  0.09  0.66  0.78  0.34  1.62  2.66  2.07  0.05  0.17  0.93
    2002  0.36  0.20  0.04  0.11  0.20  0.00  3.89  2.87  2.25  0.33  0.58  0.31
    2003  0.11  2.14  0.88  0.52  0.01  0.51  1.51  2.03  1.67  1.32  2.07  0.55
    2004  0.77  0.72  1.21  3.39  0.48  1.28  2.33  3.04  0.83  2.16  0.54  0.95
    2005  3.17  1.98  1.44  1.06  0.08  0.01  1.08  3.93  4.20  1.11  0.05  0.03
    2006  0.53  0.00  1.11  0.36  0.56  0.68  4.40  4.47  3.76  1.63  0.02  0.80
    2007  0.86  0.44  0.75  0.90  2.23  0.45  4.71  2.28  1.94  0.28  0.45  3.96
    2008  1.20  0.30  0.05  0.05  0.71  0.13  4.69  2.01  0.91  1.54  0.65  1.57
    2009  0.32  0.69  0.49  0.52  0.73  1.45  2.62  5.48  1.50  0.50  0.11  1.67
    2010  4.21  0.68  1.31  0.31  0.23  0.02  1.85  1.43  0.91  0.07  0.03  1.93
    2011  0.00  0.25  0.00  0.27  0.08  0.12  5.20  3.41  2.94  1.61  0.96  4.06
    2012  0.87  0.36  0.38  0.04  0.00  0.13  3.40  4.36  1.78  0.13  1.16  1.27
    2013  1.14  0.85  0.54  0.43  0.27  0.00  5.55  5.92  3.66  0.52  2.20  0.46
    2014  0.00  0.14  1.05  0.45  0.00  0.34  6.63  3.10  2.69  1.38  1.29  0.90
    2015  2.72  0.23  0.96  0.38  0.16  0.56  1.30  2.51  2.99  0.67  0.10  0.00
    2016  1.64  0.00  0.21  0.36  0.90  0.56  2.55  4.23  6.48  0.45  0.60  2.90
    2017  0.98  1.59  0.00  0.00  0.31  0.17  6.30  2.14  0.15  0.30  0.00  0.08
    2018  1.00  2.28  0.45  0.00  0.03  0.61  4.45  2.52  3.26  2.09  0.00  1.38
    2019  1.02  1.25  1.67  0.26  0.37  0.00  1.86  3.14  1.91  0.39  3.43  2.06
    2020  1.31  1.55  2.42  0.12  0.16  0.00  1.17  0.75  0.83  0.62  0.65  0.70
    2021  0.39  0.26  0.30  0.37  0.09  0.39  2.95  2.01  2.07  0.42  0.06  1.64
    2022  0.92  0.34  0.30  0.00  0.00  2.92  3.31  5.30  1.87  2.68  0.35  1.97
    2023  1.68  0.93  1.18  0.00  0.59  0.07  0.95  2.69  1.20  0.35  0.64  1.27
    2024  1.30  1.29  2.31  0.34  0.11  0.84  3.05  1.89  0.55  0.64  0.60  0.00
   32.77   36.66
    1968  20.4  36.9  41.2  47.7  54.1  64.3  67.4  62.7  58.0  51.0  37.5  26.5
    1969  34.1  34.7  35.1  47.7  55.7  63.7  69.6  69.3  60.9  49.6  37.1  36.7
    1970  27.3  37.5  37.5  42.4  55.6  62.1  70.4  67.3  60.6  45.3  42.0  30.6
    1971  30.2  34.3  40.2  44.9  51.6  64.6  70.7  67.9  62.0  49.2  40.5  30.1
    1972  31.5  47.1  45.2  48.2  53.8  61.7  66.8  65.7  59.1  51.5  35.9  31.5
    1973  27.7  32.4  34.0  39.9  51.0  58.2  64.7  69.7  56.0  48.9  39.5  32.0
    1974  32.3  30.3  42.4  41.4  58.2  64.5  67.3  64.3  58.6  49.4  40.4  27.5
    1975  28.1  33.6  38.1  41.1  50.2  60.2  66.0  64.6  57.7  49.1  38.4  31.3
    1976  30.2  38.4  34.3  52.4  52.8  61.0  65.0  63.9  57.0  45.2  37.8  30.1
    1977  26.8  33.5  36.3  45.7  59.9  63.7  66.7  66.3  60.3  48.9  37.6  35.6
    1978  29.9  35.0  38.9  43.9  52.7  62.0  66.8  64.8  58.8  48.7  37.7  31.1
    1979  29.8  31.9  39.0  46.7  52.6  60.2  67.4  63.5  58.8  48.7  37.7  31.9
    1980  31.5  35.4  37.2  44.7  51.0  64.1  69.2  65.1  60.4  46.5  37.5  35.1
    1981  30.1  34.9  39.6  49.2  54.2  65.7  68.1  64.4  59.7  49.8  37.7  33.7
    1982  31.7  34.7  40.2  46.2  51.4  59.9  67.0  66.3  60.5  46.6  39.4  31.0
    1983  32.4  34.7  39.9  41.9  52.2  59.3  67.2  66.9  63.4  50.9  39.1  34.8
    1984  32.8  32.8  39.5  44.4  58.0  62.5  66.6  64.9  59.5  46.3  38.1  31.8
    1985  31.5  32.9  40.8  48.2  54.9  63.9  68.5  65.6  57.9  49.1  39.9  31.3
    1986  35.4  35.7  42.1  47.9  54.6  63.0  64.8  67.1  57.0  47.6  39.7  30.6
    1987  27.6  33.3  36.5  46.7  52.1  62.0  65.7  64.4  59.8  51.7  36.8  28.5
    1988  26.4  36.8  40.7  46.2  54.7  63.4  67.0  65.3  56.2  51.8  38.9  31.5
    1989  30.2  40.5  43.1  51.2  56.7  62.5  68.6  66.6  59.9  48.0  38.7  30.5
    1990  30.2  31.8  41.1  48.3  53.4  67.5  67.2  63.7  61.7  48.0  39.4  29.4
    1991  33.6  38.0  36.4  44.2  52.6  58.6  66.1  64.8  58.7  49.7  37.9  30.2
    1992  33.6  35.2  40.5  48.1  54.1  59.5  65.5  64.4  59.2  50.4  31.5  27.3
    1993  33.6  33.9  33.9  44.8  53.2  60.5  66.7  65.7  57.0  48.1  41.2  30.9
    1994  30.1  37.1  40.6  44.8  53.7  66.7  67.9  67.3  59.0  45.7  38.0  34.3
    1995  28.5  38.8  40.2  42.7  50.0  58.9  64.6  67.3  59.2  48.7  41.2  31.4
    1996  30.5  34.6  39.8  46.2  58.3  62.2  68.5  65.2  59.2  48.3  38.1  31.4
    1997  30.5  34.6  39.8  44.1  55.9  61.1  66.9  65.2  59.2  48.7  38.1  31.4
    1998  30.5  34.6  39.3  44.8  52.8  59.6  66.8  65.2  59.2  48.7  38.1  31.4
    1999  29.5  38.0  41.7  44.8  52.6  61.7  66.8  64.8  58.7  49.7  37.9  30.2
    2000  29.5  38.0  41.7  44.8  45.6  53.4  62.0  66.9  64.9  58.9  49.0  33.7
    2001  34.1  33.9  44.0  46.4  56.4  65.7  68.3  68.9  62.8  52.6  42.0  33.4
    2002  32.1  35.0  40.2  51.3  53.7  65.0  66.9  64.0  62.2  47.9  39.2  36.8
    2003  37.6  35.0  37.4  43.5  53.7  58.5  69.3  64.9  59.9  52.0  39.7  31.8
    2004  33.7  30.1  42.9  44.3  53.5  61.9  66.7  63.1  56.1  47.0  36.9  31.7
    2005  34.4  35.7  37.7  44.7  55.8  62.1  68.4  62.8  60.3  48.5  37.0  38.6
    2006  34.6  42.2  39.4  48.5  57.3  66.5  68.3  62.2  54.0  47.9  37.4  27.2
    2007  25.1  37.1  40.5  47.7  54.6  64.3  69.8  74.1  57.4  51.0  45.1  33.0
    2008  32.5  36.9  39.7  44.9  51.2  63.9  66.4  65.7  58.0  48.5  41.1  36.4
    2009  40.4  41.1  46.7  48.8  61.7  63.7  67.4  68.1  60.9  47.9  46.3  32.7
    2010  34.7  36.0  42.4  50.0  50.3  66.5  71.1  73.3  67.3  56.8  41.3  37.9
    2011  30.3  32.4  43.0  48.6  50.4  61.0  67.6  67.6  59.1  48.7  38.6  28.9
    2012  35.3  35.2  39.4  47.5  53.8  63.5  67.8  65.9  58.7  49.5  40.8  32.0
    2013  27.2  31.2  41.6  46.8  52.5  63.6  67.4  64.6  59.4  45.5  39.7  33.4
    2014  34.8  39.3  41.0  45.2  50.7  61.5  67.0  62.6  62.1  51.1  39.8  35.2
    2015  35.3  40.5  43.1  44.8  56.3  65.1  70.9  72.4  68.6  56.0  42.4  34.7
    2016  35.1  41.1  45.4  49.0  55.1  66.9  72.9  66.0  62.3  54.2  43.4  38.0
    2017  35.0  39.7  43.0  50.0  56.1  66.5  69.8  66.7  61.8  54.5  47.8  36.3
    2018  37.0  39.8  45.7  53.1  61.5  76.3  75.8  72.6  68.0  50.7  40.2  36.2
    2019  36.3  34.5  43.3  49.1  51.7  62.3  69.5  69.1  62.5  49.8  42.8  35.2
    2020  34.9  38.5  45.5  53.1  63.3  70.8  73.7  73.3  65.4  54.5  43.6  32.7
    2021  34.2  38.4  43.3  53.6  62.2  73.7  71.2  68.4  64.9  52.0  44.5  38.5
    2022  34.6  32.9  40.0  48.7  57.3  65.9  69.8  66.9  62.8  49.3  35.9  34.7
    2023  30.5  32.4  39.5  48.2  55.8  62.3  73.4  67.7  62.8  53.2  42.4  35.9
    2024  32.3  37.8  40.0  46.5  54.2  67.9  69.6  68.6  62.5  54.3  37.3  37.7
    1968       5      26       5      26       9      16       9      16
    1969       5      15       5      15      10       5      10       6
    1970       5       8       6       2       9      23       9      23
    1971       6       5       6       6       9      20      10      19
    1972       5      24       5      26      10      20      10      22
    1973       6      20       6      23       9      27       9      27
    1974       5      21       5      21       9      28       9      28
    1975       6      26       6      27       9      23      10       5
    1976       6      12       6      13       9      30      10       8
    1977       5      27       5      29       9      18       9      25
    1978       5      20       6       5       9      27      10       5
    1979       5      25       5      25       9      27      10       5
    1980       6       3       6       8       9      22      10      16
    1981       5      18       6      17      10       4      10      17
    1982       6       2       6       9      10       2      10       2
    1983       5      21       6      20      10      12      10      12
    1984       5       8       5      10       9       6      10      14
    1985       5      15       6       2       9      21       9      30
    1986       5      18       5      20       9      17       9      30
    1987       5      29       5      30       9      16      10       4
    1988       5      31       6       8       9      19      10      12
    1989       5      15       6      23       9      21       9      28
    1990       5      29       6       1      10       4      10       9
    1991       6       3       6      23      10       2      10       5
    1992       4      25       6      17       9       6       9      30
    1993       6       9       6      12       9      18       9      19
    1994       5      21       5      23       9      23       9      27
    1995       6      10       6      23       9      21      10       2
    1996       6       1       6      23       9      21       9      28
    1997       5       3       5      28      10       9      10      24
    1998       6      10       6      27       9      30      10      10
    1999       6       6       6      11       9      29      10       9
    2000       5      13       5      23       9      20      11       2
    2001       5       9       6      15       9      26      10       9
    2002       5      23       5      23       9      29      10       8
    2003       5      12       5      12      10      19      10      27
    2004       6      11       6      12       9      11       9      21
    2005       5      13       6      19       9      14      10      11
    2006       5      17       5      25       9      16      10      19
    2007       6      28       6      28       9       3       9      19
    2008       5      23       6       6       9      14       9      30
    2009       5       1       5      26       9      15       9      16
    2010       6      13       6      23       9      11      10       9
    2011       6      12       6      21       9      23      10       8
    2012       5      31       6       9       9      15       9      30
    2013       5      28       6      23       9      23       9      28
    2014       6       7       6      16       9      30       9      30
    2015       5      11       5      20      10      28      11       2
    2016       5       3       6       7      10      20      10      29
    2017       3      30       6      16      10      12      10      31
    2018       5       3       5       3      11       1      11       1
    2019       3      22       3      22      10      11      10      11
    2020       5      22       5      27      11       4      11       4
    2021       5      24       5      24      10      11      10      11
    2022       5      14       5      25      10      13      10      20
    2023       4       3       4       4      10      12      10      29
    2024       5      12       5      24      10      19      10      19
 3      RESERVE (USES RESERVE/HOOD RANGER STATION)
       1       1
   33.43
    1968  0.76  0.63  1.15  0.00  0.00  0.00  2.56  2.02  0.00  0.68  0.72  2.08
    1969  0.29  1.22  0.10  0.16  0.47  0.01  1.71  1.98  2.37  0.94  0.42  1.21
    1970  0.00  0.52  1.26  0.35  0.32  0.60  3.68  3.08  0.44  2.04  0.00  0.44
    1971  0.10  0.45  0.00  0.51  0.03  0.02  1.86  2.81  2.72  5.85  1.08  2.53
    1972  0.00  0.00  0.00  0.00  0.30  2.58  1.56  4.86  1.67  6.68  1.00  1.21
    1973  0.30  1.66  1.92  0.58  1.37  0.52  1.45  1.33  0.52  0.04  0.17  0.00
    1974  1.46  0.03  0.83  0.05  0.08  0.00  2.79  3.71  2.06  3.76  0.64  0.84
    1975  1.63  0.47  1.77  0.31  0.32  0.03  3.64  1.02  5.47  0.61  0.21  0.68
    1976  0.15  2.86  0.80  0.43  0.93  0.90  3.96  1.06  1.70  0.76  0.53  0.00
    1977  0.57  0.42  0.93  0.25  0.08  0.84  3.25  3.00  2.83  1.17  1.10  0.24
    1978  1.80  2.38  2.79  0.19  0.90  1.19  2.33  2.28  0.72  2.03  5.59  3.51
    1979  2.81  1.19  1.00  0.30  2.17  1.92  3.01  3.58  0.87  0.55  0.43  1.61
    1980  2.39  2.82  0.89  0.43  0.63  0.05  1.81  3.65  1.40  1.25  0.00  0.48
    1981  0.45  0.16  2.95  0.94  0.31  0.33  3.29  2.25  1.29  0.78  0.68  0.00
    1982  1.32  1.67  1.59  0.03  1.34  0.00  0.83  3.00  1.53  0.00  3.16  3.46
    1983  1.96  1.15  2.25  0.11  0.06  0.94  4.13  3.21  4.82  3.94  1.61  0.71
    1984  1.25  0.00  0.32  0.89  0.23  1.32  3.48  5.86  1.05  2.81  0.85  4.41
    1985  1.38  0.90  1.38  1.41  0.38  0.72  2.13  2.41  4.77  2.60  1.59  0.64
    1986  0.09  2.25  0.59  0.27  0.25  1.99  4.10  2.22  1.12  2.87  1.72  1.06
    1987  0.97  1.79  0.76  0.49  1.03  0.51  2.46  2.41  0.97  0.98  1.62  2.30
    1988  0.83  1.37  0.05  2.41  0.02  1.40  0.94  4.96  1.19  1.62  0.23  0.60
    1989  1.54  0.19  0.41  0.00  0.43  0.00  2.35  0.93  0.46  1.88  0.14  0.30
    1990  0.61  0.59  0.52  0.50  0.63  0.34  3.77  2.00  3.11  0.28  2.61  1.40
    1991  0.66  1.10  2.00  0.00  0.10  0.74  3.47  2.71  2.38  0.05  3.48  1.53
    1992  1.44  0.56  2.30  0.45  4.89  0.33  1.86  4.40  0.68  1.60  0.30  3.01
    1993  3.88  2.72  0.80  0.00  0.12  0.37  0.10  3.18  0.93  1.67  0.88  0.58
    1994  0.36  1.89  1.18  0.25  1.15  0.39  0.88  3.37  2.54  1.73  4.51  1.48
    1995  2.54  0.58  0.57  0.23  0.36  0.31  0.71  3.17  2.97  0.00  0.65  0.36
    1996  0.13  1.17  0.15  0.04  0.00  0.87  1.74  2.41  3.26  2.96  0.11  0.51
    1997  1.23  1.08  0.25  0.61  0.51  1.05  1.67  2.81  2.21  1.68  0.61  1.14
    1998  0.34  1.29  2.54  0.64  0.01  0.28  3.00  2.28  0.45  1.50  1.19  0.42
    1999  0.94  0.95  0.27  1.35  0.13  0.93  2.26  4.26  4.11  0.02  0.00  0.00
    2000  0.05  0.06  1.19  0.00  0.00  0.53  1.43  2.44  0.31  6.40  1.52  0.14
    2001  1.71  1.13  0.09  1.53  1.30  0.46  2.22  2.66  1.09  0.28  0.82  0.51
    2002  0.36  0.00  0.20  0.30  0.05  0.07  2.91  3.01  4.58  1.25  0.95  1.39
    2003  0.25  1.90  0.71  0.11  0.00  0.13  0.96  1.05  1.89  1.59  0.82  0.24
    2004  0.39  0.86  0.28  2.40  0.00  0.45  2.33  2.68  1.91  1.07  1.37  1.88
    2005  2.74  2.76  0.60  0.65  0.28  0.01  1.90  1.44  2.40  0.86  0.05  0.00
    2006  0.45  0.00  1.11  0.11  0.17  1.23  5.46  5.82  1.06  2.39  0.00  0.37
    2007  0.67  0.54  1.51  0.62  0.72  0.03  3.60  2.28  2.21  0.60  0.16  3.24
    2008  3.09  0.46  0.00  0.10  1.44  0.05  3.29  1.88  1.75  1.46  0.37  0.77
    2009  0.32  0.69  0.49  0.52  0.73  1.45  2.62  5.48  1.50  0.50  0.11  1.67
    2010  4.21  0.68  1.31  0.31  0.23  0.02  1.85  1.43  0.91  0.07  0.03  1.93
    2011  0.00  0.25  0.00  0.27  0.08  0.12  4.40  2.61  2.94  1.61  0.96  4.06
    2012  0.87  0.36  0.38  0.04  0.00  0.13  2.60  3.56  1.78  0.13  1.16  1.27
    2013  1.14  0.85  0.54  0.43  0.27  0.00  4.75  5.12  3.66  0.52  2.20  0.46
    2014  0.00  0.05  0.75  0.00  0.02  0.67  1.73  2.71  3.31  0.82  0.93  0.93
    2015  0.97  1.43  0.50  0.39  0.16  0.56  1.30  2.51  2.99  0.67  0.10  0.00
    2016  1.64  0.00  0.21  0.36  0.90  0.56  2.55  4.23  6.48  0.45  0.60  2.90
    2017  0.98  1.59  0.00  0.00  0.31  0.17  6.30  2.14  0.15  0.30  0.00  0.08
    2018  1.00  2.28  0.45  0.00  0.03  0.61  4.45  2.52  3.26  2.09  0.00  1.38
    2019  1.02  1.25  1.30  0.10  0.37  0.00  1.86  3.14  1.91  0.39  3.43  2.06
    2020  1.31  1.55  2.42  0.12  0.16  0.00  1.17  0.75  0.83  0.62  0.65  0.70
    2021  0.51  0.25  0.29  0.69  0.13  0.04  4.39  2.94  1.68  0.34  0.14  1.75
    2022  0.86  0.16  0.30  0.00  0.00  3.44  2.10  4.76  1.57  3.12  0.49  2.27
    2023  1.46  1.12  1.00  0.00  0.25  0.04  0.40  2.44  1.65  0.38  0.48  1.30
    2024  1.32  1.62  2.61  0.24  0.08  0.83  3.39  1.29  0.92  0.70  0.70  0.00
   32.77   36.66
    1968  34.9  42.7  42.1  47.6  56.2  65.4  68.8  65.0  60.2  53.5  40.4  31.6
    1969  39.7  36.7  38.4  49.2  54.3  63.6  72.1  71.3  62.7  51.4  41.1  34.4
    1970  31.6  37.9  38.7  43.8  55.6  64.2  72.3  69.5  60.6  47.7  41.1  34.4
    1971  31.8  34.5  41.5  47.1  52.3  64.3  72.3  67.9  62.0  49.2  40.5  30.1
    1972  33.7  35.9  46.5  48.0  53.8  63.2  69.9  67.5  61.2  54.0  37.2  34.4
    1973  32.5  35.6  38.3  43.7  54.9  62.7  69.3  67.9  61.6  51.9  40.8  35.5
    1974  34.8  33.1  44.8  46.8  57.0  69.6  69.2  66.8  60.5  53.7  40.7  32.6
    1975  32.4  36.3  39.1  43.8  52.0  62.4  69.5  68.4  66.2  51.3  40.4  36.3
    1976  33.2  39.7  40.3  47.8  55.1  63.5  67.6  66.7  61.5  49.0  40.3  33.2
    1977  34.0  37.3  37.9  48.3  54.7  65.8  69.7  69.7  64.3  53.9  43.7  38.2
    1978  35.9  37.1  44.6  49.4  53.7  66.1  71.5  68.0  62.9  54.2  43.0  33.3
    1979  29.9  35.0  40.5  47.5  56.5  63.5  69.8  66.5  63.8  53.7  37.6  35.6
    1980  37.8  39.8  41.1  47.4  53.8  66.5  73.0  68.9  63.3  50.4  40.5  40.0
    1981  37.2  38.3  41.6  52.4  57.3  68.8  71.2  69.0  63.7  52.0  46.1  38.0
    1982  36.6  39.2  42.3  49.0  54.5  62.5  70.0  70.4  63.9  48.8  40.5  33.0
    1983  36.0  36.8  41.1  42.8  53.0  61.5  68.4  68.6  65.5  53.3  41.2  37.6
    1984  35.4  35.2  41.8  45.8  59.9  64.8  69.6  68.5  62.7  49.1  39.3  36.3
    1985  33.7  35.7  43.3  50.4  56.5  65.0  70.7  68.6  59.4  52.2  40.9  35.0
    1986  39.1  40.0  44.5  50.6  55.6  64.8  67.6  69.9  59.3  49.6  42.4  35.8
    1987  32.5  36.6  39.0  50.1  54.5  65.5  68.6  67.0  60.8  54.7  40.3  30.1
    1988  32.8  39.6  40.5  46.9  56.0  64.9  69.9  68.4  58.7  52.0  41.9  34.3
    1989  33.4  40.9  46.3  53.6  58.6  65.1  71.6  68.4  62.9  52.6  42.1  33.9
    1990  33.7  35.5  43.5  51.2  57.0  70.3  71.5  67.7  65.9  52.3  43.3  32.0
    1991  35.8  37.1  41.9  45.5  55.6  61.9  69.4  68.3  63.0  53.5  43.2  36.1
    1992  31.8  36.8  42.3  48.3  56.1  61.2  67.3  66.7  61.9  53.1  41.2  35.6
    1993  36.2  34.3  42.7  47.4  56.0  63.1  68.8  68.0  59.9  52.1  41.2  34.9
    1994  34.3  37.1  44.1  50.2  56.0  68.6  69.9  70.8  62.3  52.1  42.6  34.9
    1995  34.4  37.1  43.8  47.0  55.4  62.9  69.9  72.6  62.3  52.1  46.2  37.8
    1996  35.9  37.1  42.1  48.0  60.9  69.7  72.4  68.4  61.3  53.4  42.7  34.9
    1997  33.1  37.7  42.1  49.5  55.6  65.2  71.8  68.4  62.2  52.1  41.6  34.9
    1998  35.9  37.3  42.3  44.5  53.9  64.0  70.1  68.2  66.6  52.2  41.6  34.9
    1999  33.7  36.7  42.3  48.1  55.6  61.9  72.3  69.9  63.0  53.5  43.2  36.1
    2000  33.6  42.8  45.2  48.0  48.1  70.5  74.3  72.7  62.1  51.9  41.2  38.4
    2001  34.1  40.2  44.0  52.1  59.6  67.0  72.4  68.9  62.8  52.6  41.2  33.4
    2002  36.8  37.5  42.7  55.5  58.1  70.0  71.1  70.4  63.6  52.0  43.8  36.2
    2003  41.1  40.6  43.2  48.4  55.8  64.5  76.4  72.0  65.8  59.7  43.6  35.4
    2004  36.8  35.2  41.4  48.4  55.8  64.7  70.2  68.8  62.8  52.6  42.0  34.6
    2005  34.4  40.8  43.5  44.7  55.8  62.1  72.3  70.1  66.7  48.5  44.4  38.6
    2006  37.2  42.2  39.4  44.7  54.9  62.5  68.3  62.2  54.0  47.9  37.4  27.2
    2007  25.1  31.7  36.4  44.8  51.2  67.4  65.4  74.1  65.3  54.8  45.1  34.9
    2008  33.3  39.4  39.7  48.6  57.1  66.1  70.8  68.9  63.0  52.4  47.6  40.2
    2009  40.4  41.1  46.7  48.8  61.7  63.7  67.4  68.1  60.9  47.9  46.3  32.7
    2010  34.7  36.0  42.4  50.0  50.3  66.5  71.1  73.3  67.3  56.8  41.3  37.9
    2011  34.3  36.4  47.0  52.6  54.4  66.0  72.6  72.6  64.1  52.7  42.6  32.9
    2012  39.3  39.2  43.4  51.5  57.8  68.5  72.8  70.9  64.3  54.3  44.6  35.4
    2013  32.9  34.3  45.1  50.2  57.2  69.4  71.4  69.8  63.7  49.5  43.7  37.4
    2014  34.9  40.6  43.6  50.9  62.4  74.9  73.1  69.4  68.5  55.4  38.3  38.0
    2015  37.9  42.6  47.6  49.6  56.3  65.1  70.9  72.4  68.6  56.0  42.4  34.7
    2016  35.1  41.1  45.4  49.0  55.1  66.9  72.9  66.0  62.3  54.2  43.4  38.0
    2017  35.0  39.7  43.0  50.0  56.1  66.5  69.8  66.7  61.8  54.5  47.8  36.3
    2018  37.0  39.8  45.7  53.1  61.5  76.3  75.8  72.6  68.0  50.7  40.2  36.2
    2019  35.2  34.5  43.3  49.1  51.7  62.3  69.5  69.1  62.5  51.6  43.6  35.2
    2020  34.9  38.5  45.5  53.1  63.3  70.8  73.7  73.3  65.4  54.5  43.6  32.7
    2021  34.2  38.4  43.3  53.6  62.2  73.7  71.2  68.4  64.9  52.0  44.5  38.5
    2022  36.4  34.8  41.7  50.9  59.6  67.8  71.6  69.4  65.1  51.2  37.8  36.9
    2023  32.5  34.6  41.7  49.2  58.5  64.8  76.8  71.1  64.5  53.4  42.9  36.4
    2024  34.0  39.9  42.2  48.9  56.7  70.6  72.7  71.6  64.6  56.5  39.4  38.9
    1968       5      16       6      10       9      17      10      16
    1969       5      10       6       5      10      12      10      13
    1970       5       5       5      15       9      23       9      23
    1971       6       5       6       6       9      20      10      19
    1972       5      24       5      26       9      26      10      23
    1973       5       5       6      18       9      28       9      28
    1974       5      25       6       2       9      29       9      29
    1975       5      23       6       5       9      23      10      14
    1976       6      12       6      26      10       5      10       8
    1977       5      22       5      28      10      12      10      15
    1978       5      20       5      30      10       5      10      11
    1979       5      14       5      15      10       7      10       7
    1980       6       4       6       5       9      25      10      16
    1981       5      22       6      16      10      16      10      19
    1982       6       2       6       4       9      29      10       2
    1983       6       5       6       5      10      12      11       9
    1984       5       1       5      11      10       7      10      16
    1985       5      15       6       2       9      24      10       3
    1986       5      15       5      22       9      17       9      30
    1987       5      29       5      29      10       1      10      19
    1988       5      31       6      12       9      23       9      24
    1989       5      14       5      31       9      11      10      17
    1990       5      29       5      30      10       9      10       9
    1991       5      30       6      24      10       4      10      15
    1992       6      17       6      17       9      30      10       2
    1993       6       8       6      10       9      21       9      21
    1994       6       8       6      17       9      23       9      27
    1995       5      26       5      31      10       3      10       4
    1996       5      28       5      28       9      30      10      18
    1997       5       5       5      27      10       9      10      14
    1998       5      26       6      15       9      30      10      10
    1999       6       3       6       3       9      29      10       9
    2000       4      20       5      19       9      25      11       1
    2001       5       7       6      15       9      29      10       9
    2002       5      23       5      28      10       4      10       4
    2003       5      12       5      12      10      19      10      27
    2004       6      11       6      12       9      28      10       8
    2005       5      13       5      15       9      15      10      11
    2006       5      17       5      25       9      16      10      19
    2007       5       7       5      11      10       8      10       8
    2008       5      12       6       4      10       1      10      13
    2009       5       1       5      26       9      15       9      16
    2010       5      21       6       1      10      14      10      25
    2011       5      23       6       1      10      11      10      23
    2012       5      11       5      20      10      13      10      13
    2013       5       5       5       9       9      30       9      30
    2014       4      17       4      28      10      14      10      14
    2015       5      11       5      20      10      28      11       2
    2016       5       3       6       7      10      20      10      29
    2017       3      20       6      16      10      12      10      31
    2018       5       3       5       3      11       1      11       1
    2019       3      22       3      22      10      11      10      11
    2020       5      22       5      27      11       4      11       4
    2021       5      24       5      24      10      11      10      11
    2022       5      13       5      14      10      19      10      24
    2023       4       4       4       4      10      12      10      29
    2024       5       7       5      24      10      19      10      20
 4      GLENWOOD-MULE CREEK (USES GLENWOOD RANGER STATION)
       1       1
   33.19
    1968  1.10  0.77  0.97  0.20  0.15  0.00  2.55  2.28  0.12  0.00  0.68  1.82
    1969  1.07  0.25  0.49  0.06  0.87  0.04  2.02  2.55  2.02  1.59  0.78  1.34
    1970  0.04  0.91  1.51  0.24  0.09  0.84  1.87  1.84  0.59  2.49  0.00  0.44
    1971  0.13  0.24  0.02  0.34  0.00  0.38  3.82  1.45  2.13  3.95  0.67  2.16
    1972  0.02  0.00  0.09  0.00  0.11  1.39  3.24  4.45  2.55  6.58  0.29  1.34
    1973  0.97  3.40  1.97  0.24  1.63  1.18  3.27  1.20  0.52  0.14  0.28  0.00
    1974  1.29  0.16  0.94  0.58  0.16  0.04  2.54  1.95  1.45  3.02  1.04  1.34
    1975  1.46  0.26  1.47  0.29  0.19  0.00  2.75  0.67  4.10  0.50  0.95  1.46
    1976  0.17  2.12  0.57  0.51  0.94  0.25  2.17  0.85  1.43  1.78  0.59  0.02
    1977  1.20  0.15  1.43  0.53  0.00  1.25  1.77  1.84  1.04  1.78  0.03  0.58
    1978  2.45  1.78  2.57  0.03  0.53  1.37  2.43  2.75  0.90  2.31  3.07  3.83
    1979  3.60  1.01  0.64  0.48  1.77  1.51  2.19  2.33  0.81  0.40  0.80  1.59
    1980  2.23  3.45  1.39  0.16  0.37  0.05  1.24  1.39  2.57  0.36  0.32  0.26
    1981  0.84  0.84  2.21  0.48  2.84  0.46  3.55  1.84  2.11  0.72  0.47  0.00
    1982  1.40  1.96  1.63  0.28  1.33  0.06  1.22  2.17  2.55  0.00  2.25  3.26
    1983  1.77  1.48  2.98  1.10  0.15  0.11  1.95  3.95  3.81  3.37  1.51  1.45
    1984  0.42  0.30  0.06  0.65  0.37  2.57  3.48  2.72  1.23  2.46  1.09  5.56
    1985  1.50  1.43  1.73  1.68  0.17  0.40  2.20  3.15  4.23  3.01  2.01  0.28
    1986  0.00  2.65  1.04  0.11  0.87  0.36  4.37  2.84  0.80  2.48  2.69  1.64
    1987  0.54  1.18  0.57  0.34  0.96  0.44  5.29  4.46  1.25  1.14  1.99  1.97
    1988  0.70  1.03  0.00  2.52  0.09  0.54  2.31  5.89  2.27  1.72  0.65  0.37
    1989  1.41  0.00  0.44  0.00  0.73  0.00  2.78  1.65  1.34  2.13  0.15  0.66
    1990  1.13  0.54  0.74  0.59  0.84  0.45  2.71  2.55  1.79  0.51  2.08  3.39
    1991  0.51  2.54  2.73  0.00  0.00  0.79  3.31  3.05  1.32  0.58  1.66  4.52
    1992  1.81  1.98  2.20  1.24  6.53  0.51  2.03  2.52  0.43  1.90  0.26  4.16
    1993  5.72  2.15  0.55  0.25  0.65  0.10  1.50  5.50  0.50  0.19  1.31  0.66
    1994  0.29  1.65  1.27  0.15  0.38  0.95  3.02  3.13  0.75  2.04  4.43  2.80
    1995  3.63  1.16  0.77  0.57  0.33  0.00  0.30  1.78  1.77  0.00  0.64  0.18
    1996  0.00  1.92  0.00  0.00  0.00  2.09  2.60  2.45  2.74  2.38  0.62  0.00
    1997  1.64  1.06  0.06  0.62  1.73  1.32  1.74  1.76  2.35  1.15  1.15  2.46
    1998  0.43  2.03  2.24  0.21  0.00  0.08  6.99  2.54  0.35  1.60  0.98  0.67
    1999  0.13  0.00  0.30  1.15  0.00  0.63  4.10  4.33  2.62  0.00  0.00  0.00
    2000  0.08  0.10  1.53  0.00  0.00  1.76  2.74  2.54  1.59  1.56  0.93  1.34
    2001  1.30  0.94  1.02  0.43  0.47  0.62  2.63  2.26  1.56  1.49  0.73  1.34
    2002  1.30  0.00  0.23  0.08  0.00  0.23  3.29  3.69  4.08  1.14  0.56  1.89
    2003  0.12  2.09  0.81  0.20  0.42  0.29  1.58  2.05  1.43  1.38  2.05  0.28
    2004  2.10  0.96  1.62  2.35  0.04  0.10  1.21  2.32  2.13  2.02  1.92  1.55
    2005  2.89  4.67  0.72  0.65  0.00  0.10  2.11  3.34  2.07  1.55  0.04  0.18
    2006  0.30  0.05  0.67  0.21  0.17  0.40  6.77  7.62  1.76  2.49  0.10  0.20
    2007  1.38  0.86  2.03  0.27  0.71  0.20  4.85  4.02  0.96  0.00  0.29  3.47
    2008  2.03  0.95  0.00  0.00  0.88  0.37  3.12  4.16  2.00  1.57  0.81  1.38
    2009  0.33  0.30  0.43  0.14  1.05  2.44  2.20  2.54  1.88  0.24  0.22  1.28
    2010  4.46  1.30  1.43  0.36  0.04  0.08  2.65  2.20  1.44  0.05  0.00  1.11
    2011  0.00  0.08  0.00  0.07  0.00  0.00  1.51  1.85  1.29  0.84  0.89  2.58
    2012  0.38  0.12  0.24  0.00  0.00  0.00  2.54  1.40  1.19  0.00  0.45  1.02
    2013  0.79  0.05  0.52  0.37  0.20  0.78  6.32  2.57  5.44  0.00  1.72  0.51
    2014  0.00  0.08  0.99  0.08  0.00  0.00  2.55  1.84  7.35  1.60  0.38  1.33
    2015  2.55  0.05  1.02  0.65  0.13  0.56  2.74  2.74  3.01  0.57  0.00  1.93
    2016  1.64  0.00  0.21  0.36  0.90  0.56  2.55  4.23  6.48  0.45  0.60  2.90
    2017  0.98  1.59  0.00  0.00  0.31  0.17  6.30  2.14  0.15  0.30  0.00  0.08
    2018  0.34  2.28  0.13  0.00  0.00  0.59  3.30  2.00  2.14  3.86  0.00  1.38
    2019  1.02  1.25  1.67  0.26  0.37  0.00  1.86  3.14  1.91  0.39  3.43  2.06
    2020  1.55  2.13  1.72  0.08  0.00  0.25  1.43  0.33  0.33  0.36  0.45  0.56
    2021  0.85  0.60  0.71  0.15  0.08  0.39  4.80  2.47  3.29  0.60  0.02  1.15
    2022  1.37  0.09  0.34  0.00  0.00  4.58  3.12  4.43  2.23  3.06  0.10  2.43
    2023  1.98  0.96  0.99  0.00  0.57  0.00  1.14  1.98  1.57  0.28  0.48  1.56
    2024  1.70  1.68  1.97  0.10  0.05  1.05  3.39  1.47  1.31  0.38  0.41  0.00
   38.23   39.90
    1968  40.4  49.0  47.8  54.0  63.0  71.7  76.5  71.7  64.6  59.4  46.9  37.9
    1969  43.6  42.2  45.1  55.7  63.0  68.4  75.5  75.7  68.1  56.6  46.5  41.7
    1970  38.9  45.3  46.5  51.0  62.3  70.0  76.7  74.4  67.9  54.2  47.0  42.1
    1971  40.7  43.4  49.5  54.2  59.9  70.7  77.8  72.6  67.7  55.7  47.5  39.0
    1972  41.5  44.7  55.4  54.6  61.9  71.0  75.9  73.1  67.3  59.6  43.8  41.7
    1973  37.6  41.8  45.2  52.1  62.4  69.0  74.2  72.3  67.9  58.4  47.6  40.5
    1974  42.3  44.7  51.9  55.0  63.8  74.7  74.5  71.8  67.9  57.8  46.5  41.7
    1975  38.0  41.1  47.7  49.8  58.8  69.7  73.5  74.7  65.5  55.9  44.2  39.2
    1976  39.7  44.5  47.8  53.9  62.6  70.0  72.9  72.7  67.9  53.8  44.6  36.6
    1977  40.7  45.9  45.1  56.0  60.7  72.2  75.9  75.8  70.7  60.3  47.7  45.1
    1978  42.7  44.3  51.7  55.8  62.1  73.0  76.4  71.8  67.9  60.9  49.2  39.0
    1979  37.6  43.3  48.3  55.2  61.3  69.3  75.9  71.5  69.7  60.9  44.7  42.6
    1980  43.4  45.9  47.2  55.4  60.3  73.7  77.8  74.1  70.6  56.6  47.9  45.7
    1981  43.7  46.5  48.2  58.5  62.5  75.3  76.6  73.6  69.6  59.1  50.8  45.0
    1982  41.9  45.6  49.8  56.1  61.8  68.7  75.5  75.2  70.1  57.5  47.2  41.4
    1983  42.9  44.8  48.2  50.0  59.7  67.3  74.8  73.7  71.8  60.0  48.1  41.5
    1984  42.6  43.5  49.8  54.0  66.9  76.0  74.0  72.7  68.4  55.0  46.8  42.3
    1985  39.8  42.7  50.3  57.7  63.4  72.9  75.6  74.2  65.7  57.9  46.6  41.8
    1986  44.6  45.9  51.0  57.6  64.4  74.0  74.8  75.9  66.2  56.4  47.5  40.8
    1987  39.1  42.1  45.9  57.8  62.1  74.0  75.3  72.9  66.9  62.4  46.2  38.5
    1988  40.1  46.6  48.6  54.5  63.5  73.1  75.8  73.3  66.0  62.0  47.0  39.4
    1989  39.1  46.0  52.5  61.0  65.9  73.5  77.3  74.4  68.9  57.2  48.3  38.9
    1990  38.6  41.6  49.6  58.1  61.2  76.8  74.6  71.4  70.3  58.4  47.9  36.6
    1991  39.9  46.5  44.6  53.4  61.7  69.5  74.8  73.9  67.1  60.4  46.0  40.8
    1992  38.4  44.6  48.1  58.1  62.3  68.8  74.5  71.9  68.9  60.1  42.6  39.1
    1993  42.7  42.6  50.2  55.7  64.5  72.0  76.0  74.0  67.5  60.8  45.7  40.3
    1994  40.4  42.4  49.7  55.5  62.8  76.9  77.7  77.4  70.2  56.8  45.8  42.8
    1995  39.8  48.4  48.6  51.9  59.7  70.4  76.3  77.4  69.4  60.4  51.4  41.5
    1996  42.1  48.6  48.6  55.8  66.8  76.0  76.7  73.9  66.4  57.3  47.4  40.5
    1997  38.3  42.5  50.9  53.6  66.3  70.7  76.2  75.5  72.8  56.2  48.1  37.4
    1998  40.7  40.9  47.0  55.8  61.0  69.7  77.0  74.8  70.2  58.8  48.5  41.5
    1999  42.8  45.5  48.1  52.9  62.3  68.8  75.0  74.1  69.4  57.4  51.4  38.4
    2000  42.9  46.4  49.4  58.7  62.8  74.8  76.0  74.2  68.8  59.0  47.8  41.7
    2001  40.9  44.4  48.8  55.8  62.4  71.3  76.1  74.1  69.1  59.2  48.1  41.7
    2002  40.9  44.4  46.7  59.2  62.8  76.1  76.7  74.1  68.3  56.5  47.4  39.4
    2003  45.6  43.1  47.4  51.9  63.8  71.7  80.1  76.2  70.0  62.5  47.4  39.4
    2004  41.4  39.9  53.1  53.4  63.0  70.1  74.7  74.1  69.1  56.0  45.2  38.9
    2005  42.5  43.9  46.9  54.0  63.4  70.4  76.3  72.5  68.5  58.7  48.3  41.0
    2006  41.8  45.1  47.0  56.9  65.7  73.7  75.2  71.5  64.1  57.8  49.4  40.0
    2007  39.4  44.5  50.7  55.4  62.2  71.3  74.1  73.6  68.2  58.8  52.1  40.4
    2008  39.9  44.8  48.0  53.0  59.9  70.4  72.5  72.5  65.7  58.6  49.1  42.6
    2009  43.9  44.7  50.1  53.9  64.1  67.5  75.7  73.2  66.4  57.1  49.3  38.5
    2010  39.9  42.3  46.6  54.3  58.8  69.5  74.2  73.7  69.5  58.8  45.2  45.3
    2011  40.4  40.3  51.2  57.5  58.5  70.7  76.8  76.5  69.2  59.1  46.1  39.3
    2012  43.6  43.5  49.2  57.7  62.8  72.1  74.8  76.1  69.2  59.5  51.3  42.2
    2013  38.2  41.1  51.0  55.9  61.4  73.4  73.9  73.2  67.4  55.7  48.4  40.3
    2014  43.7  47.4  50.4  55.1  60.6  71.8  75.0  71.6  69.4  59.6  47.4  43.8
    2015  42.7  49.8  52.5  53.4  57.3  71.1  73.9  75.2  69.7  62.0  48.4  40.8
    2016  40.1  47.4  51.4  55.0  61.1  72.9  75.7  71.0  67.3  60.2  49.4  44.0
    2017  41.0  45.7  49.0  55.9  61.1  72.5  74.8  71.7  66.8  60.5  53.8  42.3
    2018  43.0  45.8  51.7  59.1  64.1  73.2  74.9  73.9  69.6  55.0  45.4  41.0
    2019  42.3  40.5  49.3  55.1  57.7  68.3  75.5  75.1  68.5  55.8  48.4  41.2
    2020  41.7  43.2  49.0  54.0  63.3  70.1  81.6  81.0  70.6  62.1  52.4  38.9
    2021  38.4  41.7  48.7  55.7  62.9  75.1  74.7  72.7  67.6  55.8  48.9  42.5
    2022  38.6  38.4  46.0  55.8  63.6  72.3  75.8  72.9  68.3  55.2  42.4  41.6
    2023  36.9  39.3  45.8  55.0  62.2  69.5  80.5  77.2  70.1  60.1  49.7  41.0
    2024  39.0  43.8  46.5  54.4  63.3  75.7  77.9  77.4  69.1  62.5  45.6  44.4
    1968       4      15       5       1      10      19      11       6
    1969       3      25       4      28      10      13      10      13
    1970       5       1       5       1      10       9      10      28
    1971       4      21       5       5      10      27      10      30
    1972       4      22       5      22      10      31      11       1
    1973       4       6       4      15      10      12      11       1
    1974       4      11       5      21      10      30      11       4
    1975       5       9       5      23      10      14      10      14
    1976       4      18       4      19      10      20      10      31
    1977       4       4       5       4      10      26      11       3
    1978       4       9       4      21      11      16      11      18
    1979       4      11       5      10      10      29      10      31
    1980       4      14       4      14      10      16      10      16
    1981       3      22       4      10      10      24      11       2
    1982       4       8       4      16      10      29      11       4
    1983       4      14       4      18      11      10      11      20
    1984       4      28       4      30      10      19      11       7
    1985       3      31       4      20      11       2      11      15
    1986       4       3       4       9      10      31      11       8
    1987       3      31       4       6      11       9      11      10
    1988       4       2       5       7      11      10      11      14
    1989       3      23       4      28      10      28      10      28
    1990       3      16       4       2      10      10      11       5
    1991       5       3       5       3      10      27      10      29
    1992       3      21       3      24      11       4      11       4
    1993       3      13       4      15      10      21      10      31
    1994       4      26       5       8      10       9      11       5
    1995       4      20       5       8      11       9      11      26
    1996       4      19       5       2      10      22      10      22
    1997       4      11       4      14      10      13      10      14
    1998       5      16       5      16      10       2      10       6
    1999       5       2       5       3      10      18      10      18
    2000       4       1       4       3      10      26      11       3
    2001       4      20       5       3      10      26      11       3
    2002       4      21       5       8      10       4      10      29
    2003       4      20       5      11      10      26      10      27
    2004       3       6       4      30      10      19      10      23
    2005       4      20       5      13      10      25      11       3
    2006       4       8       4      26      10      28      11       1
    2007       4      23       4      24      10      16      10      23
    2008       4      28       4      30      10      13      10      23
    2009       4      18       4      28      10       9      10      27
    2010       4      30       5      25      10      24      11       7
    2011       4      12       5      11      10       8      11       3
    2012       4      16       4      16      10      27      10      27
    2013       4      20       4      20      10      16      11       5
    2014       4      15       4      28      10      14      11      18
    2015       4      17       4      23      11       1      11      12
    2016       4       3       5       8      11       9      11      18
    2017       2      28       5      17      11       1      11      20
    2018       5       5       5       5      10      10      11      11
    2019       4      14       5      23      10      20      10      20
    2020       4      16       4      22      10      27      10      28
    2021       3      27       3      31      10      13      10      13
    2022       4      13       4      14      10      24      10      24
    2023       4       6       4      20      10      29      10      30
    2024       4       7       4      10      10      30      10      30
 5      UPPER GILA (USES GILA HOT SPRINGS STATION)
       1       1
   33.12
    1968  0.65  1.15  1.27  0.31  0.11  0.00  4.35  2.26  0.87  0.07  0.66  1.18
    1969  0.30  0.28  0.42  0.39  0.72  0.12  2.77  1.65  1.97  1.62  0.40  1.21
    1970  0.02  1.15  1.10  1.48  0.11  0.68  3.84  1.88  0.71  1.86  0.00  0.44
    1971  0.45  0.05  0.00  0.34  0.44  0.04  1.72  4.54  1.22  4.32  0.67  1.91
    1972  0.16  0.02  0.10  0.00  0.38  1.50  2.43  4.42  2.84  5.69  0.63  1.21
    1973  0.72  2.57  1.56  0.07  1.99  0.40  3.47  0.70  0.15  0.00  0.31  0.00
    1974  0.89  0.09  0.42  0.11  0.03  0.00  1.51  2.96  2.54  1.76  0.06  0.32
    1975  2.15  0.68  1.97  0.35  0.06  0.00  4.88  2.26  6.55  0.82  1.38  0.75
    1976  0.33  1.86  0.82  0.32  0.51  0.29  3.15  2.01  2.01  1.58  0.43  0.05
    1977  1.47  0.22  1.02  0.42  0.00  1.05  4.04  3.79  1.03  0.60  0.71  0.42
    1978  2.30  1.04  1.49  0.00  1.34  0.15  1.27  3.21  0.67  1.81  3.86  3.99
    1979  3.00  1.14  0.51  0.19  0.92  1.01  2.88  1.85  1.17  0.21  0.53  0.77
    1980  1.64  2.51  0.78  0.17  0.77  0.00  1.03  2.67  2.98  0.29  0.13  0.18
    1981  0.68  0.24  0.98  0.29  0.89  1.61  4.02  2.77  0.65  2.76  0.92  0.00
    1982  2.00  1.87  1.44  0.19  1.13  0.11  2.34  2.81  2.81  0.00  1.74  2.90
    1983  1.04  1.77  1.93  0.33  0.02  0.13  2.11  2.45  4.92  2.40  1.77  0.78
    1984  0.57  0.22  0.37  0.53  0.37  1.38  2.57  2.91  1.70  1.76  0.97  4.69
    1985  1.95  0.51  1.44  1.67  0.59  0.38  1.79  1.84  2.41  5.03  1.55  0.18
    1986  0.09  2.01  0.98  0.03  0.92  2.13  3.65  3.37  1.06  2.94  2.63  1.56
    1987  0.60  0.89  0.92  0.54  0.73  1.30  3.82  3.09  1.89  0.82  0.53  2.22
    1988  0.60  1.52  0.70  1.30  0.49  0.91  4.78  8.45  3.18  3.09  0.41  0.30
    1989  1.08  0.40  0.41  0.00  0.60  0.09  3.44  2.84  2.02  1.12  0.07  0.22
    1990  0.78  0.48  0.46  0.57  0.50  0.03  3.46  2.67  2.74  0.58  1.84  2.69
    1991  0.47  1.48  1.56  0.00  0.08  0.79  3.75  4.05  1.56  0.18  1.65  3.17
    1992  1.22  0.95  1.59  0.96  4.63  0.44  1.84  2.71  0.32  0.64  0.17  4.00
    1993  3.58  2.73  0.74  0.00  0.73  0.38  1.08  7.59  0.50  1.92  0.92  0.25
    1994  0.86  1.08  0.63  0.07  0.76  0.49  0.49  3.69  1.55  0.57  4.65  2.87
    1995  2.50  0.39  1.16  0.11  0.16  0.00  2.99  4.90  1.00  0.00  0.52  0.33
    1996  0.03  1.83  0.00  0.00  0.00  1.99  1.11  4.25  2.36  2.64  0.99  0.00
    1997  0.88  1.47  0.55  0.21  0.80  0.07  3.21  1.33  4.83  1.55  0.44  1.35
    1998  0.11  0.91  1.11  0.67  0.00  0.10  4.14  2.67  0.66  2.45  1.30  0.79
    1999  0.08  0.09  0.26  0.57  0.16  1.13  3.05  3.06  3.25  0.00  0.00  0.20
    2000  0.08  0.02  0.90  0.07  0.00  2.49  1.85  3.12  0.10  4.35  1.49  0.23
    2001  0.94  0.86  0.28  0.70  0.70  0.64  2.16  3.68  1.63  0.23  0.25  0.48
    2002  0.52  0.27  0.23  0.08  0.01  0.00  3.38  3.04  3.09  0.37  0.42  1.29
    2003  0.20  0.94  0.81  0.97  0.05  1.90  2.62  1.82  0.39  1.23  1.64  0.23
    2004  0.93  0.50  1.01  2.35  0.33  0.22  2.40  1.71  1.82  2.42  1.01  1.60
    2005  2.25  3.51  0.74  0.61  0.14  0.31  0.60  0.91  1.58  2.10  0.03  0.03
    2006  0.41  0.16  0.43  0.06  0.20  0.54  4.49  4.24  2.97  2.16  0.01  0.61
    2007  1.77  0.57  0.75  0.90  2.23  0.45  4.71  4.02  1.94  0.28  0.45  3.96
    2008  1.20  0.30  0.05  0.05  0.71  0.13  4.69  2.01  0.91  1.03  0.77  1.33
    2009  0.23  0.23  0.26  0.01  0.19  1.89  0.79  1.55  3.63  0.38  0.62  1.01
    2010  2.99  2.28  0.63  0.84  0.14  1.55  2.71  2.72  0.91  0.31  0.00  1.08
    2011  0.04  0.16  0.04  0.05  0.00  0.00  1.35  4.52  2.21  0.85  0.78  2.92
    2012  0.37  0.38  0.26  0.00  0.28  0.21  2.48  2.42  0.28  0.04  0.43  0.77
    2013  1.17  0.33  0.98  0.19  0.09  0.02  3.75  2.24  4.32  0.11  1.31  0.80
    2014  0.02  0.04  0.83  0.62  0.00  0.26  4.30  3.27  2.55  1.56  0.48  1.00
    2015  2.21  0.46  1.07  0.30  1.84  2.22  4.07  2.45  2.52  1.84  2.91  0.76
    2016  1.06  0.19  0.14  0.93  0.48  0.28  3.19  2.73  3.84  0.19  1.59  2.93
    2017  2.54  1.82  0.31  0.27  0.36  1.45  3.18  5.25  0.50  0.05  0.00  0.33
    2018  0.27  2.21  .015  0.00  0.00  1.04  3.09  2.57  1.78  3.03  0.70  0.81
    2019  1.08  0.58  1.46  0.49  0.75  0.00  3.19  3.01  1.52  0.57  4.17  1.16
    2020  0.86  1.96  1.68  0.00  0.20  0.22  3.46  0.63  0.81  0.39  1.00  0.82
    2021  0.97  0.76  0.37  0.16  0.00  0.25  3.60  4.20  4.12  0.27  0.21  0.81
    2022  0.71  0.01  0.30  0.00  0.00  4.11  3.99  6.33  1.59  4.34  0.01  2.41
    2023  1.05  1.13  0.76  0.00  1.63  0.16  0.87  1.74  1.92  0.32  0.61  1.23
    2024  1.47  2.55  1.03  0.18  0.15  2.48  2.93  2.75  0.44  0.41  0.53  0.03
   34.34   36.10
    1968  37.4  44.0  44.6  48.8  58.0  67.7  70.3  67.5  61.4  54.6  43.5  34.7
    1969  44.0  39.4  40.7  52.2  58.2  65.7  71.6  71.3  63.4  54.4  42.4  36.8
    1970  34.8  41.3  42.6  47.2  58.8  66.5  73.1  70.5  64.2  50.5  43.9  36.8
    1971  35.7  39.3  44.7  49.7  55.4  66.5  74.0  68.8  62.8  52.2  43.6  36.8
    1972  37.3  40.3  50.0  51.8  57.6  66.1  71.9  68.8  63.4  56.7  39.7  36.8
    1973  34.2  39.7  42.3  47.1  58.0  65.8  70.0  68.9  63.4  53.6  43.2  36.1
    1974  40.3  38.2  49.9  54.3  64.0  75.2  74.8  72.4  67.0  58.2  45.6  36.8
    1975  35.4  38.7  43.4  46.8  55.5  64.6  70.0  69.0  62.6  53.5  42.2  36.8
    1976  35.8  43.0  43.6  50.7  58.0  65.7  69.6  69.4  62.2  50.8  42.7  34.6
    1977  35.3  40.7  40.9  51.1  56.4  67.1  72.2  71.0  65.7  55.9  44.8  39.8
    1978  37.9  39.7  47.2  52.2  58.3  67.7  73.1  68.3  63.5  55.7  45.9  34.8
    1979  34.2  39.0  44.8  51.4  58.6  66.0  72.9  67.8  65.3  55.8  39.8  38.3
    1980  39.3  42.9  43.3  51.3  56.8  68.5  73.2  70.3  65.0  51.3  42.4  40.5
    1981  40.1  41.5  44.4  55.4  59.5  69.8  72.3  69.8  64.5  55.0  45.2  39.7
    1982  37.6  41.6  45.6  51.7  56.9  63.3  70.5  70.2  64.6  51.2  43.2  35.3
    1983  37.8  40.7  44.9  47.0  57.1  64.5  71.4  71.2  67.6  56.1  44.0  39.3
    1984  38.8  38.5  45.4  50.5  62.6  67.4  70.6  69.5  64.8  52.1  42.8  39.2
    1985  36.8  39.2  47.0  53.9  59.9  63.4  72.7  70.7  62.4  53.8  44.8  37.6
    1986  40.6  42.2  47.6  53.4  58.7  68.4  69.8  71.2  61.6  52.3  44.2  36.4
    1987  35.6  38.9  42.6  52.8  57.4  67.7  69.8  68.8  62.0  56.4  42.0  34.5
    1988  35.3  42.7  43.6  51.1  58.9  67.5  71.1  69.9  61.2  57.3  44.2  37.5
    1989  36.7  43.7  49.1  56.1  60.9  67.0  72.4  69.0  63.4  53.6  44.1  35.9
    1990  36.0  38.9  46.9  54.9  59.0  71.0  71.0  67.4  65.7  53.8  44.4  34.7
    1991  36.7  41.1  42.1  49.5  56.8  63.4  69.6  69.2  63.0  53.2  42.9  38.0
    1992  34.4  40.5  45.0  53.4  58.5  63.4  68.9  68.4  63.1  54.2  38.0  36.9
    1993  41.0  39.8  45.4  50.9  58.7  64.9  70.2  69.2  62.1  52.4  41.5  36.1
    1994  36.2  38.5  46.7  51.0  58.2  69.3  70.9  72.0  65.2  52.7  43.9  39.9
    1995  36.8  44.7  46.8  48.5  56.0  63.5  68.6  69.8  63.6  53.4  46.9  37.9
    1996  37.2  45.1  44.0  51.5  60.2  68.1  71.3  68.7  61.3  53.2  43.6  37.3
    1997  36.5  39.0  46.1  49.0  60.0  63.7  69.1  69.4  66.9  52.5  43.8  34.2
    1998  37.8  37.9  43.6  46.0  56.2  63.8  70.9  69.1  65.2  54.5  45.3  38.6
    1999  38.5  40.9  45.6  48.6  57.1  63.9  70.1  68.2  64.0  53.4  45.6  33.5
    2000  38.5  42.3  45.0  53.5  61.8  67.8  71.0  69.4  64.4  53.6  38.6  37.6
    2001  34.5  39.4  44.4  51.9  59.8  66.5  70.5  68.1  62.9  54.8  45.6  33.9
    2002  36.4  43.5  43.5  54.7  57.5  67.7  70.8  68.4  63.1  52.2  43.0  35.8
    2003  40.8  39.8  43.5  49.4  59.7  64.3  72.0  70.4  64.6  56.9  43.1  35.8
    2004  36.8  35.6  48.1  49.3  57.4  63.3  69.1  67.1  59.9  52.1  42.1  36.5
    2005  40.0  41.8  43.7  50.0  59.5  64.3  70.5  69.1  64.6  54.9  43.8  37.3
    2006  37.0  40.7  43.9  52.4  59.9  67.8  71.0  68.2  60.2  52.6  43.8  35.5
    2007  35.1  39.7  42.5  49.7  56.6  66.3  71.8  69.6  59.4  53.0  47.1  35.0
    2008  34.5  38.9  41.7  46.9  53.2  65.9  68.4  67.7  62.9  53.6  42.8  37.0
    2009  36.5  39.2  45.2  49.1  61.1  66.7  73.9  72.8  64.1  52.7  43.9  33.8
    2010  34.1  37.8  42.5  51.6  56.4  67.4  71.3  71.4  67.0  54.7  40.4  39.6
    2011  33.6  36.7  47.1  54.0  55.7  67.5  73.5  73.7  65.4  54.5  43.2  34.0
    2012  39.4  39.7  44.5  53.9  59.7  69.3  71.8  72.0  64.3  54.5  44.8  36.4
    2013  32.2  35.5  46.9  53.2  58.3  69.9  72.2  70.6  65.2  51.2  44.4  37.2
    2014  38.0  43.2  46.0  51.9  58.6  68.6  72.4  69.4  67.6  56.4  42.8  38.6
    2015  38.7  44.8  48.3  50.9  56.5  69.9  71.3  71.6  66.3  57.0  43.4  35.5
    2016  35.4  42.0  47.3  51.8  56.8  69.8  72.6  68.2  64.3  56.8  45.7  40.4
    2017  38.0  42.7  49.9  52.5  57.3  68.9  72.0  69.2  63.5  56.1  50.5  38.1
    2018  38.3  42.2  46.8  55.2  60.4  69.9  72.0  70.6  65.6  54.1  41.2  37.1
    2019  37.7  37.8  47.0  52.3  54.9  66.5  72.9  72.9  66.1  52.8  44.7  37.2
    2020  37.3  40.8  46.9  52.1  60.9  68.0  73.6  73.1  64.1  54.7  46.3  34.6
    2021  36.3  39.1  43.6  52.8  59.1  70.1  71.9  70.5  65.4  53.5  46.4  40.8
    2022  36.4  36.9  44.2  53.3  60.3  69.3  72.7  69.9  65.5  53.3  39.6  37.8
    2023  34.5  37.0  44.0  51.5  58.9  65.1  76.0  72.1  66.4  56.3  45.2  38.4
    2024  36.1  41.6  44.7  51.1  59.4  72.9  73.3  72.7  64.8  58.3  42.6  40.0
    1968       4      28       5      18       9      24      10      16
    1969       5      17       5      17      10       6      10       7
    1970       5       4       5      18       9      23      10       9
    1971       5      20       6       5       9      22      10      20
    1972       5      26       5      27      10      22      11       1
    1973       5       3       5       8       9      28      10      11
    1974       5      21       6       9      10      16      11       1
    1975       5      23       5      25      10       5      10      14
    1976       5       2       5      31      10       6      10       7
    1977       5      21       5      23      10      13      10      15
    1978       5       8       5      27      10      11      10      29
    1979       5      11       5      13      10       6      10      22
    1980       5      27       6       4      10      16      10      16
    1981       4      10       5      18      10      17      10      17
    1982       5      13       6       4       9      29      10       2
    1983       5      18       5      21      10      12      11       9
    1984       4      30       5       8      10      19       9      28
    1985       5      14       5      15       9      30      11       2
    1986       5      10       5      18       9      30      10      13
    1987       4      15       5      29      10       6      10      20
    1988       5       9       6       8      10      27      11      10
    1989       4      30       5      15       9      28      10      19
    1990       4      20       5      20      10       9      10       9
    1991       5       5       6       3      10       6      10      26
    1992       4      21       4      24       9      30      10       3
    1993       5       2       5      10       9      19      10      21
    1994       4      30       5      21      10       8      10       8
    1995       5       8       5      25      10       3      10       5
    1996       4      30       5      27      10      18      10      22
    1997       4      28       5       3      10      12      10      13
    1998       5      16       5      24      10       2      10       6
    1999       5       7       6       7      10       3      10      18
    2000       4      20       5      18       9      25      10      30
    2001       4      24       5       7      10      11      10      11
    2002       5       7       5      25      10       4      10       4
    2003       5      12       5      12      10      19      10      23
    2004       5      14       6      12       9      23      10      23
    2005       5      13       5      13       9      15      10      30
    2006       4      30       5       8       9      29      10      19
    2007       5       7       6      28       9      14       9      26
    2008       5      23       6       3      10       2      10      13
    2009       5       1       5       1      10       2      10       9
    2010       5      25       5      26       9      11       9      11
    2011       5      20       5      31      10       8      10       8
    2012       5      28       5      31      10       8      10      13
    2013       5       4       5      28       9      28      10       6
    2014       5      15       5      16      10       3      10      30
    2015       5      10       5      24      10      24      11       1
    2016       5       8       5      29      10       5      10      21
    2017       5      17       5      28       9      25      10       7
    2018       5       3       5      28      10       6      10       9
    2019       5      24       5      31      10       2      10       2
    2020       5      21       6       9       9      30      10       6
    2021       5      24       5      25      10      11      10      13
    2022       4      14       4      15      10      19      10      20
    2023       4       8       4      21      10      28      10      30
    2024       4       7       4      17      10      21      10      30
 6      CLIFF-GILA-BUCKHORN-DUCK CREEK (USES CLIFF 11 SE OR BUCKHORN STATION)
       1       1
   32.50
    1968  0.70  1.32  1.66  0.05  0.09  0.01  2.87  3.45  0.43  0.36  1.12  1.20
    1969  0.33  0.24  0.44  0.08  0.50  0.06  5.23  4.89  1.25  1.22  0.44  1.00
    1970  0.03  1.25  1.16  0.50  0.00  0.52  2.32  1.95  1.14  0.93  0.00  0.51
    1971  0.57  0.55  0.00  0.64  0.00  0.18  2.58  1.93  2.21  3.26  0.70  1.81
    1972  0.12  0.00  0.05  0.00  0.24  0.74  2.60  3.93  2.22  5.33  0.79  1.00
    1973  0.88  2.09  1.77  0.07  1.04  0.37  3.64  0.68  0.33  0.14  0.33  0.00
    1974  0.89  0.09  0.42  0.11  0.03  0.00  1.51  2.96  2.54  1.76  0.06  0.32
    1975  1.60  0.22  1.66  0.32  0.00  0.00  3.82  3.91  7.00  0.68  1.14  0.62
    1976  0.57  1.43  0.40  0.25  0.32  0.06  2.57  0.44  1.94  1.96  0.34  0.04
    1977  2.07  0.14  0.78  0.24  0.00  0.86  2.91  2.77  1.70  0.82  0.57  0.87
    1978  2.44  1.18  1.54  0.03  0.29  0.15  0.52  2.94  1.31  2.07  1.79  2.56
    1979  2.14  1.27  0.50  0.88  0.86  0.85  3.16  3.90  0.61  0.08  0.13  0.66
    1980  1.12  2.92  0.67  0.18  0.19  0.00  1.20  2.05  2.03  0.06  0.20  0.17
    1981  0.56  0.71  1.32  0.07  0.48  0.67  4.45  2.68  0.47  1.19  0.81  0.02
    1982  2.00  0.87  1.15  0.14  1.03  0.26  1.82  1.78  1.49  0.00  1.45  1.86
    1983  1.31  2.22  1.62  0.36  0.14  0.06  1.76  3.28  3.53  3.86  2.05  0.50
    1984  0.57  0.00  0.21  0.81  0.15  1.57  1.52  6.11  1.30  2.09  1.17  3.00
    1985  2.78  0.96  1.03  1.45  0.59  0.26  1.68  1.17  1.94  5.33  1.61  0.30
    1986  0.02  2.01  1.98  0.07  0.59  1.20  4.40  4.39  1.26  1.75  0.85  2.63
    1987  0.39  0.68  0.74  0.28  0.49  0.55  3.84  4.79  1.43  1.01  0.43  1.53
    1988  1.00  1.16  0.64  1.86  0.04  0.43  4.93  4.51  3.11  1.30  1.12  0.46
    1989  1.22  0.85  0.40  0.03  0.39  0.08  3.12  1.38  1.01  0.87  0.06  0.15
    1990  0.77  1.02  0.79  0.31  0.66  0.41  5.42  1.86  1.85  1.21  2.02  3.22
    1991  0.98  2.04  2.54  0.00  0.08  0.19  3.80  3.15  2.29  0.56  0.79  3.96
    1992  1.55  1.21  1.52  1.10  3.64  0.30  1.26  3.14  1.03  1.53  0.04  4.58
    1993  5.40  2.49  0.61  0.00  0.09  0.06  1.22  4.64  0.57  1.45  0.80  0.34
    1994  0.27  1.22  1.25  0.48  0.92  0.26  0.93  0.96  2.04  0.70  4.19  3.63
    1995  0.97  1.10  0.66  0.15  0.00  0.05  0.92  1.18  1.48  0.00  0.41  0.80
    1996  0.11  1.44  0.04  0.10  0.00  2.23  3.45  4.49  2.93  2.03  0.99  0.00
    1997  1.37  1.72  0.11  0.27  2.54  0.19  2.55  2.42  4.48  1.88  1.02  2.10
    1998  0.29  1.79  1.27  0.17  0.00  0.00  5.60  1.03  1.09  1.42  1.02  0.49
    1999  0.11  0.00  0.35  0.39  0.08  0.93  5.09  1.88  1.85  0.00  0.00  0.07
    2000  0.06  0.07  0.80  0.03  0.00  2.19  1.63  2.54  0.04  3.20  2.14  0.18
    2001  0.74  0.84  0.08  0.68  0.34  0.74  1.70  5.13  0.84  0.00  0.28  0.67
    2002  0.38  0.51  0.00  0.00  0.00  0.14  3.10  1.50  3.36  1.00  0.22  1.73
    2003  0.19  0.43  0.96  0.19  0.00  0.18  1.96  0.60  0.14  0.47  1.58  0.23
    2004  1.47  1.15  1.17  2.44  0.31  0.54  1.82  2.79  2.84  1.12  0.91  1.32
    2005  2.66  3.95  0.52  0.40  0.79  0.01  1.73  1.01  1.62  1.06  0.00  0.21
    2006  0.52  0.16  0.39  0.37  0.07  0.95  4.49  6.23  1.62  2.63  0.09  0.82
    2007  2.11  0.66  1.17  0.59  1.69  0.27  2.18  2.39  3.44  0.14  0.58  1.86
    2008  1.04  0.33  0.00  0.04  0.73  0.67  2.73  3.90  2.57  1.03  0.77  1.33
    2009  0.23  0.23  0.26  0.01  0.19  1.89  0.79  1.55  3.63  0.38  0.62  1.01
    2010  2.99  2.28  0.63  0.57  0.16  2.07  3.46  3.08  1.36  1.13  0.00  1.48
    2011  0.07  0.14  0.08  0.06  0.00  0.06  1.37  3.20  1.46  0.37  0.71  2.98
    2012  0.29  0.65  0.46  0.00  0.00  0.16  1.73  2.15  0.28  0.00  0.38  0.00
    2013  0.79  0.05  0.52  0.37  0.20  0.78  6.32  2.57  5.44  0.00  1.72  0.51
    2014  0.00  0.08  0.99  0.08  0.00  0.00  2.55  1.84  7.35  1.19  0.57  1.26
    2015  2.19  0.19  0.94  0.47  0.86  1.08  2.83  1.45  0.70  0.81  2.00  1.13
    2016  1.22  0.29  0.00  0.40  0.95  0.21  3.76  2.39  2.86  0.05  0.39  2.35
    2017  3.35  1.14  0.03  0.02  0.12  1.19  1.60  2.58  0.19  0.00  0.01  0.48
    2018  0.45  2.49  0.16  0.00  0.00  0.76  2.55  2.97  1.44  2.23  0.01  1.74
    2019  1.01  1.79  0.91  0.62  0.37  0.37  1.69  0.79  1.64  0.12  3.66  2.62
    2020  0.84  1.48  1.24  0.02  0.09  0.73  2.97  1.30  1.35  0.70  0.27  0.60
    2021  1.16  0.47  0.43  0.00  0.00  0.89  4.48  4.44  4.24  0.30  0.10  1.17
    2022  1.23  0.37  0.61  0.00  0.00  4.41  1.71  5.09  2.51  3.91  0.19  1.90
    2023  1.13  0.54  0.73  0.00  0.88  0.01  0.66  0.73  2.76  0.43  0.27  1.40
    2024  1.86  2.21  1.52  0.14  0.00  0.88  3.45  1.24  0.59  0.24  0.32  0.00
   35.29   36.10
    1968  39.5  45.3  47.1  51.6  61.1  72.4  75.0  70.9  66.0  58.5  45.3  36.8
    1969  42.8  44.3  43.9  55.6  63.3  70.6  76.7  76.6  68.5  56.0  45.0  38.9
    1970  36.1  43.5  45.5  49.8  63.1  72.6  76.9  75.6  68.3  52.7  45.7  38.9
    1971  37.1  44.3  47.6  53.5  60.0  71.2  78.4  73.3  68.6  56.0  46.5  38.8
    1972  39.4  41.6  52.4  54.0  61.2  71.2  76.9  73.0  67.4  59.8  42.1  38.9
    1973  36.1  44.2  44.8  49.8  61.8  70.5  74.7  73.6  67.5  56.9  45.7  37.3
    1974  40.3  38.2  49.9  54.3  64.0  75.2  74.8  72.4  67.0  58.2  45.6  36.8
    1975  38.0  41.1  46.4  49.8  58.8  69.7  74.7  74.7  65.5  55.9  44.2  39.2
    1976  37.0  44.5  46.0  53.2  62.2  70.3  74.1  73.4  66.6  53.8  44.6  36.6
    1977  38.9  42.3  47.4  54.5  60.6  71.8  76.6  76.1  69.7  59.8  47.9  42.0
    1978  40.3  42.1  50.3  54.7  62.5  73.7  78.4  73.5  67.9  59.9  49.4  37.3
    1979  36.8  42.0  46.6  54.1  61.2  69.7  77.5  71.8  68.5  59.3  42.8  40.9
    1980  42.7  44.6  46.4  53.7  60.0  74.4  78.9  74.6  69.2  54.3  45.2  43.0
    1981  43.0  44.9  47.5  58.4  64.2  75.0  75.5  72.7  68.8  57.9  47.4  41.2
    1982  39.9  43.8  47.4  54.6  60.7  68.4  75.2  74.0  67.5  53.1  44.4  39.7
    1983  40.0  42.9  47.1  48.4  60.0  68.5  75.3  75.4  71.2  58.9  46.0  39.6
    1984  39.7  38.8  46.4  52.3  67.0  72.9  76.6  72.6  69.4  56.0  48.5  43.9
    1985  38.5  41.6  49.5  57.1  63.7  73.5  76.7  75.4  66.6  57.8  47.2  39.9
    1986  42.7  45.7  50.7  57.0  63.9  72.8  74.8  75.4  66.5  55.7  44.9  36.8
    1987  37.2  39.9  43.7  54.5  59.5  69.8  71.8  71.8  64.8  59.8  43.7  35.9
    1988  37.7  43.6  45.2  53.1  60.3  71.0  73.6  72.0  64.1  59.3  45.1  37.8
    1989  37.8  44.8  50.2  58.1  63.3  70.3  75.9  72.5  67.1  56.2  45.8  35.6
    1990  37.3  39.8  48.4  56.3  60.1  74.5  73.3  70.0  69.8  56.1  46.5  33.6
    1991  38.0  43.6  43.3  50.9  59.0  66.0  72.7  72.0  65.5  57.1  43.4  36.7
    1992  35.5  42.5  46.4  55.4  60.9  66.4  73.4  71.7  67.0  57.5  39.7  38.6
    1993  42.3  41.0  48.0  52.8  61.8  69.9  74.3  72.8  66.2  55.6  43.5  38.0
    1994  37.7  40.9  49.2  54.2  62.5  74.8  76.2  76.6  69.0  56.1  44.2  41.8
    1995  38.8  46.2  47.5  49.9  58.0  67.9  73.8  75.9  68.3  56.9  48.6  39.7
    1996  38.2  47.3  46.3  54.5  63.8  73.3  75.3  72.3  64.0  55.5  45.4  37.5
    1997  37.6  40.5  47.8  51.4  63.5  68.0  74.3  72.8  70.4  54.9  45.2  35.6
    1998  38.0  39.4  44.9  48.1  58.6  66.6  75.1  73.3  69.2  56.4  45.7  38.8
    1999  39.0  41.4  47.8  50.8  61.2  68.9  74.1  73.8  67.9  55.4  46.3  35.0
    2000  39.5  42.7  47.0  56.6  65.5  72.5  75.4  72.6  68.7  56.0  39.9  37.8
    2001  36.2  39.8  46.6  53.3  63.3  71.0  74.6  72.4  66.6  58.4  48.3  35.6
    2002  36.6  39.9  44.2  58.4  61.1  73.1  74.9  72.6  67.6  55.4  44.7  36.9
    2003  42.0  42.0  45.2  51.4  62.6  70.2  77.5  75.0  69.8  60.5  45.8  36.8
    2004  39.7  37.7  51.5  52.0  61.8  68.2  72.3  70.3  63.5  54.2  43.4  36.4
    2005  40.8  42.7  45.3  52.0  61.9  68.8  74.5  72.6  68.6  57.2  45.9  37.6
    2006  38.3  41.7  46.0  55.2  64.2  72.7  74.2  70.2  62.6  55.0  49.4  36.8
    2007  35.9  41.5  47.8  53.0  62.2  69.8  73.7  74.0  67.6  56.2  47.7  36.8
    2008  36.0  41.2  44.6  50.2  59.5  69.7  73.2  72.4  64.9  55.6  44.8  39.0
    2009  38.5  41.2  47.2  51.1  63.1  68.7  75.9  74.8  66.1  54.7  45.9  35.8
    2010  36.1  39.8  44.5  52.9  57.8  69.5  74.1  72.1  68.8  56.6  40.4  39.5
    2011  34.4  36.8  48.0  54.6  57.8  69.9  76.2  76.5  70.3  56.4  43.9  35.5
    2012  38.6  40.6  45.4  55.0  63.0  71.9  75.1  74.4  66.3  56.4  47.3  42.2
    2013  38.2  41.1  51.0  55.9  61.4  73.4  73.9  73.2  67.4  55.7  48.4  40.3
    2014  43.7  47.4  50.4  55.1  60.6  71.8  75.0  71.6  69.4  58.0  43.6  39.8
    2015  38.2  46.0  50.3  53.2  59.1  72.7  74.3  75.1  69.1  59.5  44.4  36.6
    2016  36.3  43.5  49.0  53.2  60.1  74.0  76.1  71.6  66.3  58.9  47.0  41.1
    2017  39.4  43.8  51.7  54.1  61.1  72.4  74.3  72.1  66.8  58.5  51.1  39.1
    2018  39.1  43.9  48.5  57.7  63.1  73.2  75.6  73.8  69.6  56.2  42.7  38.9
    2019  38.5  40.1  47.6  54.1  57.0  69.1  75.8  76.4  69.1  55.0  46.8  38.8
    2020  39.0  41.3  49.2  54.3  64.5  70.9  77.3  77.0  66.4  58.4  48.1  35.9
    2021  37.1  40.3  44.9  55.7  62.3  74.8  73.6  72.1  67.6  54.6  47.0  40.9
    2022  37.6  38.1  45.8  55.9  62.3  72.6  75.1  72.3  67.0  53.9  40.8  38.4
    2023  38.2  41.5  48.4  56.2  63.6  70.8  81.6  77.9  72.0  61.5  49.5  42.0
    2024  40.5  46.0  49.1  56.0  64.9  76.8  79.0  78.5  69.7  61.7  44.7  43.9
    1968       4      25       5      18      10      16      10      17
    1969       4      28       5       1      10      13      10      13
    1970       5       1       5       8       9      23      10      27
    1971       4      21       5      23      10      17      10      27
    1972       4      28       5      12      10      29      11       1
    1973       5       2       5       2       9      28      10      11
    1974       5      21       5      21      11       1      11       1
    1975       5       9       5      23      10      14      10      14
    1976       4      20       5       2      10       9      10       9
    1977       4      22       5      19      10      24      11       2
    1978       4      23       5       8      10      29      11      16
    1979       5      11       5      11      10      22      10      22
    1980       4      15       5      25      10      16      10      16
    1981       4       5       4      10      10      17      10      17
    1982       4      24       4      26       9      29      10       2
    1983       4      16       5      21      11       9      11      10
    1984       4      22       4      30      10      19      11       1
    1985       5      14       5      15      11       2      11       7
    1986       4      20       5      11      10      14      11       8
    1987       4      15       4      23      11       7      11      10
    1988       5       8       5      31      11       3      11      11
    1989       4      28       5      13      10      27      10      27
    1990       4       4       4      21      10      10      10      21
    1991       5       6       5       6      10      26      10      29
    1992       4      21       4      22      10       3      10       8
    1993       4      20       5       2      10      20      10      22
    1994       4      28       4      30      10      10      10      11
    1995       5       8       5       9      10       6      10      26
    1996       4      15       4      30      10      22      10      22
    1997       4      25       5       3      10      13      10      13
    1998       5      16       5      16      10       6      10       6
    1999       5       2       6       5      10      11      10      18
    2000       4       3       4      23      10      29      11       1
    2001       5       5       5       6      10      11      10      11
    2002       4      22       5       7      10       4      10       4
    2003       5      11       5      12      10      23      10      26
    2004       5       1       5      14      10      19      10      23
    2005       5      13       5      13      10      11      10      30
    2006       4       9       4      26      10      16      10      19
    2007       4      24       4      25      10       8      10      18
    2008       5       3       5      14      10      13      10      13
    2009       5       1       5       1      10       2      10       9
    2010       5      13       5      25      10       9      10      24
    2011       5      11       5      20      10       8      10       8
    2012       4      17       5      28      10       4      10       4
    2013       4      20       4      20      10      16      11       5
    2014       4      15       4      28      10      14      11       5
    2015       5      10       5      10      10      31      11       1
    2016       4      27       5       9      10      14      11      11
    2017       4      30       5      20      10       7      10       8
    2018       5       3       5       4      10      10      10      10
    2019       5      21       5      24      10      11      10      21
    2020       4      16       5      22      10      20      10      29
    2021       4       7       5      24      10      11      10      13
    2022       5      13       5      14      10      20      10      25
    2023       4       6       4      20      10      30      10      30
    2024       4       7       4       7      10      20      10      21
 7      REDROCK (USES REDROCK STATION)
       1       1
   32.42
    1968  0.85  1.68  2.03  0.04  0.06  0.29  3.91  2.43  0.30  0.05  1.55  0.82
    1969  0.47  0.54  0.39  0.06  0.50  0.00  3.68  1.04  1.13  0.91  0.37  0.97
    1970  0.00  1.08  1.20  0.20  0.06  0.71  2.51  1.15  1.45  0.46  0.00  0.59
    1971  0.35  0.47  0.00  0.34  0.00  0.28  1.11  2.25  3.53  2.19  0.39  0.99
    1972  0.05  0.00  0.00  0.00  1.54  0.48  2.69  2.17  3.06  5.60  0.46  0.97
    1973  0.73  2.20  1.35  0.00  0.75  0.88  2.29  0.76  0.05  0.00  0.41  0.00
    1974  0.90  0.08  0.26  0.04  0.03  0.50  1.34  5.73  1.84  2.05  0.07  0.10
    1975  0.92  0.14  1.46  0.15  0.00  0.00  2.55  0.28  4.16  1.21  0.49  0.62
    1976  0.80  1.08  0.28  0.21  0.15  0.19  2.51  0.49  2.17  1.60  0.19  0.14
    1977  1.76  0.10  0.75  0.13  0.00  1.01  4.07  5.88  0.95  0.62  0.28  0.94
    1978  2.81  1.06  1.16  0.00  0.22  0.27  2.09  1.60  0.92  2.14  1.49  2.78
    1979  1.70  0.81  0.46  0.27  0.20  1.15  2.95  2.85  0.71  0.17  0.26  0.65
    1980  0.72  2.55  0.75  0.08  0.33  0.03  1.20  3.39  5.13  0.08  0.16  0.06
    1981  0.61  0.44  1.19  0.10  1.03  0.51  3.38  1.63  0.38  0.95  0.61  0.02
    1982  1.38  1.05  0.74  0.12  0.43  0.13  1.76  3.09  2.15  0.01  1.24  2.02
    1983  1.26  1.58  1.77  0.03  0.07  0.06  4.29  1.90  2.03  3.34  1.92  1.04
    1984  0.64  0.00  0.05  0.56  0.07  1.09  1.15  5.37  0.79  2.01  0.75  2.37
    1985  1.52  0.63  0.72  0.88  0.25  0.07  4.41  2.38  3.21  5.33  1.39  0.52
    1986  0.10  1.42  1.80  0.00  0.27  0.97  2.20  2.11  1.29  1.36  1.49  3.14
    1987  0.36  0.54  0.42  0.29  0.76  0.86  4.31  3.98  1.14  0.77  0.31  1.73
    1988  1.02  1.19  0.51  1.96  0.00  0.18  1.80  4.56  1.77  1.02  0.88  0.21
    1989  0.72  0.35  0.36  0.10  0.47  0.00  1.31  0.87  0.37  0.58  0.00  0.15
    1990  0.79  0.82  0.19  0.15  0.47  0.18  4.41  2.92  1.81  0.94  2.18  2.54
    1991  0.74  2.10  1.71  0.00  0.02  0.12  3.25  1.77  1.55  0.50  0.61  4.47
    1992  1.28  0.90  1.66  0.92  3.53  0.41  1.28  2.80  0.37  0.92  0.05  3.68
    1993  4.56  1.31  0.51  0.00  0.08  0.00  0.48  3.36  0.22  1.56  0.82  0.38
    1994  0.30  0.62  0.71  0.15  0.71  0.26  2.70  2.48  0.38  0.71  2.79  2.62
    1995  1.77  1.16  0.41  0.07  0.09  0.23  0.46  1.17  0.96  0.00  0.37  0.47
    1996  0.01  0.94  0.00  0.24  0.00  0.52  2.41  4.28  3.48  1.96  0.65  0.00
    1997  1.32  1.42  0.35  0.12  1.89  0.75  1.25  1.68  2.50  1.46  1.19  2.02
    1998  0.17  1.82  1.29  0.08  0.00  0.14  3.19  1.41  1.36  1.25  0.74  0.33
    1999  0.11  0.00  0.17  0.17  0.05  0.45  4.56  3.13  1.68  0.02  0.00  0.00
    2000  0.07  0.05  0.58  0.00  0.00  3.29  0.65  2.34  0.00  3.29  1.79  0.33
    2001  1.20  0.49  0.27  0.66  0.38  0.28  1.64  2.07  1.51  0.63  0.27  0.65
    2002  0.40  0.44  0.03  0.05  0.00  0.19  2.74  3.81  3.18  1.82  0.24  1.52
    2003  0.08  0.44  0.50  0.03  0.02  0.25  0.44  0.90  0.15  0.25  1.29  0.15
    2004  1.49  0.51  1.59  1.51  0.34  0.02  1.42  1.65  2.27  0.75  0.91  0.79
    2005  2.41  2.92  0.51  0.37  0.55  0.00  2.09  0.84  1.36  1.39  0.00  0.17
    2006  0.14  0.11  0.22  0.05  0.45  0.88  3.90  4.63  2.13  3.65  0.00  0.42
    2007  1.26  0.60  1.41  0.43  1.14  0.40  2.23  2.64  1.39  0.30  0.31  1.23
    2008  0.52  0.29  0.00  0.02  0.32  0.10  5.12  3.20  2.97  1.08  0.81  1.01
    2009  0.12  0.06  0.20  0.02  0.04  0.74  0.93  0.66  2.57  0.73  0.41  0.69
    2010  2.49  1.25  0.45  0.16  0.16  0.51  5.18  2.48  2.12  0.13  0.04  0.77
    2011  0.00  0.24  0.00  0.00  0.00  0.00  1.18  0.93  0.68  0.63  0.38  1.64
    2012  0.12  0.69  0.25  0.00  0.00  0.06  1.26  1.62  1.55  0.01  0.44  0.26
    2013  0.67  0.17  0.28  0.00  0.10  0.00  3.92  2.59  2.35  0.05  0.49  0.82
    2014  0.00  0.00  0.86  0.23  0.01  0.37  2.22  3.62  2.62  0.85  0.55  0.76
    2015  2.51  0.08  0.60  0.33  0.88  1.39  3.09  2.24  0.71  0.87  1.66  0.84
    2016  1.20  0.25  0.00  0.20  0.44  0.23  2.62  2.31  3.45  0.29  0.42  2.11
    2017  2.82  0.82  0.12  0.00  0.23  0.45  6.21  1.18  0.02  0.00  0.08  0.46
    2018  0.21  1.98  0.21  0.00  0.00  0.51  4.91  1.29  1.90  3.09  0.08  1.64
    2019  0.88  1.11  0.62  0.47  0.99  0.14  1.29  0.89  2.69  0.00  3.02  2.08
    2020  0.85  1.55  1.56  0.00  0.07  0.21  0.77  0.37  0.08  0.44  0.01  0.51
    2021  0.83  0.47  0.04  0.02  0.02  0.20  2.87  4.35  2.68  0.14  0.08  0.77
    2022  0.63  0.18  0.45  0.00  0.00  1.84  0.61  4.27  1.40  2.77  0.05  1.70
    2023  1.12  0.40  0.22  0.00  0.27  0.00  0.43  1.47  1.35  0.33  0.09  1.20
    2024  1.79  1.62  0.65  0.15  0.00  0.54  1.92  1.26  0.29  0.03  0.32  0.00
   38.87   40.40
    1968  41.9  49.4  50.9  54.8  63.5  73.1  75.9  73.1  68.9  60.8  47.6  38.6
    1969  44.6  44.2  46.4  57.9  65.6  72.2  79.2  80.7  72.1  58.1  47.9  41.6
    1970  39.3  45.7  48.1  52.9  65.3  73.7  79.6  77.7  69.8  55.2  47.1  41.6
    1971  41.2  43.5  50.2  56.2  61.0  71.9  80.3  76.1  70.9  58.2  48.5  40.8
    1972  41.3  44.8  55.9  56.5  63.9  73.6  79.3  76.1  70.6  61.9  44.9  41.6
    1973  39.2  44.5  47.2  53.0  65.3  73.1  78.2  77.4  70.3  60.4  48.3  39.7
    1974  42.6  41.2  52.7  57.0  65.8  77.7  77.0  74.4  69.0  60.0  47.0  37.3
    1975  40.7  43.5  49.3  52.6  62.6  72.2  77.9  78.9  69.6  58.5  47.7  43.1
    1976  40.8  49.0  50.0  56.8  64.9  73.7  77.6  77.7  70.0  56.5  46.9  38.9
    1977  41.7  47.5  46.5  58.4  63.2  75.1  79.9  78.3  72.4  62.5  50.1  44.2
    1978  43.5  45.2  53.5  57.6  64.4  75.1  80.6  76.1  70.6  62.8  51.4  39.5
    1979  39.9  46.1  50.2  57.5  65.1  74.4  79.6  74.8  74.3  61.9  45.0  42.9
    1980  44.4  48.0  49.3  57.6  63.3  77.0  82.7  77.7  72.0  57.8  47.7  45.6
    1981  45.1  48.0  50.1  61.6  66.2  77.2  80.4  77.9  72.6  59.9  50.3  44.4
    1982  42.1  47.3  50.8  57.7  64.0  70.8  79.3  78.6  72.5  57.6  47.8  41.4
    1983  42.3  45.7  49.8  51.6  63.4  70.7  78.3  78.5  75.4  61.8  48.5  42.2
    1984  42.5  42.9  50.1  55.3  69.3  74.9  79.2  75.9  72.4  57.9  47.7  44.3
    1985  40.1  44.2  52.2  59.5  66.6  76.5  79.8  77.4  68.7  60.4  49.1  42.9
    1986  44.9  47.7  54.0  58.4  64.6  74.8  76.1  77.8  68.0  58.7  48.7  42.7
    1987  41.6  43.9  49.0  59.7  64.9  74.6  76.9  76.3  69.6  65.4  48.5  41.2
    1988  40.9  47.8  50.3  57.9  66.0  76.4  80.2  77.4  69.8  64.4  48.5  40.2
    1989  41.9  47.2  53.6  61.3  66.2  73.0  78.6  75.7  70.9  58.9  48.9  38.8
    1990  40.5  43.9  52.1  59.8  63.5  77.7  77.0  72.7  72.0  59.0  49.9  38.8
    1991  41.1  47.7  47.7  55.0  62.2  69.7  76.5  76.4  69.2  60.2  46.1  43.2
    1992  39.7  46.2  50.7  58.6  65.1  70.1  76.3  75.4  70.4  61.1  43.7  42.1
    1993  45.1  45.2  51.1  56.5  65.8  73.1  77.2  77.0  69.9  58.6  46.2  41.6
    1994  40.9  44.3  52.6  57.5  64.8  77.7  78.1  78.8  71.1  58.1  47.3  44.3
    1995  41.5  49.4  50.4  52.9  61 0  70.2  77.1  79.3  71.5  59.6  51.7  42.6
    1996  41.1  50.5  49.2  58.0  66.8  76.5  80.3  77.1  68.2  59.1  49.9  41.3
    1997  42.1  44.4  52.9  55.9  67.9  71.0  77.8  77.3  75.8  58.8  49.1  39.5
    1998  41.3  42.2  48.7  52.6  62.8  70.7  79.7  78.1  74.1  60.9  50.5  43.1
    1999  43.2  45.7  51.8  54.7  64.8  72.6  77.2  76.1  72.0  60.7  52.4  38.9
    2000  43.0  47.1  51.0  60.7  68.8  76.3  79.8  76.9  73.4  60.1  52.3  38.9
    2001  39.8  44.6  49.9  58.2  67.8  75.6  79.9  76.8  72.5  62.0  52.3  40.2
    2002  41.2  44.1  48.3  61.6  64.0  76.4  79.6  76.5  72.4  59.9  49.3  41.0
    2003  47.1  45.5  49.6  55.9  66.2  73.4  81.7  79.6  73.9  65.0  49.3  40.8
    2004  43.6  42.9  56.2  57.2  65.6  72.2  77.5  75.3  68.9  59.4  47.0  40.4
    2005  45.5  47.0  49.8  56.6  66.5  73.3  79.9  77.0  72.8  61.5  50.5  42.2
    2006  41.9  46.4  50.2  59.5  67.5  77.3  79.5  74.7  66.9  59.7  50.2  39.8
    2007  38.9  44.8  51.9  57.9  65.2  74.2  78.4  78.3  72.2  60.9  52.6  40.3
    2008  40.5  46.1  49.3  55.8  63.6  74.1  76.5  75.6  69.5  60.2  49.3  42.7
    2009  43.2  45.8  51.6  55.6  67.1  71.4  80.7  76.0  71.0  58.7  50.9  39.9
    2010  40.4  42.6  49.9  56.2  61.9  73.3  77.8  76.8  70.4  59.6  44.2  44.2
    2011  39.5  41.4  52.2  59.2  61.7  73.7  80.7  82.0  73.3  60.8  47.6  40.1
    2012  43.1  45.2  50.1  59.2  65.8  75.8  79.1  79.5  70.9  59.7  52.3  42.0
    2013  38.4  40.7  52.9  57.5  64.6  76.5  78.5  77.9  71.9  57.0  50.5  41.4
    2014  42.5  48.0  52.3  57.7  64.2  74.6  80.3  76.0  72.6  62.4  48.7  45.2
    2015  43.9  50.7  55.5  57.2  63.0  77.5  78.9  79.3  73.5  63.9  49.3  40.8
    2016  39.7  51.7  52.9  57.7  63.1  78.6  80.8  75.9  71.2  64.0  53.0  45.5
    2017  43.2  48.8  56.3  58.1  64.5  76.4  79.1  75.6  71.9  62.6  54.6  44.4
    2018  44.1  47.8  52.6  61.5  67.1  76.8  80.1  78.6  73.9  60.3  46.0  42.6
    2019  42.3  43.5  51.7  58.8  61.6  73.8  81.0  81.1  73.6  58.6  50.4  42.6
    2020  43.6  45.4  53.7  58.3  68.0  74.7  82.1  82.7  72.0  62.1  52.5  39.7
    2021  41.5  44.9  50.4  59.8  66.6  78.1  80.3  78.8  72.7  60.6  52.4  46.7
    2022  41.9  43.4  51.9  60.4  66.9  78.0  81.9  78.4  74.5  60.7  46.0  43.4
    2023  41.0  44.8  50.4  58.7  65.7  72.6  84.4  81.4  74.6  63.2  50.8  44.1
    2024  42.4  48.4  51.4  58.4  66.9  78.9  81.5  80.5  72.6  64.6  47.3  45.9
    1968       4      24       4      26      10      16      11       5
    1969       4      27       4      28      10      13      10      13
    1970       5       1       5       8      10       9      10      27
    1971       4      27       5      23      10      27      10      30
    1972       4      23       5      12      10      31      11       1
    1973       4      15       5       2      10      11      10      11
    1974       5      21       5      21      10      30      11       4
    1975       5       7       5       8      10      14      10      14
    1976       4      18       4      20      10       7      11      10
    1977       4       4       4      12      11       2      11       9
    1978       4      10       4      23      10      29      11      16
    1979       4      11       5      10      10      27      10      31
    1980       4      14       5      25      10      16      10      27
    1981       3      28       4       4      10      17      10      17
    1982       4       8       4      24      10       9      10       9
    1983       4      15       5       3      11      16      11      19
    1984       4      21       5       2      10      19      11       9
    1985       3      31       4      19      11       2      11      15
    1986       4      18       5       9      11       8      11       8
    1987       3      31       4      14      11       7      11      11
    1988       5       7       5       9      11      11      11      17
    1989       4      28       4      29      10      27      10      27
    1990       3      16       3      20      10      10      11      27
    1991       4      29       5       4      10      28      10      29
    1992       3      10       3      25      10       8      11       2
    1993       4      20       4      20      10      28      10      31
    1994       3      29       4      30      10      17      11       5
    1995       5       8       5       8      10      25      11      19
    1996       4       7       4      21      10      22      10      22
    1997       3      26       4      25      10      13      10      13
    1998       4      18       5      15      10      17      11      10
    1999       4      10       5       2      10      18      10      18
    2000       4       1       4       1      11       1      11       1
    2001       4      12       5       5      10      13      11      20
    2002       4      21       5       7      10       4      11       5
    2003       4       7       5      11      10      27      10      27
    2004       3       6       4      23      10      23      11       2
    2005       4      10       4      11      10      31      11      16
    2006       4       7       4      24      10      21      11      15
    2007       3      31       4      24      10      18      10      23
    2008       4      11       5       2      10      13      10      23
    2009       4      18       4      27      10       9      10      26
    2010       5       1       5      13      10      24      11       8
    2011       5       2       5      20      10      28      11       2
    2012       4      15       4      16      10      25      10      27
    2013       4      20       4      20      10      16      10      18
    2014       4       4       5       8      11      10      11      17
    2015       4      17       5      10      11       6      11      10
    2016       4       1       4      27      11      21      11      21
    2017       4      30       5      17      10      28      11      19
    2018       3      20       4      18      11       1      11      11
    2019       4      13       5      21      10      20      10      25
    2020       4      16       4      16      10      28      10      28
    2021       4      15       5      15      10      17      10      16
    2022       4      15       4      17      10      25      10      25
    2023       4       5       4       6      10      30      11       1
    2024       4       7       4       7      10      30      10      30
 8      VIRDEN VALLEY (USES STATION AT DUNCAN AZ)
       1       1
  32.45
    1968  0.83  0.87  0.58  0.26  0.36  0.34  2.15  2.15  1.06  1.19  0.70  1.06
    1969  0.53  0.20  0.20  0.00  0.47  0.05  2.03  1.94  0.92  0.58  0.59  1.32
    1970  0.00  0.85  1.04  0.11  0.02  0.07  1.52  1.88  1.94  1.33  0.00  0.42
    1971  0.42  0.31  0.00  0.00  0.00  0.00  1.02  3.19  1.26  2.35  0.24  1.54
    1972  0.00  0.00  0.04  0.00  0.26  1.13  1.71  3.73  0.93  4.40  0.37  1.06
    1973  0.64  2.50  1.70  0.00  0.82  0.92  2.68  0.62  0.00  0.00  0.22  0.00
    1974  0.89  0.11  0.25  0.05  0.07  0.02  3.08  2.09  0.68  1.69  0.25  0.33
    1975  1.30  0.06  0.95  0.27  0.06  0.00  1.35  0.32  2.73  0.40  0.82  0.71
    1976  0.38  0.65  0.30  0.52  0.62  0.39  3.41  0.38  1.03  1.44  0.47  0.09
    1977  1.37  0.01  0.37  0.18  0.00  0.33  6.10  1.42  0.65  1.00  0.11  0.92
    1978  0.83  0.87  0.58  0.26  0.36  0.34  2.15  2.15  1.06  1.19  0.70  1.06
    1979  2.33  0.77  0.32  0.48  0.31  0.40  1.57  1.32  0.17  0.13  0.04  0.52
    1980  0.80  3.12  0.29  0.24  0.03  0.00  1.87  2.17  1.06  0.14  0.40  0.00
    1981  0.97  0.44  0.78  0.00  0.76  0.69  2.77  1.91  1.36  0.74  0.43  0.00
    1982  1.15  1.03  1.18  0.15  1.50  0.21  1.08  1.64  1.29  0.07  1.58  2.47
    1983  1.30  1.32  1.75  0.01  0.05  0.05  3.76  1.41  2.55  3.91  1.91  0.88
    1984  1.18  0.02  0.02  0.83  0.05  0.34  3.00  1.94  0.89  2.43  0.31  2.05
    1985  0.93  1.19  0.94  0.74  0.40  0.00  4.82  1.41  2.12  2.29  1.10  0.60
    1986  0.05  1.22  0.86  0.00  0.05  1.26  3.11  1.84  1.14  1.12  1.83  2.49
    1987  0.45  1.10  0.17  0.56  0.40  2.59  3.59  1.76  0.22  0.24  0.22  2.13
    1988  0.62  1.30  0.08  1.33  0.00  0.12  3.15  3.30  1.18  1.62  0.51  0.24
    1989  0.96  0.12  0.14  0.06  0.44  0.00  1.32  1.06  0.29  2.52  0.00  0.90
    1990  0.32  0.52  0.24  0.08  0.30  0.09  2.50  2.13  1.97  0.63  1.58  1.71
    1991  0.62  1.70  1.54  0.00  0.03  0.05  1.37  2.99  1.50  0.27  0.86  4.76
    1992  1.14  1.86  1.64  0.63  3.62  0.30  1.40  1.47  0.50  0.42  0.01  3.26
    1993  4.09  1.72  0.25  0.00  0.14  0.00  1.25  6.03  0.06  1.58  0.64  0.22
    1994  0.33  1.03  1.12  0.00  0.70  0.43  1.07  1.24  0.39  0.68  2.71  3.05
    1995  2.01  0.90  0.43  0.19  0.00  0.00  0.48  0.58  1.36  0.00  0.44  0.36
    1996  0.17  1.16  0.00  0.01  0.00  0.20  1.84  5.56  1.54  1.96  0.59  0.00
    1997  1.75  1.18  0.22  0.10  1.18  0.12  0.84  3.71  2.61  0.86  1.48  1.78
    1998  0.02  1.53  1.51  0.12  0.00  0.02  3.90  1.56  0.70  0.69  0.30  0.32
    1999  0.00  0.00  0.03  0.57  0.00  0.31  2.12  3.76  0.79  0.00  0.00  0.00
    2000  0.04  0.03  0.36  0.00  0.00  1.35  0.20  4.15  0.00  4.09  2.23  0.09
    2001  0.95  0.43  0.27  0.42  0.20  0.48  0.99  1.82  0.44  0.42  0.15  0.76
    2002  0.08  0.45  0.23  0.00  0.00  0.00  2.50  2.99  0.71  1.09  0.23  1.22
    2003  0.24  0.58  0.49  0.05  0.02  0.03  0.89  0.46  0.10  0.11  1.18  0.07
    2004  1.03  1.01  0.58  1.36  0.00  0.04  0.94  1.53  1.96  0.53  0.61  0.82
    2005  1.83  3.17  0.51  0.28  0.57  0.00  2.48  0.66  0.77  0.27  0.00  0.12
    2006  0.26  0.00  0.14  0.05  0.45  0.88  3.90  4.63  2.13  3.65  0.00  0.00
    2007  1.26  0.56  1.41  0.24  0.45  0.35  2.59  4.56  1.39  0.00  0.31  0.91
    2008  0.23  0.15  0.00  0.02  0.38  0.00  5.12  2.77  1.11  0.23  0.33  1.10
    2009  0.27  0.13  0.45  0.02  0.14  1.51  0.63  1.09  0.98  0.73  0.41  0.69
    2010  2.45  1.32  0.50  0.16  0.15  0.72  2.93  2.27  1.43  0.18  0.00  0.67
    2011  0.12  0.12  0.00  0.00  0.00  0.20  0.63  1.08  0.94  0.30  0.44  1.64
    2012  0.16  0.52  0.27  0.02  0.02  0.00  1.51  1.09  0.90  0.00  0.31  0.66
    2013  0.51  0.04  0.12  0.07  0.07  0.00  3.79  0.87  2.00  0.08  1.05  0.65
    2014  0.00  0.08  1.06  0.15  0.04  0.01  0.59  6.17  3.44  0.88  0.08  0.97
    2015  2.18  0.17  0.99  0.24  0.47  0.30  1.79  2.62  2.14  1.30  0.80  0.34
    2016  1.22  0.11  0.07  0.33  0.11  0.14  1.48  0.66  2.10  0.16  0.43  2.02
    2017  1.04  0.61  0.00  0.03  0.11  0.07  0.84  0.79  0.29  0.68  0.02  0.52
    2018  0.16  2.30  0.10  0.00  0.00  0.24  2.51  2.69  3.63  2.44  0.03  1.51
    2019  0.93  1.01  0.62  0.17  0.27  0.00  0.67  1.61  1.36  0.19  3.44  1.58
    2020  0.76  0.94  0.86  0.00  0.06  0.41  1.03  0.38  0.28  0.30  0.08  0.68
    2021  1.05  0.36  0.04  0.14  0.04  0.44  2.92  1.12  1.68  0.26  0.01  0.88
    2022  0.60  0.13  0.32  0.00  0.00  3.51  1.69  2.40  1.09  2.38  0.03  0.87
    2023  0.81  0.81  0.22  0.00  0.41  0.00  0.41  1.07  0.99  0.21  0.11  1.07
    2024  1.40  1.68  0.72  0.20  0.00  0.48  1.05  1.12  0.16  0.01  0.22  0.00
   38.48   41.70
    1968  42.1  45.7  51.1  57.8  66.5  75.6  80.4  78.4  72.4  60.9  48.6  41.4
    1969  45.4  44.4  48.2  59.8  67.0  74.0  80.3  80.3  72.1  59.7  48.0  43.6
    1970  39.6  46.3  49.6  54.0  66.0  75.3  79.8  78.0  69.8  54.8  47.8  41.4
    1971  43.0  45.0  50.6  57.3  63.8  73.4  82.0  76.5  71.4  56.7  49.3  40.0
    1972  44.6  45.0  56.4  57.8  64.8  72.5  79.2  76.8  71.1  62.1  44.9  41.4
    1973  39.2  44.3  47.8  53.3  65.7  72.2  79.2  76.9  70.0  59.4  48.1  39.0
    1974  42.6  40.3  53.0  56.6  63.9  78.7  79.2  75.9  71.5  61.8  48.1  39.0
    1975  40.4  43.8  49.4  52.4  62.3  72.0  79.1  78.5  69.5  58.3  45.5  40.0
    1976  37.4  46.4  47.3  55.8  64.2  72.0  77.0  77.1  69.8  57.2  46.3  37.9
    1977  41.2  44.5  45.7  57.5  63.3  75.0  80.5  79.3  71.2  62.4  49.8  44.5
    1978  42.1  45.7  51.1  57.8  66.5  75.6  80.4  78.4  72.4  60.9  48.6  41.4
    1979  39.1  43.4  47.8  55.0  62.7  72.4  79.9  75.4  72.7  61.2  44.1  40.9
    1980  42.1  45.7  51.1  57.8  66.5  75.6  80.4  78.4  72.4  60.9  48.6  41.4
    1981  44.6  46.9  50.2  61.4  67.1  78.7  82.1  78.4  73.0  60.8  49.7  42.7
    1982  42.8  46.8  50.6  57.8  64.8  72.1  80.5  73.6  72.9  57.3  48.0  41.2
    1983  41.6  45.4  50.2  51.3  63.0  71.7  79.5  79.2  75.8  62.6  48.8  42.1
    1984  41.6  41.5  49.3  54.2  68.8  75.2  79.6  77.1  71.7  57.8  47.4  44.0
    1985  39.4  43.0  51.4  58.8  66.8  75.4  79.8  77.6  68.8  59.7  48.4  42.3
    1986  44.2  47.9  53.6  59.8  66.4  76.5  78.6  80.5  70.4  59.3  49.2  41.8
    1987  39.7  43.3  47.8  58.6  64.7  75.1  77.5  76.8  69.9  64.8  47.9  39.9
    1988  40.7  46.5  49.0  56.9  66.1  76.8  80.8  78.4  69.5  65.0  49.1  39.5
    1989  40.9  48.2  54.2  62.9  68.2  76.3  82.7  80.2  72.6  60.5  49.0  38.3
    1990  40.9  44.6  53.5  62.6  67.0  81.1  79.4  75.4  74.4  60.2  50.6  38.9
    1991  42.6  48.3  48.5  56.6  64.6  72.1  78.5  77.6  70.6  61.8  47.3  43.5
    1992  40.0  47.5  52.1  60.1  66.0  72.2  77.9  77.1  71.7  62.0  44.2  41.3
    1993  46.9  46.1  52.4  57.8  68.1  75.1  80.5  78.7  70.8  60.3  47.3  41.2
    1994  40.9  45.3  53.8  59.0  66.9  81.2  81.5  81.7  74.3  60.8  48.8  45.3
    1995  43.2  50.4  52.0  54.9  64.0  73.7  78.8  80.8  73.5  62.0  53.5  43.6
    1996  42.5  52.3  51.1  59.9  70.3  79.3  83.1  79.2  70.7  61.2  50.7  42.1
    1997  43.1  45.4  53.6  57.7  70.5  74.7  80.5  79.7  76.9  59.9  50.3  40.1
    1998  42.5  43.9  50.5  54.7  65.5  74.2  81.8  79.8  75.5  62.5  50.8  43.2
    1999  43.7  47.0  54.3  57.4  67.9  76.2  79.9  78.8  75.5  61.8  52.7  40.5
    2000  44.4  49.0  52.5  63.3  73.1  79.9  83.8  80.6  75.9  61.9  45.4  42.5
    2001  41.1  45.1  51.5  59.9  70.9  78.5  81.7  79.7  74.0  64.7  53.5  40.5
    2002  41.5  45.5  50.5  64.4  68.2  80.8  82.2  79.9  74.6  61.4  49.7  42.3
    2003  46.9  47.1  51.1  58.4  69.9  77.8  85.3  82.8  76.4  67.3  50.9  41.2
    2004  44.6  43.7  57.4  58.9  69.5  76.8  80.7  78.1  71.5  61.3  48.6  42.1
    2005  46.3  48.0  49.8  59.0  69.6  73.3  82.6  79.8  75.2  63.7  50.5  42.7
    2006  43.0  47.6  52.2  59.5  67.5  77.3  79.5  74.7  66.9  59.7  50.2  40.4
    2007  38.9  46.9  51.9  60.9  70.4  78.7  82.2  80.6  72.2  63.8  52.6  41.7
    2008  41.2  47.2  49.3  55.8  66.9  78.7  76.5  79.6  72.3  61.7  50.9  43.6
    2009  44.5  47.4  54.5  55.6  71.3  76.0  84.8  81.8  73.9  58.7  50.9  39.9
    2010  41.7  45.7  50.4  59.4  65.2  77.6  82.2  80.8  76.1  63.8  47.1  44.8
    2011  40.1  42.8  54.4  62.9  65.5  78.3  84.2  83.7  75.5  62.8  49.0  40.1
    2012  43.6  46.3  52.2  61.9  70.1  81.1  82.3  82.1  74.1  63.2  52.6  42.9
    2013  38.9  42.3  54.3  60.5  68.9  81.0  81.1  80.4  73.3  59.7  51.0  41.4
    2014  43.8  50.3  54.4  61.0  66.6  79.0  82.7  77.4  74.8  63.9  48.6  45.4
    2015  44.0  51.0  55.4  58.7  65.4  79.9  81.3  82.2  75.3  64.9  49.4  40.8
    2016  41.2  48.4  55.3  58.6  66.9  80.6  82.8  78.5  72.8  64.9  52.0  45.7
    2017  45.4  50.1  57.3  60.4  67.2  79.7  81.7  78.8  73.5  64.6  56.6  44.2
    2018  44.9  49.9  54.7  64.4  70.7  80.0  82.6  80.6  75.6  62.4  47.6  43.4
    2019  42.7  44.7  52.4  60.3  63.2  77.0  83.4  83.7  75.3  60.4  50.9  43.2
    2020  44.1  46.5  54.0  60.5  71.5  78.6  84.2  84.9  73.8  62.9  52.9  40.0
    2021  42.3  46.6  51.4  62.0  69.3  81.1  81.8  80.0  74.2  61.0  52.4  47.0
    2022  42.0  43.2  51.9  61.9  70.4  79.6  83.1  79.0  74.5  60.9  46.3  43.7
    2023  41.6  45.4  51.8  60.9  68.1  75.3  86.3  82.5  76.0  64.9  52.0  44.4
    2024  43.5  49.5  52.6  60.3  69.1  81.8  83.7  82.8  74.5  66.4  48.6  46.8
    1968       4      27       4      27      10      17      10      18
    1969       3      27       4      28      10      13      10      31
    1970       5       1       5       1      10       9      10      27
    1971       4      21       4      24      10      20      10      24
    1972       4      21       4      28      11       1      11       1
    1973       4      10       4      22      10      11      10      11
    1974       4      18       4      29      10      30      11       4
    1975       5       8       5       9      10      14      10      14
    1976       4      18       5       2      10       9      10       9
    1977       4      22       5      19      10      25      11       2
    1978       4      21       5       9      10      27      11      16
    1979       5      12       5      13      10      22      10      22
    1980       5      25       5      26      10      16      10      16
    1981       4       5       4      10      10      17      10      17
    1982       4       8       5      13      10       2      10      10
    1983       4      16       5      16      11      15      11      16
    1984       4      30       4      30      10      19      11       2
    1985       4       2       5      14      11       2      11       7
    1986       5       9       5      10      10      15      10      28
    1987       4      15       4      15      11       7      11      10
    1988       5       7       5      10      11       6      11      13
    1989       4      28       4      29      10      27      10      27
    1990       3      18       4       4      10      14      11       4
    1991       5       3       5       4      10      29      10      29
    1992       3      25       4      22      10       9      10       9
    1993       4      15       4      21      10      28      10      31
    1994       4      28       4      30      10      10      11       5
    1995       5       8       5       8      10      25      11      19
    1996       4      15       4      30      10      22      10      22
    1997       4      25       4      25      10      13      10      13
    1998       4      19       5      15      10       6      11       4
    1999       4      17       5       2      10      18      10      18
    2000       4       1       4      20      11       1      11       8
    2001       4      13       4      23      11      20      11      21
    2002       4      21       4      22      10       4      11       5
    2003       4      16       5      11      10      27      10      27
    2004       3       6       3       7      10      23      11       2
    2005       4      27       4      30      11       1      11      16
    2006       4       7       4      24      10      21      11      15
    2007       3      31       4      22      10      22      10      22
    2008       4      11       5       2      10      13      10      13
    2009       4      18       4      27      10       9      10      26
    2010       5       1       5       4      11       3      11       8
    2011       4      11       5       2      10      30      11       4
    2012       4      16       4      17      10      26      11      11
    2013       4      20       4      20      10      17      10      20
    2014       3      17       5       9      11       4      11      17
    2015       4      17       4      18      11       6      11       6
    2016       4       7       4       7      11      13      11      14
    2017       4      30       4      30      11      19      11      20
    2018       4      15       4      15      11       1      11       2
    2019       4      13       5      21      10      21      10      26
    2020       4      16       4      16      10      28      10      28
    2021       3      28       4      17      10      13      10      13
    2022       5      13       5      13      10      12      10      28
    2023       4       6       4       7      11       2      11       3
    2024       3      26       3      26      11       4      11       5
 9      SAN SIMON   (USES ANIMAS STATION)
       1       1
   31.56
    1968  0.47  1.19  1.76  0.20  0.00  0.00  2.08  1.28  0.00  0.00  0.77  0.51
    1969  0.12  0.54  0.31  0.00  0.39  0.00  3.48  1.08  1.89  0.90  0.00  0.78
    1970  0.00  0.55  0.89  0.40  0.10  0.89  2.03  3.26  0.84  0.19  0.00  0.64
    1971  0.00  0.19  0.00  0.16  0.06  0.04  1.96  2.94  1.01  2.86  0.45  2.05
    1972  0.00  0.00  0.00  0.00  0.00  0.87  1.45  4.14  1.61  5.86  0.60  0.75
    1973  0.78  1.80  1.34  0.00  1.15  0.18  1.18  1.73  0.45  0.00  0.08  0.00
    1974  0.63  0.00  0.35  0.00  0.00  0.26  2.59  2.05  3.00  2.41  0.26  0.07
    1975  1.09  0.40  0.96  0.09  0.00  0.00  4.32  1.44  1.95  0.21  0.68  0.63
    1976  0.41  0.51  0.00  0.00  0.83  0.00  1.85  0.41  2.66  1.77  0.34  0.00
    1977  0.41  0.52  0.57  0.13  0.27  0.34  5.42  2.37  0.88  1.77  0.72  0.71
    1978  2.18  1.37  0.35  0.01  0.32  0.10  1.58  0.50  0.24  1.17  0.94  1.46
    1979  0.92  0.79  0.33  0.20  0.43  1.07  1.27  1.98  0.62  0.00  0.07  0.51
    1980  0.70  1.41  0.21  0.09  0.14  0.45  1.56  2.54  0.56  0.12  0.14  0.07
    1981  1.56  0.15  0.85  0.58  0.38  1.20  2.77  1.86  0.39  0.61  1.50  0.03
    1982  0.53  0.17  0.69  0.00  0.45  0.63  1.17  1.71  1.76  0.00  0.81  2.83
    1983  0.94  0.54  0.95  0.67  0.00  0.03  3.61  0.97  4.10  2.65  2.10  0.79
    1984  0.69  0.00  0.35  0.13  0.09  0.72  2.43  2.59  0.24  2.73  0.82  2.70
    1985  1.83  0.71  0.70  0.54  0.22  1.07  2.39  1.07  3.02  3.49  1.46  0.28
    1986  0.11  0.71  0.46  0.07  0.22  0.94  1.53  3.48  1.00  1.17  1.64  2.48
    1987  1.00  0.44  0.28  0.08  0.61  0.38  1.70  3.92  1.48  1.17  0.09  1.74
    1988  1.20  0.90  0.11  0.81  0.00  0.27  4.64  4.02  2.27  2.48  0.26  0.54
    1989  0.54  0.56  0.45  0.00  0.27  0.00  1.78  1.03  1.49  0.63  0.00  0.18
    1990  0.59  0.56  0.25  0.09  0.23  0.19  2.39  4.19  2.39  0.78  2.54  1.44
    1991  0.96  0.95  0.54  0.00  0.00  0.96  4.15  4.35  1.98  0.34  0.20  5.24
    1992  0.89  0.49  0.94  0.79  1.36  0.20  2.82  1.90  0.34  1.01  0.23  1.77
    1993  1.93  0.30  0.05  0.00  0.16  0.00  0.61  2.74  0.30  0.58  0.45  0.38
    1994  0.10  0.53  0.62  0.00  0.19  0.26  0.98  0.69  0.90  0.38  2.42  3.53
    1995  0.64  0.74  0.59  0.07  0.06  0.00  1.09  2.54  1.15  0.06  0.29  0.22
    1996  0.05  0.17  0.02  0.28  0.00  2.37  2.71  2.61  3.01  1.30  0.15  0.00
    1997  1.76  1.09  1.26  0.09  0.92  0.10  1.66  1.95  0.66  0.47  0.96  1.88
    1998  0.14  0.78  0.90  0.03  0.00  0.04  3.96  0.29  0.00  1.62  0.71  0.59
    1999  0.00  0.00  0.11  0.20  0.00  0.72  4.51  2.34  1.06  0.00  0.00  0.24
    2000  0.04  0.03  0.32  0.00  0.00  2.47  1.47  4.05  0.00  3.08  1.46  0.08
    2001  1.26  0.16  0.10  0.30  0.30  0.20  2.73  2.96  0.55  0.08  0.08  0.10
    2002  0.00  1.28  0.00  0.00  0.01  0.00  0.54  1.89  0.85  2.14  0.18  1.26
    2003  0.02  1.29  0.15  0.00  0.00  0.00  0.39  0.27  0.22  0.22  0.87  0.63
    2004  0.46  0.95  1.33  1.66  0.07  0.09  2.02  2.27  1.39  1.12  1.40  0.79
    2005  2.51  1.65  0.48  0.11  0.50  0.00  0.31  2.04  1.30  1.90  0.00  0.03
    2006  0.20  0.03  0.15  0.00  0.00  0.35  3.15  3.45  2.30  2.22  0.00  0.20
    2007  1.49  0.12  0.36  0.66  0.05  0.51  2.67  2.43  0.83  0.00  0.42  0.80
    2008  0.10  0.10  0.00  0.00  0.16  0.16  5.85  2.92  0.48  0.00  0.46  0.48
    2009  0.40  0.08  0.48  0.00  0.62  0.94  0.32  1.03  0.70  0.95  1.10  0.92
    2010  2.48  1.43  0.06  0.19  0.10  0.12  3.09  3.01  0.30  0.10  0.00  0.07
    2011  0.06  0.00  0.00  0.00  0.00  0.01  3.03  1.92  1.29  0.20  1.03  3.42
    2012  0.12  1.40  0.18  0.00  0.07  0.00  1.65  1.01  1.20  0.00  0.13  0.33
    2013  1.05  0.20  0.00  0.00  0.00  0.55  2.01  1.11  0.09  0.00  0.24  0.60
    2014  0.00  0.00  0.82  0.16  0.00  0.00  2.75  2.54  3.02  0.78  0.24  0.48
    2015  1.08  0.20  0.90  0.40  0.00  1.81  3.21  3.55  0.82  1.12  0.31  0.70
    2016  0.76  0.29  0.00  0.34  0.05  1.49  1.32  2.64  1.06  0.01  0.37  2.16
    2017  2.26  0.38  0.01  0.00  0.23  1.05  2.38  1.05  0.01  3.60  0.18  0.87
    2018  0.11  1.15  0.02  0.00  0.00  1.03  2.63  0.41  0.48  2.28  0.25  1.06
    2019  0.20  0.26  0.43  0.30  0.08  0.26  0.69  1.21  1.91  0.73  4.06  1.40
    2020  0.36  0.73  1.87  0.00  0.00  0.00  2.25  0.46  0.38  0.00  0.00  0.52
    2021  0.78  0.00  0.16  0.81  0.00  0.02  3.39  3.77  1.73  1.26  0.17  0.79
    2022  0.45  0.00  0.15  0.00  0.00  1.49  3.44  3.32  1.73  1.15  0.21  1.55
    2023  0.88  0.80  0.32  0.02  0.62  0.05  0.39  0.70  1.21  0.61  0.04  0.85
    2024  1.23  1.34  0.87  0.22  0.00  0.77  1.12  1.23  0.21  0.00  0.33  0.00
   39.40   41.60
    1968  44.2  51.1  52.8  57.2  65.5  76.2  78.3  74.1  70.8  62.4  50.6  44.1
    1969  47.9  47.1  47.5  61.0  67.4  74.8  80.6  80.9  72.8  62.6  51.7  42.5
    1970  42.5  49.5  51.1  57.0  68.8  77.7  80.9  77.7  71.6  58.3  51.5  42.5
    1971  43.8  46.9  54.0  58.5  67.1  75.9  81.9  76.5  72.8  59.2  51.1  43.9
    1972  43.8  46.5  58.1  60.3  65.7  75.4  81.1  77.4  71.7  63.7  47.1  42.5
    1973  39.8  46.0  48.4  54.4  66.9  76.1  80.3  77.1  73.8  61.8  51.0  43.1
    1974  43.8  44.6  56.0  60.9  69.0  81.7  78.4  76.0  71.1  61.5  50.8  44.2
    1975  43.5  46.5  52.0  55.3  63.5  74.9  78.6  78.8  70.3  62.0  50.8  44.8
    1976  42.7  46.5  52.2  58.2  66.9  76.3  78.3  77.7  70.9  57.6  48.1  41.3
    1977  43.6  47.5  52.9  58.0  66.8  76.6  79.0  78.2  72.5  62.3  50.7  45.6
    1978  45.3  46.0  53.8  57.8  67.1  77.2  80.2  76.1  70.6  61.6  51.9  38.4
    1979  39.7  45.9  49.4  59.1  65.4  74.4  79.5  74.4  71.1  64.7  45.3  42.3
    1980  44.8  47.4  50.3  57.8  65.4  79.2  81.6  75.8  72.1  58.0  47.8  46.2
    1981  43.6  48.2  50.1  60.6  67.0  77.9  77.6  75.9  71.6  60.8  51.9  45.5
    1982  44.8  46.7  51.8  59.3  65.9  75.1  78.5  78.1  73.0  60.2  49.0  40.1
    1983  40.6  46.0  49.8  52.1  65.3  73.7  78.1  77.5  74.0  61.7  48.9  44.1
    1984  41.7  42.7  51.4  55.7  70.7  75.2  77.8  74.3  71.4  58.2  48.0  44.5
    1985  39.1  42.8  51.7  59.5  67.7  76.6  79.0  76.6  69.2  59.3  49.7  41.4
    1986  43.8  47.4  53.4  60.9  67.0  74.5  75.8  76.2  69.3  58.3  46.5  40.4
    1987  39.9  44.3  48.4  58.1  64.7  75.3  78.0  75.3  69.3  64.9  48.0  39.8
    1988  41.0  46.9  49.4  57.2  66.1  75.7  78.2  74.4  69.0  64.1  50.1  40.7
    1989  41.1  49.8  56.3  64.0  69.4  76.5  80.5  77.1  72.6  61.7  50.8  39.8
    1990  41.5  44.2  52.8  62.4  67.2  81.4  77.9  73.9  72.8  59.9  50.2  40.9
    1991  42.0  48.1  48.9  57.1  65.4  72.8  77.6  75.8  69.7  62.0  47.6  42.5
    1992  38.6  46.5  51.5  60.0  65.9  73.8  77.5  76.1  73.2  63.4  44.8  43.3
    1993  46.1  46.2  51.6  58.7  68.9  76.4  80.1  78.0  72.9  61.1  48.5  43.1
    1994  41.5  46.3  54.1  60.0  67.9  81.5  81.9  81.3  73.9  62.5  50.7  44.9
    1995  43.6  50.9  51.8  55.7  65.1  74.7  79.9  80.5  73.9  63.7  53.9  44.4
    1996  44.6  51.1  52.4  61.1  72.4  78.7  80.7  77.0  70.2  61.8  50.8  43.3
    1997  42.0  46.0  53.8  57.7  71.1  75.8  79.7  78.8  76.4  60.6  50.5  39.0
    1998  43.8  44.1  50.3  54.6  67.5  75.7  79.7  79.0  76.3  63.7  49.4  45.1
    1999  46.5  49.8  55.4  58.0  69.4  75.4  77.2  76.2  74.5  64.7  56.6  43.5
    2000  48.3  52.2  54.7  66.0  75.2  77.9  81.0  78.7  76.4  61.3  45.8  45.3
    2001  41.4  47.7  53.8  60.7  72.9  80.4  79.4  77.2  75.2  66.9  54.5  42.2
    2002  44.8  46.8  53.7  66.4  71.3  80.7  80.6  79.6  74.2  61.8  52.2  42.6
    2003  48.5  49.1  52.7  61.4  72.4  79.1  83.7  80.1  76.1  68.3  53.6  42.5
    2004  41.5  45.5  58.0  60.0  71.4  78.6  80.2  76.9  71.8  63.3  48.9  43.7
    2005  47.3  47.7  51.3  60.8  71.2  79.1  83.1  77.8  75.7  64.0  54.8  46.9
    2006  47.2  51.4  54.3  64.2  72.3  76.0  80.9  74.0  68.7  61.3  54.0  42.6
    2007  39.2  42.6  54.6  61.6  71.0  80.2  78.0  76.9  74.7  65.2  56.0  42.8
    2008  44.1  49.2  54.4  62.0  68.5  80.8  77.1  75.8  71.0  62.9  52.2  45.8
    2009  46.3  50.7  56.2  60.6  72.8  75.4  81.9  78.7  71.7  61.9  53.8  41.7
    2010  41.6  45.1  51.3  59.6  68.1  75.5  75.6  75.7  67.8  52.9  46.4  48.1
    2011  42.7  44.5  58.0  64.6  67.8  81.9  81.9  80.2  75.0  63.8  50.6  40.6
    2012  46.5  47.9  54.1  63.4  71.5  82.0  79.2  80.5  72.8  64.4  56.2  44.5
    2013  40.7  43.8  59.0  62.0  69.8  82.8  79.6  78.3  73.1  62.2  52.3  43.2
    2014  46.0  53.7  56.3  61.8  68.4  79.8  82.3  78.1  75.1  66.0  51.8  48.3
    2015  42.6  51.6  56.4  60.4  65.9  80.8  78.3  79.5  74.1  64.9  51.5  43.3
    2016  42.8  50.9  57.6  60.0  68.0  80.6  82.4  75.4  72.9  67.9  53.5  46.5
    2017  44.9  50.7  59.7  63.7  67.2  81.2  79.2  76.5  73.9  65.4  59.9  46.2
    2018  47.1  50.4  55.6  66.6  72.8  81.2  79.0  79.5  74.9  60.6  50.3  44.5
    2019  43.3  46.0  54.5  62.3  66.2  78.8  81.4  80.7  74.5  62.0  51.2  43.4
    2020  45.2  46.6  54.1  62.5  73.1  76.9  81.8  83.1  74.1  62.0  52.8  40.5
    2021  41.4  46.2  51.0  61.9  67.8  78.4  79.5  78.6  72.7  64.3  52.1  47.3
    2022  42.3  43.8  51.0  60.6  67.9  77.2  81.2  77.6  73.4  61.6  47.6  43.5
    2023  43.2  44.8  51.5  60.9  67.3  74.5  85.8  80.6  75.2  65.7  53.9  45.1
    2024  44.3  50.0  52.7  59.5  68.1  81.4  83.3  82.8  73.8  66.6  50.1  47.3
    1968       4      23       4      25      10      16      10      18
    1969       3      28       4      27      10      31      10      31
    1970       4      30       5       1      10       9      10       9
    1971       4      20       4      20      10      27      10      30
    1972       4      15       4      29      11       1      11       1
    1973       4      10       4      17      10      11      10      31
    1974       4       4       5      21      10      31      11       4
    1975       5       7       5       8      10      15      11       3
    1976       4      19       4      19      10       8      10       8
    1977       4       7       4      20      10      20      10      30
    1978       4      10       4      18      11      17      11      17
    1979       4       5       5      12      10      22      10      31
    1980       4      14       4      14      10      17      10      17
    1981       4       5       4       5      10      24      10      24
    1982       4       5       4       8      10       9      10      28
    1983       4      15       4      16      11      16      11      20
    1984       4      30       4      30      11       5      11       9
    1985       4       2       4      19      11       4      11      14
    1986       4      18       5       9      10      14      10      28
    1987       4      14       4      23      11       7      11      12
    1988       5       7       5       7      11      13      11      16
    1989       4      27       4      28      10      27      10      30
    1990       3      18       4       1      10      23      11       4
    1991       4      29       5       5      10      28      10      28
    1992       3      20       4      20      10       8      10       8
    1993       4       9       4      20      10      24      10      28
    1994       4      28       5      13      11       1      11       5
    1995       4      23       5       8      11      12      11      19
    1996       4       7       4      30      10      22      10      22
    1997       3      18       4      26      10      13      10      13
    1998       4      18       4      27      10      18      10      18
    1999       4      10       4      10      10      18      11      23
    2000       3       8       4       1      11       1      11       9
    2001       4      11       4      12      11      21      11      27
    2002       3      20       3      20      11       5      11      17
    2003       3       3       3      30      10      27      11      24
    2004       2      14       3       6      11       2      11       3
    2005       3      16       3      27      11      19      11      19
    2006       3      20       3      21      11      16      11      30
    2007       3       6       3      29      11      23      11      25
    2008       3      18       4      18      11       6      11       7
    2009       2      20       4      17      10      29      10      29
    2010       3      21       3      29       9       3       9       3
    2011       2      28       4      11      11       8      11       8
    2012       3      20       4       3      11      11      11      12
    2013       3       1       3      11      11      25      11      25
    2014       1      30       3      10      11      17      11      17
    2015       2      27       3       6      11       6      11      12
    2016       2       8       4       3      11      22      11      24
    2017       2      26       4       3      12       7      12       7
    2018       3       1       3      20      11      12      11      12
    2019       3       9       3      15      10      26      10      26
    2020       3      28       3      28      10      27      10      29
    2021       3      28       4      25      10      13      10      13
    2022       5      28       5      28      10      12      10      28
    2023       3      25       3      28      11      21      11      22
    2024       3      27       4       7      10      30      11       7