 1      LUNA LOCALE
 2      APACHE-ARAGON LOCALE
 3      RESERVE LOCALE
 4      GLENWOOD LOCALE
 5      UPPER GILA LOCALE
 6      CLIFF-GILA LOCALE
 7      REDROCK LOCALE
 8      VIRDEN VALLEY LOCALE
 9      SAN SIMON LOCALE
 1      LUNA
   33.49
       1       7       1       1
       5       3      28      29       6       1      25
      0.
    1968  202.00     0.0     0.0     0.0      0.      0.
    0.00    2.90    0.00   90.00    3.40    3.70     0.0
    1969  277.00     8.0   100.0     1.0      0.      0.
    0.00    5.80    0.00   90.00    3.40    3.70     0.0
    1970  141.00     0.0     0.0     0.0      0.      0.
    0.00    2.90    0.00   90.00    3.40    3.70     0.0
    1971   82.00     0.0     0.0     0.0      0.      0.
    0.00    2.90    0.00   90.00    3.40    3.70     0.0
    1972   49.00     0.0     0.0     0.0      0.      0.
    0.00    2.90    0.00   90.00    3.40    3.70     0.0
    1973   52.00     0.0     0.0     0.0      0.      0.
    0.00    2.90    0.00   90.00    3.40    3.70     0.0
    1974  121.00     0.0     0.0     0.0      0.      0.
    0.00    5.00    0.00   81.80   13.20    0.00     0.0
    1975  218.00     0.0     0.0     0.0      0.      0.
    0.00    5.00    0.00   81.80   13.20    0.00     0.0
    1976  217.00     0.0     0.0     0.0      0.      0.
    0.00    5.00    0.00   81.80   13.20    0.00     0.0
    1977    85.0     0.0     0.0     0.0      0.      0.
    0.00    5.00    0.00   81.80   13.20    0.00     0.0
    1978  149.40     0.0     0.0     0.0      0.      0.
    0.00    5.00    0.00   81.80   13.20    0.00     0.0
    1979  104.00     0.0     0.0     0.0      0.      0.
    0.00    5.00    0.00   81.80   13.20    0.00     0.0
    1980  112.00     0.0     0.0     0.0      0.      0.
    0.00    5.00    0.00   81.80   13.20    0.00     0.0
    1981   89.00     0.0     0.0     0.0      0.      0.
    0.00    5.00    0.00   81.80   13.20    0.00     0.0
    1982  138.00     0.0     0.0     0.0      0.      0.
    0.00    5.00    0.00   81.80   13.20    0.00     0.0
    1983  158.00     0.0     0.0     0.0      0.      0.
    0.00    5.00    0.00   81.80   13.20    0.00     0.0
    1984  146.00     0.0     0.0     0.0      0.      0.
    0.00    5.00    0.00   81.80   13.20    0.00     0.0
    1985   45.00     0.0     0.0     0.0      0.      0.
    0.00    5.00    0.00   81.80   13.20    0.00     0.0
    1986   64.00     0.0     0.0     0.0      0.      0.
    0.00    5.00    0.00   81.80   13.20    0.00     0.0
    1987  116.60     0.0     0.0     0.0      0.      0.
    0.00    5.00    0.00   81.80   13.20    0.00     0.0
    1988  135.85     0.0     0.0     0.0      0.      0.
    0.00    5.00    0.00   81.80   13.20    0.00     0.0
    1989   69.00     0.0     0.0     0.0      0.      0.
    0.00    5.00    0.00   81.80   13.20    0.00     0.0
    1990   68.00     0.0     0.0     0.0      0.      0.
    0.00    5.00    0.00   81.80   13.20    0.00     0.0
    1991  180.00     0.0     0.0     0.0      0.      0.
    0.00    5.00    0.00   81.80   13.20    0.00     0.0
    1992  138.00     0.0     0.0     0.0      0.      0.
    0.00    5.00    0.00   81.80   13.20    0.00     0.0
    1993  220.00     0.0     0.0     0.0      0.      0.
    0.00    5.00    0.00   81.80   13.20    0.00     0.0
    1994   59.00     0.0     0.0     0.0      0.      0.
    0.00    5.00    0.00   81.80   13.20    0.00     0.0
    1995   73.00     0.0     0.0     0.0      0.      0.
    0.00    5.00    0.00   81.80   13.20    0.00     0.0
    1996   68.00     0.0     0.0     0.0      0.      0.
    0.00    5.00    0.00   81.80   13.20    0.00     0.0
    1997  221.00     0.0     0.0     0.0      0.      0.
    0.00    5.00    0.00   81.80   13.20    0.00     0.0
    1998  287.82     0.0     0.0     0.0      0.      0.
    0.00    5.00    0.00   81.80   13.20    0.00     0.0
    1999   95.40     0.0     0.0     0.0      0.      0.
   99.89    0.11    0.00    0.00    0.00    0.00     0.0
    2000   75.85     0.0     0.0     0.0      0.      0.
  100.00    0.00    0.00    0.00    0.00    0.00     0.0
    2001   72.95     0.0     0.0     0.0      0.      0.
  100.00    0.00    0.00    0.00    0.00    0.00     0.0
    2002   97.50     0.0     0.0     0.0      0.      0.
   47.70    0.00    52.3    0.00    0.00    0.00     0.0
    2003  102.90     0.0     0.0     0.0      0.      0.
   99.81    0.19    0.00    0.00    0.00    0.00     0.0
    2004   49.60     0.0     0.0     0.0      0.      0.
  100.00    0.00    0.00    0.00    0.00    0.00     0.0
    2005  106.40     0.0     0.0     0.0      0.      0.
  100.00    0.00    0.00    0.00    0.00    0.00     0.0
    2006    76.5     0.0     0.0     0.0      0.      0.
  100.00    0.00    0.00    0.00    0.00    0.00     0.0
    2007   125.5     0.0     0.0     0.0     0.0     0.0
     0.0     0.0     0.0   100.0     0.0     0.0     0.0
    2008    61.0     0.0     0.0     0.0     0.0     0.0
     0.0     0.0     0.0   100.0     0.0     0.0     0.0
    2009   139.3     0.0     0.0     0.0     0.0     0.0
     0.0     0.0     0.0   100.0     0.0     0.0     0.0
    2010   191.8     0.0     0.0     0.0     0.0     0.0
     0.0     0.0     0.0   100.0     0.0     0.0     0.0
    2011   103.5     0.0     0.0     0.0     0.0     0.0
     0.0     0.0     0.0   100.0     0.0     0.0     0.0
    2012   188.5     0.0     0.0     0.0     0.0     0.0
     0.0     0.0     0.0   100.0     0.0     0.0     0.0
    2013   113.4     0.0     0.0     0.0     0.0     0.0
     0.0     0.0     0.0   100.0     0.0     0.0     0.0
    2014   150.0     0.0     0.0     0.0     0.0     0.0
     0.0     0.0     0.0    99.4     0.0     0.0     0.6
    2015   150.0     0.0     0.0     0.0     0.0     0.0
     0.0     0.0     0.0    99.4     0.0     0.0     0.6
    2016   125.3     0.0     0.0     0.0     0.0     0.0
     0.0     0.0     0.0    96.3     0.0     0.0     3.7
    2017   158.8     0.0     0.0     0.0     0.0     0.0
     0.0     0.0     0.0    94.4     0.0     0.0     5.6
    2018   100.5     0.0     0.0     0.0     0.0     0.0
     0.0     0.0     0.0    95.4     0.0     0.0     4.6
    2019   108.1     0.0     0.0     0.0     0.0     0.0
     0.0     0.0     0.0    98.9     0.0     0.0     1.1
    2020   114.4     0.0     0.0     0.0     0.0     0.0
     0.0     0.0     0.0    97.0     0.0     0.0     3.0
    2021    52.2     0.0     0.0     0.0     0.0     0.0
     0.0     0.0     0.0    91.2     0.0     0.0     8.8
    2022    67.7     0.0     0.0     0.0     0.0     0.0
     0.0     0.0     0.0    93.1     0.0     0.0     6.9
    2023   136.8     0.0     0.0     0.0     0.0     0.0
     0.0     0.0     0.0    96.5     0.0     0.0     3.5
    2024   183.4     0.0     0.0     0.0     0.0     0.0
     0.0     0.0     0.0    97.4     0.0     0.0     2.6
    1968   100.0    10.0     0.0     2.0     0.0     0.0     0.0
    1969   100.0    10.0     0.0     2.0     0.0     0.0     0.0
    1970   100.0    10.0     0.0     2.0     0.0     0.0     0.0
    1971   100.0    10.0     0.0     2.0     0.0     0.0     0.0
    1972   100.0    10.0     0.0     2.0     0.0     0.0     0.0
    1973   100.0    10.0     0.0     2.0     0.0     0.0     0.0
    1974   100.0    10.0     0.0     2.0     0.0     0.0     0.0
    1975   100.0    10.0     0.0     2.0     0.0     0.0     0.0
    1976   100.0    10.0     0.0     2.0     0.0     0.0     0.0
    1977   100.0    10.0     0.0     2.0     0.0     0.0     0.0
    1978   100.0    10.0     0.0     2.0     0.0     0.0     0.0
    1979   100.0    10.0     0.0     2.0     0.0     0.0     0.0
    1980   100.0    10.0     0.0     2.0     0.0     0.0     0.0
    1981   100.0    10.0     0.0     2.0     0.0     0.0     0.0
    1982   100.0    10.0     0.0     2.0     0.0     0.0     0.0
    1983   100.0    10.0     0.0     2.0     0.0     0.0     0.0
    1984   100.0    10.0     0.0     2.0     0.0     0.0     0.0
    1985   100.0    10.0     0.0     2.0     0.0     0.0     0.0
    1986   100.0    10.0     0.0     2.0     0.0     0.0     0.0
    1987   100.0    10.0     0.0     2.0     0.0     0.0     0.0
    1988   100.0    10.0     0.0     2.0     0.0     0.0     0.0
    1989   100.0    10.0     0.0     2.0     0.0     0.0     0.0
    1990   100.0    10.0     0.0     2.0     0.0     0.0     0.0
    1991   100.0    10.0     0.0     2.0     0.0     0.0     0.0
    1992   100.0    10.0     0.0     2.0     0.0     0.0     0.0
    1993   100.0    10.0     0.0     2.0     0.0     0.0     0.0
    1994   100.0    10.0     0.0     2.0     0.0     0.0     0.0
    1995   100.0    10.0     0.0     2.0     0.0     0.0     0.0
    1996   100.0    10.0     0.0     2.0     0.0     0.0     0.0
    1997   100.0    10.0     0.0     2.0     0.0     0.0     0.0
    1998   100.0    10.0     0.0     2.0     0.0     0.0     0.0
    1999   100.0    10.0     0.0     2.0     0.0     0.0     0.0
    2000   100.0    10.0     0.0     2.0     0.0     0.0     0.0
    2001   100.0    10.0     0.0     2.0     0.0     0.0     0.0
    2002   100.0    10.0     0.0     2.0     0.0     0.0     0.0
    2003   100.0    10.0     0.0     2.0     0.0     0.0     0.0
    2004   100.0    10.0     0.0     2.0     0.0     0.0     0.0
    2005   100.0    10.0     0.0     2.0     0.0     0.0     0.0
    2006   100.0    10.0     0.0     2.0     0.0     0.0     0.0
    2007   100.0    10.0     0.0     2.0     0.0     0.0     0.0
    2008   100.0    10.0     0.0     2.0     0.0     0.0     0.0
    2009   100.0    10.0     0.0     2.0     0.0     0.0     0.0
    2010   100.0    10.0     0.0     2.0     0.0     0.0     0.0
    2011   100.0    10.0     0.0     2.0     0.0     0.0     0.0
    2012   100.0    10.0     0.0     2.0     0.0     0.0     0.0
    2013   100.0    10.0     0.0     2.0     0.0     0.0     0.0
    2014    99.7    10.0     0.3     2.0     0.0     0.0     0.0
    2015    99.7    10.0     0.3     2.0     0.0     0.0     0.0
    2016   100.0    10.0     0.0     2.0     0.0     0.0     0.0
    2017    99.1    10.0     0.9     2.0     0.0     0.0     0.0
    2018    85.4    10.0    14.6     2.0     0.0     0.0     0.0
    2019    99.1    10.0     0.9     2.0     0.0     0.0     0.0
    2020    97.0    10.0     3.0     2.0     0.0     0.0     0.0
    2021    91.2    10.0     6.5     2.0     2.2     0.0     0.0
    2022    93.1    10.0     6.9     2.0     0.0     0.0     0.0
    2023    96.5    10.0     2.7     2.0     0.8     0.0     0.0
    2024    78.0    10.0    22.0     2.0     0.8     0.0     0.0
       0
 2      APACHE-ARAGON
   33.84
       2      11       2       2
       5      26       4       6      28      29      19       1       2       3
      25
      0.
    1968  151.00     0.0     0.0     0.0      0.      0.
    0.00    0.00    0.70    0.00    0.00   58.50   18.10    4.30   16.40    2.00
     0.0
    1969  183.00     0.0     0.0     0.0      0.      0.
    0.00    0.00    1.10    0.00    0.00   58.40   18.00    4.20   16.30    2.00
     0.0
    1970  143.00     0.0     0.0     0.0      0.      0.
    0.00    0.00    1.10    0.00    0.00   58.40   18.00    4.20   16.30    2.00
     0.0
    1971  106.00     0.0     0.0     0.0      0.      0.
    0.00    0.00    1.10    0.00    0.00   58.40   18.00    4.20   16.30    2.00
     0.0
    1972   47.00     0.0     0.0     0.0      0.      0.
    0.00    0.00    1.10    0.00    0.00   58.40   18.00    4.20   16.30    2.00
     0.0
    1973  104.00     0.0     0.0     0.0      0.      0.
    0.00    0.00    1.10    0.00    0.00   58.40   18.00    4.20   16.30    2.00
     0.0
    1974  125.00     0.0     0.0     0.0      0.      0.
    0.00    0.00    1.10    0.00    0.00   58.40   18.00    4.20   16.30    2.00
     0.0
    1975  231.00     0.0     0.0     0.0      0.      0.
    0.00    0.00    1.10    0.00    0.00   58.40   18.00    4.20   16.30    2.00
     0.0
    1976  233.00     0.0     0.0     0.0      0.      0.
    0.00    0.00    1.10    0.00    0.00   58.40   18.00    4.20   16.30    2.00
     0.0
    1977  203.00     0.0     0.0     0.0      0.      0.
    0.00    0.00    1.10    0.00    0.00   58.40   18.00    4.20   16.30    2.00
     0.0
    1978  137.50     0.0     0.0     0.0      0.      0.
    0.00    0.00    1.10    0.00    0.00   58.40   18.00    4.20   16.30    2.00
     0.0
    1979   97.00     0.0     0.0     0.0      0.      0.
    0.00    0.00    1.10    0.00    0.00   58.40   18.00    4.20   16.30    2.00
     0.0
    1980  152.00     0.0     0.0     0.0      0.      0.
    0.00    0.00    1.10    0.00    0.00   58.40   18.00    4.20   16.30    2.00
     0.0
    1981  155.00     0.0     0.0     0.0      0.      0.
    0.00    0.00    1.10    0.00    0.00   58.40   18.00    4.20   16.30    2.00
     0.0
    1982  116.00     0.0     0.0     0.0      0.      0.
    0.00    0.00    1.10    0.00    0.00   58.40   18.00    4.20   16.30    2.00
     0.0
    1983  219.00     0.0     0.0     0.0      0.      0.
    0.00    0.00    1.10    0.00    0.00   58.40   18.00    4.20   16.30    2.00
     0.0
    1984  123.00     0.0     0.0     0.0      0.      0.
    0.00    0.00    1.10    0.00    0.00   58.40   18.00    4.20   16.30    2.00
     0.0
    1985  141.10     0.0     0.0     0.0      0.      0.
    0.00    0.00    1.10    0.00    0.00   58.40   18.00    4.20   16.30    2.00
     0.0
    1986  144.00     0.0     0.0     0.0      0.      0.
    0.00    0.00    1.10    0.00    0.00   58.40   18.00    4.20   16.30    2.00
     0.0
    1987  158.20     0.0     0.0     0.0      0.      0.
    0.00    0.00    1.10    0.00    0.00   58.40   18.00    4.20   16.30    2.00
     0.0
    1988  178.30     0.0     0.0     0.0      0.      0.
    0.00    0.00    1.10    0.00    0.00   58.40   18.00    4.20   16.30    2.00
     0.0
    1989  139.00     0.0     0.0     0.0      0.      0.
    0.00    0.00    1.10    0.00    0.00   58.40   18.00    4.20   16.30    2.00
     0.0
    1990  155.00     0.0     0.0     0.0      0.      0.
    0.00    0.00    1.10    0.00    0.00   58.40   18.00    4.20   16.30    2.00
     0.0
    1991  157.00     0.0     0.0     0.0      0.      0.
    0.00    0.00    1.10    0.00    0.00   58.40   18.00    4.20   16.30    2.00
     0.0
    1992  116.00     0.0     0.0     0.0      0.      0.
    0.00    0.00    1.10    0.00    0.00   58.40   18.00    4.20   16.30    2.00
     0.0
    1993  190.00     0.0     0.0     0.0      0.      0.
    0.00    0.00    1.10    0.00    0.00   58.40   18.00    4.20   16.30    2.00
     0.0
    1994   86.00     0.0     0.0     0.0      0.      0.
    0.00    0.00    1.10    0.00    0.00   58.40   18.00    4.20   16.30    2.00
     0.0
    1995  144.00     0.0     0.0     0.0      0.      0.
    0.00    0.00    1.10    0.00    0.00   58.40   18.00    4.20   16.30    2.00
     0.0
    1996  189.00     0.0     0.0     0.0      0.      0.
    0.00    0.00    1.10    0.00    0.00   58.40   18.00    4.20   16.30    2.00
     0.0
    1997  200.00     0.0     0.0     0.0      0.      0.
    0.00    0.00    1.10    0.00    0.00   58.40   18.00    4.20   16.30    2.00
     0.0
    1998  316.98     0.0     0.0     0.0      0.      0.
    0.00    0.00    1.10    0.00    0.00   58.40   18.00    4.20   16.30    2.00
     0.0
    1999  293.60     0.0     0.0     0.0      0.      0.
   95.78    2.93    1.29    0.00    0.00    0.00    0.00    0.00    0.00    0.00
     0.0
    2000  255.87     0.0     0.0     0.0      0.      0.
   96.80    2.74    0.47    0.00    0.00    0.00    0.00    0.00    0.00    0.00
     0.0
    2001  271.36     0.0     0.0     0.0      0.      0.
   96.02    0.00    3.98    0.00    0.00    0.00    0.00    0.00    0.00    0.00
     0.0
    2002  211.90     0.0     0.0     0.0      0.      0.
   94.01    1.61    0.09    0.00    4.29    0.00    0.00    0.00    0.00    0.00
     0.0
    2003  191.70     0.0     0.0     0.0      0.      0.
   99.60    0.00    0.00    0.40    0.00    0.00    0.00    0.00    0.00    0.00
     0.0
    2004  214.90     0.0     0.0     0.0      0.      0.
   97.95    1.72    0.33    0.00    0.00    0.00    0.00    0.00    0.00    0.00
     0.0
    2005  216.80     0.0     0.0     0.0      0.      0.
   98.30    1.70    0.00    0.00    0.00    0.00    0.00    0.00    0.00    0.00
     0.0
    2006  237.60     0.0     0.0     0.0      0.      0.
   98.57    1.39    0.00    0.00    0.00    0.00    0.00    0.00    0.00    0.04
     0.0
    2007  278.70     0.0     0.0     0.0      0.      0.
    0.00    1.18    0.00    0.00    0.00   98.78    0.00    0.00    0.00    0.04
     0.0
    2008   265.5     0.0     0.0     0.0     0.0     0.0
     0.0     0.0     0.0     0.0     0.0   100.0     0.0     0.0     0.0     0.0
     0.0
    2009   251.2     0.0     0.0     0.0     0.0     0.0
     0.0     0.0     0.0     0.0     0.0    98.7     0.0     0.0     0.0     1.3
     0.0
    2010   288.9     0.0     0.0     0.0     0.0     0.0
     0.0     0.0     0.0     0.0     0.0   100.0     0.0     0.0     0.0     0.0
     0.0
    2011   234.5     0.0     0.0     0.0     0.0     0.0
     0.0     0.0     0.0     0.0     0.0   100.0     0.0     0.0     0.0     0.0
     0.0
    2012   151.3     0.0     0.0     0.0     0.0     0.0
     0.0     0.0     0.0     0.0     0.0   100.0     0.0     0.0     0.0     0.0
     0.0
    2013   142.7     0.0     0.0     0.0     0.0     0.0
     0.0     0.0     0.0     0.0     0.0    99.9     0.0     0.0     0.0     0.1
     0.0
    2014   166.1     0.0     0.0     0.0     0.0     0.0
     0.0     0.0     0.4     0.4     0.0     0.0    96.4     0.0     0.0     0.9
     1.9
    2015   165.0     0.0     0.0     0.0     0.0     0.0
     0.0     0.0     0.4     0.4     0.0     0.0    95.8     0.0     0.0     1.4
     2.0
    2016   150.5     0.0     0.0     0.0     0.0     0.0
     0.0     0.0     0.4     0.5     0.0     0.0    95.1     0.0     0.0     1.5
     2.5
    2017   146.1     0.0     0.0     0.0     0.0     0.0
     0.0     0.0     0.4     0.3     0.0     0.0    94.9     0.0     0.0     0.6
     3.8
    2018   141.0     0.0     0.0     0.0     0.0     0.0
     3.0     0.0     0.4     0.3     0.0     0.0    92.3     0.0     0.0     0.6
     3.4
    2019   128.8     0.0     0.0     0.0     0.0     0.0
     1.5     0.0     0.4     0.0     0.0     0.0    93.2     0.0     0.0     0.3
     4.6
    2020   194.2     0.0     0.0     0.0     0.0     0.0
     0.0     0.0     0.0     0.0     0.0     0.0    97.2     0.0     0.0     0.2
     2.6
    2021   194.8     0.0     0.0     0.0     0.0     0.0
     0.0     0.0     0.0     0.0     0.0     0.0    93.7     0.0     0.0     0.2
     6.1
    2022   197.0     0.0     0.0     0.0     0.0     0.0
     1.5     0.0     0.0     0.0     0.0     0.0    92.2     0.0     0.0     0.2
     6.1
    2023   181.1     0.0     0.0     0.0     0.0     0.0
     0.0     0.0     0.3     0.0     0.0     0.0    92.8     0.0     0.0     0.2
     6.7
    2024   157.0     0.0     0.0     0.0     0.0     0.0
     0.0     0.0     0.3     0.0     0.0     0.0    91.7     0.0     0.0     0.3
     7.7
    1968   100.0    10.0     0.0     2.0     0.0     0.0     0.0
    1969   100.0    10.0     0.0     2.0     0.0     0.0     0.0
    1970   100.0    10.0     0.0     2.0     0.0     0.0     0.0
    1971   100.0    10.0     0.0     2.0     0.0     0.0     0.0
    1972   100.0    10.0     0.0     2.0     0.0     0.0     0.0
    1973   100.0    10.0     0.0     2.0     0.0     0.0     0.0
    1974   100.0    10.0     0.0     2.0     0.0     0.0     0.0
    1975   100.0    10.0     0.0     2.0     0.0     0.0     0.0
    1976   100.0    10.0     0.0     2.0     0.0     0.0     0.0
    1977   100.0    10.0     0.0     2.0     0.0     0.0     0.0
    1978   100.0    10.0     0.0     2.0     0.0     0.0     0.0
    1979   100.0    10.0     0.0     2.0     0.0     0.0     0.0
    1980   100.0    10.0     0.0     2.0     0.0     0.0     0.0
    1981   100.0    10.0     0.0     2.0     0.0     0.0     0.0
    1982   100.0    10.0     0.0     2.0     0.0     0.0     0.0
    1983   100.0    10.0     0.0     2.0     0.0     0.0     0.0
    1984   100.0    10.0     0.0     2.0     0.0     0.0     0.0
    1985   100.0    10.0     0.0     2.0     0.0     0.0     0.0
    1986   100.0    10.0     0.0     2.0     0.0     0.0     0.0
    1987   100.0    10.0     0.0     2.0     0.0     0.0     0.0
    1988   100.0    10.0     0.0     2.0     0.0     0.0     0.0
    1989   100.0    10.0     0.0     2.0     0.0     0.0     0.0
    1990   100.0    10.0     0.0     2.0     0.0     0.0     0.0
    1991   100.0    10.0     0.0     2.0     0.0     0.0     0.0
    1992   100.0    10.0     0.0     2.0     0.0     0.0     0.0
    1993   100.0    10.0     0.0     2.0     0.0     0.0     0.0
    1994   100.0    10.0     0.0     2.0     0.0     0.0     0.0
    1995   100.0    10.0     0.0     2.0     0.0     0.0     0.0
    1996   100.0    10.0     0.0     2.0     0.0     0.0     0.0
    1997   100.0    10.0     0.0     2.0     0.0     0.0     0.0
    1998   100.0    10.0     0.0     2.0     0.0     0.0     0.0
    1999   100.0    10.0     0.0     2.0     0.0     0.0     0.0
    2000   100.0    10.0     0.0     2.0     0.0     0.0     0.0
    2001   100.0    10.0     0.0     2.0     0.0     0.0     0.0
    2002   100.0    10.0     0.0     2.0     0.0     0.0     0.0
    2003   100.0    10.0     0.0     2.0     0.0     0.0     0.0
    2004   100.0    10.0     0.0     2.0     0.0     0.0     0.0
    2005   100.0    10.0     0.0     2.0     0.0     0.0     0.0
    2006   100.0    10.0     0.0     2.0     0.0     0.0     0.0
    2007   100.0    10.0     0.0     2.0     0.0     0.0     0.0
    2008   100.0    10.0     0.0     2.0     0.0     0.0     0.0
    2009   100.0    10.0     0.0     2.0     0.0     0.0     0.0
    2010   100.0    10.0     0.0     2.0     0.0     0.0     0.0
    2011   100.0    10.0     0.0     2.0     0.0     0.0     0.0
    2012   100.0    10.0     0.0     2.0     0.0     0.0     0.0
    2013   100.0    10.0     0.0     2.0     0.0     0.0     0.0
    2014    93.3    10.0     6.7     2.0     0.0     0.0     0.0
    2015    93.2    10.0     6.8     2.0     0.0     0.0     0.0
    2016    90.5    10.0     9.5     2.0     0.0     0.0     0.0
    2017    85.2    10.0    14.8     2.0     0.0     0.0     0.0
    2018    85.5    10.0    14.5     2.0     0.0     0.0     0.0
    2019    83.6    10.0    16.3     2.0     0.1     0.0     0.0
    2020    77.4    10.0    22.5     2.0     0.1     0.0     0.0
    2021    78.3    10.0    21.6     2.0     0.1     0.0     0.0
    2022    79.9    10.0    20.0     2.0     0.1     0.0     0.0
    2023    78.2    10.0    21.7     2.0     0.1     0.0     0.0
    2024    90.2    10.0     9.7     2.0     0.1     0.0     0.0
       0
 3      RESERVE
   33.43
       3      13       3       3
       5       4      19       7       3      28       6       1      29       2
       8      12      25
      0.
    1968  346.00     0.0     0.0     0.0      0.      0.
    7.80    1.70   22.80    0.00    2.10    0.00    0.00   19.40   30.50   12.00
    3.70     0.0     0.0
    1969  403.00     0.0     0.0     0.0      0.      0.
    7.80    1.70   22.80    0.00    2.10    0.00    0.00   19.40   30.50   12.00
    3.70     0.0     0.0
    1970  333.00     0.0     0.0     0.0      0.      0.
    7.80    1.70   22.80    0.00    2.10    0.00    0.00   19.40   30.50   12.00
    3.70     0.0     0.0
    1971  267.00     0.0     0.0     0.0      0.      0.
    7.80    1.70   22.80    0.00    2.10    0.00    0.00   19.40   30.50   12.00
    3.70     0.0     0.0
    1972  297.00     0.0     0.0     0.0      0.      0.
    7.80    1.70   22.80    0.00    2.10    0.00    0.00   19.40   30.50   12.00
    3.70     0.0     0.0
    1973  274.00     0.0     0.0     0.0      0.      0.
    7.80    1.70   22.80    0.00    2.10    0.00    0.00   19.40   30.50   12.00
    3.70     0.0     0.0
    1974  231.00     0.0     0.0     0.0      0.      0.
    7.80    1.70   22.80    0.00    2.10    0.00    0.00   19.40   30.50   12.00
    3.70     0.0     0.0
    1975  385.00     0.0     0.0     0.0      0.      0.
    7.80    1.70   22.80    0.00    2.10    0.00    0.00   19.40   30.50   12.00
    3.70     0.0     0.0
    1976  325.00     0.0     0.0     0.0      0.      0.
    7.80    1.70   22.80    0.00    2.10    0.00    0.00   19.40   30.50   12.00
    3.70     0.0     0.0
    1977  400.00     0.0     0.0     0.0      0.      0.
    7.80    1.70   22.80    0.00    2.10    0.00    0.00   19.40   30.50   12.00
    3.70     0.0     0.0
    1978  309.20     0.0     0.0     0.0      0.      0.
   15.40    1.10   22.80    0.00    3.80    0.00    0.00    8.90   30.50   11.40
    6.10     0.0     0.0
    1979   21.00     0.0     0.0     0.0      0.      0.
   15.40    1.10   22.80    0.00    3.80    0.00    0.00    8.90   30.50   11.40
    6.10     0.0     0.0
    1980  258.00     0.0     0.0     0.0      0.      0.
   15.40    1.10   22.80    0.00    3.80    0.00    0.00    8.90   30.50   11.40
    6.10     0.0     0.0
    1981  344.00     0.0     0.0     0.0      0.      0.
   15.40    1.10   22.80    0.00    3.80    0.00    0.00    8.90   30.50   11.40
    6.10     0.0     0.0
    1982  175.00     0.0     0.0     0.0      0.      0.
   15.40    1.10   22.80    0.00    3.80    0.00    0.00    8.90   30.50   11.40
    6.10     0.0     0.0
    1983  236.00     0.0     0.0     0.0      0.      0.
   15.40    1.10   22.80    0.00    3.80    0.00    0.00    8.90   30.50   11.40
    6.10     0.0     0.0
    1984  129.00     0.0     0.0     0.0      0.      0.
   15.40    1.10   22.80    0.00    3.80    0.00    0.00    8.90   30.50   11.40
    6.10     0.0     0.0
    1985  123.00     0.0     0.0     0.0      0.      0.
   15.40    1.10   22.80    0.00    3.80    0.00    0.00    8.90   30.50   11.40
    6.10     0.0     0.0
    1986  207.00     0.0     0.0     0.0      0.      0.
   15.40    1.10   22.80    0.00    3.80    0.00    0.00    8.90   30.50   11.40
    6.10     0.0     0.0
    1987  172.90     0.0     0.0     0.0      0.      0.
   15.40    1.10   22.80    0.00    3.80    0.00    0.00    8.90   30.50   11.40
    6.10     0.0     0.0
    1988  182.20     0.0     0.0     0.0      0.      0.
   15.40    1.10   22.80    0.00    3.80    0.00    0.00    8.90   30.50   11.40
    6.10     0.0     0.0
    1989  211.00     0.0     0.0     0.0      0.      0.
   15.40    1.10   22.80    0.00    3.80    0.00    0.00    8.90   30.50   11.40
    6.10     0.0     0.0
    1990  148.00     0.0     0.0     0.0      0.      0.
   15.40    1.10   22.80    0.00    3.80    0.00    0.00    8.90   30.50   11.40
    6.10     0.0     0.0
    1991  215.00     0.0     0.0     0.0      0.      0.
   15.40    1.10   22.80    0.00    3.80    0.00    0.00    8.90   30.50   11.40
    6.10     0.0     0.0
    1992  175.00     0.0     0.0     0.0      0.      0.
   15.40    1.10   22.80    0.00    3.80    0.00    0.00    8.90   30.50   11.40
    6.10     0.0     0.0
    1993  165.00     0.0     0.0     0.0      0.      0.
   15.40    1.10   22.80    0.00    3.80    0.00    0.00    8.90   30.50   11.40
    6.10     0.0     0.0
    1994  179.00     0.0     0.0     0.0      0.      0.
   15.40    1.10   22.80    0.00    3.80    0.00    0.00    8.90   30.50   11.40
    6.10     0.0     0.0
    1995  169.00     0.0     0.0     0.0      0.      0.
   15.40    1.10   22.80    0.00    3.80    0.00    0.00    8.90   30.50   11.40
    6.10     0.0     0.0
    1996  244.00     0.0     0.0     0.0      0.      0.
   15.40    1.10   22.80    0.00    3.80    0.00    0.00    8.90   30.50   11.40
    6.10     0.0     0.0
    1997  289.00     0.0     0.0     0.0      0.      0.
   15.40    1.10   22.80    0.00    3.80    0.00    0.00    8.90   30.50   11.40
    6.10     0.0     0.0
    1998  310.10     0.0     0.0     0.0      0.      0.
   15.40    1.10   22.80    0.00    3.80    0.00    0.00    8.90   30.50   11.40
    6.10     0.0     0.0
    1999  332.00     0.0     0.0     0.0      0.      0.
   79.22    3.34   13.28    0.00    0.93    0.00    3.22    0.00    0.00    0.00
    0.00     0.0     0.0
    2000  243.64     0.0     0.0     0.0      0.      0.
   99.09    0.45    0.00    0.00    0.46    0.00    0.00    0.00    0.00    0.00
    0.00     0.0     0.0
    2001  169.18     0.0     0.0     0.0      0.      0.
   98.20    1.80    0.00    0.00    0.00    0.00    0.00    0.00    0.00    0.00
    0.00     0.0     0.0
    2002  214.10     0.0     0.0     0.0      0.      0.
   91.00    0.60    0.00    0.00    0.50    7.90    0.00    0.00    0.00    0.00
    0.00     0.0     0.0
    2003  216.60     0.0     0.0     0.0      0.      0.
   97.10    0.90    0.00    0.00    0.70    0.00    1.30    0.00    0.00    0.00
    0.00     0.0     0.0
    2004  209.10     0.0     0.0     0.0      0.      0.
   76.28    5.26   16.50    1.96    0.00    0.00    0.00    0.00    0.00    0.00
    0.00     0.0     0.0
    2005  244.70     0.0     0.0     0.0      0.      0.
  100.00    0.00     0.0     0.0    0.00    0.00    0.00    0.00    0.00    0.00
    0.00     0.0     0.0
    2006  245.90     0.0     0.0     0.0      0.      0.
   98.94    0.00     0.0     0.0    1.06    0.00    0.00    0.00    0.00    0.00
    0.00     0.0     0.0
    2007  269.70     0.0     0.0     0.0      0.      0.
    0.00    0.37    0.00    0.00    0.96    0.00    0.48    0.00   98.18    0.00
    0.00     0.0     0.0
    2008   309.7     0.0     0.0     0.0     0.0     0.0
     0.0     0.0     0.0     0.0     0.4     0.0     0.9     0.4    97.9     0.1
     0.0     0.3     0.0
    2009   232.2     0.0     0.0     0.0     0.0     0.0
     0.0     0.0     0.0     0.0     0.5     0.0     1.8     0.0    96.9     0.3
     0.0     0.5     0.0
    2010   256.2     0.0     0.0     0.0     0.0     0.0
     0.0     0.0     0.0     0.0     1.0     0.0     1.3     0.0    96.9     0.3
     0.0     0.5     0.0
    2011   268.1     0.0     0.0     0.0     0.0     0.0
     0.0     0.0     0.0     0.0     1.0     0.0     1.2     0.0    97.0     0.3
     0.0     0.5     0.0
    2012   285.0     0.0     0.0     0.0     0.0     0.0
     0.0     0.2     0.0     0.0     0.8     0.0     2.5     0.0    95.0     1.0
     0.0     0.5     0.0
    2013   282.0     0.0     0.0     0.0     0.0     0.0
     0.0     0.2     0.0     0.0     0.6     0.0     0.0     0.0    98.4     0.3
     0.0     0.5     0.0
    2014   301.5     0.0     0.0     0.0     0.0     0.0
     0.0     0.0    78.6    10.4     1.1     0.0     0.6     0.0     9.3     0.0
     0.0     0.0     0.0
    2015   273.9     0.0     0.0     0.0     0.0     0.0
     6.0     2.6    88.4     0.8     1.5     0.0     0.7     0.0     0.0     0.0
     0.0     0.0     0.0
    2016   291.9     0.0     0.0     0.0     0.0     0.0
     1.7     1.8    94.5     0.3     1.4     0.0     0.0     0.0     0.0     0.0
     0.0     0.3     0.0
    2017   255.6     0.0     0.0     0.0     0.0     0.0
     3.3     2.1    85.3     0.0     1.4     0.0     0.6     3.2     2.5     0.0
     0.0     0.3     1.3
    2018   262.7     0.0     0.0     0.0     0.0     0.0
     6.7     1.8    85.9     0.0     1.1     0.0     0.0     3.3     0.0     0.0
     0.0     0.0     1.2
    2019   306.6     0.0     0.0     0.0     0.0     0.0
     0.1     1.8    91.3     0.0     1.1     0.0     0.8     3.4     0.0     0.0
     0.0     0.0     1.5
    2020   306.6     0.0     0.0     0.0     0.0     0.0
     9.5     2.2    82.2     0.0     1.3     0.0     0.6     2.9     0.0     0.0
     0.0     0.0     1.3
    2021   295.4     0.0     0.0     0.0     0.0     0.0
     9.5     2.0    80.5     0.0     1.1     0.0     0.8     3.0     1.7     0.0
     0.0     0.0     1.4
    2022   283.9     0.0     0.0     0.0     0.0     0.0
     5.9     2.3    85.0     0.0     1.2     0.0     0.5     3.1     0.5     0.0
     0.0     0.0     1.5
    2023   314.3     0.0     0.0     0.0     0.0     0.0
    10.0     1.9    82.5     0.0     1.0     0.0     0.0     2.8     0.5     0.0
     0.0     0.0     1.3
    2024   338.6     0.0     0.0     0.0     0.0     0.0
     9.7     1.9    84.3     0.0     0.2     0.0     0.8     1.0     0.4     0.0
     0.0     0.0     1.7
    1968   100.0    10.0     0.0     2.0     0.0     0.0     0.0
    1969   100.0    10.0     0.0     2.0     0.0     0.0     0.0
    1970   100.0    10.0     0.0     2.0     0.0     0.0     0.0
    1971   100.0    10.0     0.0     2.0     0.0     0.0     0.0
    1972   100.0    10.0     0.0     2.0     0.0     0.0     0.0
    1973   100.0    10.0     0.0     2.0     0.0     0.0     0.0
    1974   100.0    10.0     0.0     2.0     0.0     0.0     0.0
    1975   100.0    10.0     0.0     2.0     0.0     0.0     0.0
    1976   100.0    10.0     0.0     2.0     0.0     0.0     0.0
    1977   100.0    10.0     0.0     2.0     0.0     0.0     0.0
    1978   100.0    10.0     0.0     2.0     0.0     0.0     0.0
    1979   100.0    10.0     0.0     2.0     0.0     0.0     0.0
    1980   100.0    10.0     0.0     2.0     0.0     0.0     0.0
    1981   100.0    10.0     0.0     2.0     0.0     0.0     0.0
    1982   100.0    10.0     0.0     2.0     0.0     0.0     0.0
    1983   100.0    10.0     0.0     2.0     0.0     0.0     0.0
    1984   100.0    10.0     0.0     2.0     0.0     0.0     0.0
    1985   100.0    10.0     0.0     2.0     0.0     0.0     0.0
    1986   100.0    10.0     0.0     2.0     0.0     0.0     0.0
    1987   100.0    10.0     0.0     2.0     0.0     0.0     0.0
    1988   100.0    10.0     0.0     2.0     0.0     0.0     0.0
    1989   100.0    10.0     0.0     2.0     0.0     0.0     0.0
    1990   100.0    10.0     0.0     2.0     0.0     0.0     0.0
    1991   100.0    10.0     0.0     2.0     0.0     0.0     0.0
    1992   100.0    10.0     0.0     2.0     0.0     0.0     0.0
    1993   100.0    10.0     0.0     2.0     0.0     0.0     0.0
    1994   100.0    10.0     0.0     2.0     0.0     0.0     0.0
    1995   100.0    10.0     0.0     2.0     0.0     0.0     0.0
    1996   100.0    10.0     0.0     2.0     0.0     0.0     0.0
    1997   100.0    10.0     0.0     2.0     0.0     0.0     0.0
    1998   100.0    10.0     0.0     2.0     0.0     0.0     0.0
    1999   100.0    10.0     0.0     2.0     0.0     0.0     0.0
    2000   100.0    10.0     0.0     2.0     0.0     0.0     0.0
    2001   100.0    10.0     0.0     2.0     0.0     0.0     0.0
    2002   100.0    10.0     0.0     2.0     0.0     0.0     0.0
    2003   100.0    10.0     0.0     2.0     0.0     0.0     0.0
    2004   97.94    10.0    2.06     2.0     0.0     0.0     0.0
    2005   100.0    10.0     0.0     2.0     0.0     0.0     0.0
    2006   100.0    10.0     0.0     2.0     0.0     0.0     0.0
    2007   100.0    10.0     0.0     2.0     0.0     0.0     0.0
    2008   100.0    10.0     0.0     2.0     0.0     0.0     0.0
    2009   100.0    10.0     0.0     2.0     0.0     0.0     0.0
    2010    99.2    10.0     0.8     2.0     0.0     0.0     0.0
    2011    99.2    10.0     0.8     2.0     0.0     0.0     0.0
    2012    99.3    10.0     0.7     2.0     0.0     0.0     0.0
    2013   100.0    10.0     0.0     2.0     0.0     0.0     0.0
    2014    85.0    10.0    15.0     2.0     0.0     0.0     0.0
    2015    93.6    10.0     4.7     2.0     1.7     0.0     0.0
    2016    94.9    10.0     4.1     2.0     1.0     0.0     0.0
    2017    95.0    10.0     3.5     2.0     1.5     0.0     0.0
    2018    91.5    10.0     7.3     2.0     1.2     0.0     0.0
    2019    88.8    10.0    10.0     2.0     1.2     0.0     0.0
    2020    86.9    10.0    11.5     2.0     1.6     0.0     0.0
    2021    87.7    10.0    10.9     2.0     1.4     0.0     0.0
    2022    91.9    10.0     6.4     2.0     1.8     0.0     0.0
    2023    92.2    10.0     6.5     2.0     1.3     0.0     0.0
    2024    90.9    10.0     7.6     2.0     1.5     0.0     0.0
       0
 4      GLENWOOD
   33.19
       4      15       4       4
       5       4       1      28       3       8       6      19      29       2
      16      13      25      27      22
      0.
    1968  789.00     0.0     0.0     0.0      0.      0.
   15.90    1.70   18.40    0.00    0.70   10.90    0.00    6.80   42.50    2.00
    1.10    0.00     0.0     0.0     0.0
    1969  788.00     0.0     0.0     0.0      0.      0.
   15.90    1.70   18.40    0.00    0.70   10.90    0.00    6.80   42.50    2.00
    1.10    0.00     0.0     0.0     0.0
    1970  773.00     0.0     0.0     0.0      0.      0.
   15.90    1.70   18.40    0.00    0.70   10.90    0.00    6.80   42.50    2.00
    1.10    0.00     0.0     0.0     0.0
    1971  633.00     0.0     0.0     0.0      0.      0.
   15.90    1.70   18.40    0.00    0.70   10.90    0.00    6.80   42.50    2.00
    1.10    0.00     0.0     0.0     0.0
    1972  595.00     0.0     0.0     0.0      0.      0.
   15.90    1.70   18.40    0.00    0.70   10.90    0.00    6.80   42.50    2.00
    1.10    0.00     0.0     0.0     0.0
    1973  456.00     0.0     0.0     0.0      0.      0.
   15.90    1.70   18.40    0.00    0.70   10.90    0.00    6.80   42.50    2.00
    1.10    0.00     0.0     0.0     0.0
    1974  508.00     0.0     0.0     0.0      0.      0.
   15.90    1.70   18.40    0.00    0.70   10.90    0.00    6.80   42.50    2.00
    1.10    0.00     0.0     0.0     0.0
    1975  849.00     0.0     0.0     0.0      0.      0.
   15.90    1.70   18.40    0.00    0.70   10.90    0.00    6.80   42.50    2.00
    1.10    0.00     0.0     0.0     0.0
    1976  759.00     0.0     0.0     0.0      0.      0.
   15.90    1.70   18.40    0.00    0.70   10.90    0.00    6.80   42.50    2.00
    1.10    0.00     0.0     0.0     0.0
    1977  764.00     0.0     0.0     0.0      0.      0.
   15.90    1.70   18.40    0.00    0.70   10.90    0.00    6.80   42.50    2.00
    1.10    0.00     0.0     0.0     0.0
    1978  752.80     0.0     0.0     0.0      0.      0.
   15.90    1.70   18.40    0.00    0.70   10.90    0.00    6.80   42.50    2.00
    1.10    0.00     0.0     0.0     0.0
    1979  378.00     0.0     0.0     0.0      0.      0.
   15.90    1.70   18.40    0.00    0.70   10.90    0.00    6.80   42.50    2.00
    1.10    0.00     0.0     0.0     0.0
    1980  775.00     0.0     0.0     0.0      0.      0.
   15.90    1.70   18.40    0.00    0.70   10.90    0.00    6.80   42.50    2.00
    1.10    0.00     0.0     0.0     0.0
    1981  698.00     0.0     0.0     0.0      0.      0.
   15.90    1.70   18.40    0.00    0.70   10.90    0.00    6.80   42.50    2.00
    1.10    0.00     0.0     0.0     0.0
    1982  537.00     0.0     0.0     0.0      0.      0.
   15.90    1.70   18.40    0.00    0.70   10.90    0.00    6.80   42.50    2.00
    1.10    0.00     0.0     0.0     0.0
    1983  693.00     0.0     0.0     0.0      0.      0.
   15.90    1.70   18.40    0.00    0.70   10.90    0.00    6.80   42.50    2.00
    1.10    0.00     0.0     0.0     0.0
    1984  474.00     0.0     0.0     0.0      0.      0.
   15.90    1.70   18.40    0.00    0.70   10.90    0.00    6.80   42.50    2.00
    1.10    0.00     0.0     0.0     0.0
    1985  387.40     0.0     0.0     0.0      0.      0.
   15.90    1.70   18.40    0.00    0.70   10.90    0.00    6.80   42.50    2.00
    1.10    0.00     0.0     0.0     0.0
    1986  411.10     0.0     0.0     0.0      0.      0.
   15.90    1.70   18.40    0.00    0.70   10.90    0.00    6.80   42.50    2.00
    1.10    0.00     0.0     0.0     0.0
    1987  499.50     0.0     0.0     0.0      0.      0.
   15.90    1.70   18.40    0.00    0.70   10.90    0.00    6.80   42.50    2.00
    1.10    0.00     0.0     0.0     0.0
    1988  543.70     0.0     0.0     0.0      0.      0.
   15.90    1.70   18.40    0.00    0.70   10.90    0.00    6.80   42.50    2.00
    1.10    0.00     0.0     0.0     0.0
    1989  406.00     0.0     0.0     0.0      0.      0.
   15.90    1.70   18.40    0.00    0.70   10.90    0.00    6.80   42.50    2.00
    1.10    0.00     0.0     0.0     0.0
    1990  428.00     0.0     0.0     0.0      0.      0.
   15.90    1.70   18.40    0.00    0.70   10.90    0.00    6.80   42.50    2.00
    1.10    0.00     0.0     0.0     0.0
    1991  622.00     0.0     0.0     0.0      0.      0.
   15.90    1.70   18.40    0.00    0.70   10.90    0.00    6.80   42.50    2.00
    1.10    0.00     0.0     0.0     0.0
    1992  537.00     0.0     0.0     0.0      0.      0.
   15.90    1.70   18.40    0.00    0.70   10.90    0.00    6.80   42.50    2.00
    1.10    0.00     0.0     0.0     0.0
    1993  520.00     0.0     0.0     0.0      0.      0.
   15.90    1.70   18.40    0.00    0.70   10.90    0.00    6.80   42.50    2.00
    1.10    0.00     0.0     0.0     0.0
    1994  360.70     0.0     0.0     0.0      0.      0.
   15.90    1.70   18.40    0.00    0.70   10.90    0.00    6.80   42.50    2.00
    1.10    0.00     0.0     0.0     0.0
    1995  557.00     0.0     0.0     0.0      0.      0.
   15.90    1.70   18.40    0.00    0.70   10.90    0.00    6.80   42.50    2.00
    1.10    0.00     0.0     0.0     0.0
    1996  438.00     0.0     0.0     0.0      0.      0.
   37.00    2.70   42.50    0.00    0.60    1.60    2.60    6.80    6.20    0.00
    0.00    0.00     0.0     0.0     0.0
    1997  512.00     0.0     0.0     0.0      0.      0.
   37.00    2.70   42.50    0.00    0.60    1.60    2.60    6.80    6.20    0.00
    0.00    0.00     0.0     0.0     0.0
    1998  582.82     0.0     0.0     0.0      0.      0.
   37.00    2.70   42.50    0.00    0.60    1.60    2.60    6.80    6.20    0.00
    0.00    0.00     0.0     0.0     0.0
    1999   512.5     0.0     0.0     0.0      0.      0.
   72.84    0.84   24.62    0.00    0.00    0.00    1.70    0.00    0.00    0.00
    0.00    0.00     0.0     0.0     0.0
    2000   453.3     0.0     0.0     0.0      0.      0.
   98.90    1.10    0.00    0.00    0.10    0.00    0.00    0.00    0.00    0.00
    0.00    0.00     0.0     0.0     0.0
    2001   487.2     0.0     0.0     0.0      0.      0.
   97.60    2.40    0.00    0.00    0.00    0.00    0.00    0.00    0.00    0.00
    0.00    0.00     0.0     0.0     0.0
    2002   532.8     0.0     0.0     0.0      0.      0.
   79.00    0.50    2.00    5.40    0.00    0.00    0.00    0.00    0.00    0.00
    0.00    0.00     0.0     0.0     0.0
    2003   507.8     0.0     0.0     0.0      0.      0.
   95.10    0.24    0.00    0.00    0.00    4.70    0.00    0.00    0.00    0.00
    0.00    0.00     0.0     0.0     0.0
    2004  549.45     0.0     0.0     0.0      0.      0.
   84.86    0.46    0.00    0.00    0.00    0.00   14.55    0.13    0.00    0.00
    0.00    0.00     0.0     0.0     0.0
    2005  689.50     0.0     0.0     0.0      0.      0.
   75.70    0.20    7.40    0.00    0.00    0.00    3.60    0.00    0.00    0.00
    0.00    13.2     0.0     0.0     0.0
    2006  479.40     0.0     0.0     0.0      0.      0.
   99.33    0.67    0.00    0.00    0.00    0.00    0.00    0.00    0.00    0.00
    0.00    0.00     0.0     0.0     0.0
    2007  649.50     0.0     0.0     0.0      0.      0.
    0.00    0.48    0.00    0.00    0.00    0.00    2.65    0.00   96.87    0.00
    0.00    0.00     0.0     0.0     0.0
    2008   654.7     0.0     0.0     0.0     0.0     0.0
     0.0     0.5     0.0     0.0     0.0     0.0    19.7     0.0    79.8     0.0
     0.0     0.0     0.0     0.0     0.0
    2009   448.6     0.0     0.0     0.0     0.0     0.0
     0.0     0.4     1.1     0.0     0.4     0.0     2.0     0.0    96.0     0.0
     0.0     0.0     0.1     0.0     0.0
    2010   505.3     0.0     0.0     0.0     0.0     0.0
     0.0     0.3     0.0     0.0     0.1     0.0     2.6     0.0    96.8     0.0
     0.0     0.0     0.2     0.0     0.0
    2011   454.0     0.0     0.0     0.0     0.0     0.0
     0.0     0.3     2.3     0.0     0.2     0.0     0.0     0.0    96.9     0.0
     0.0     0.0     0.3     0.0     0.0
    2012   460.9     0.0     0.0     0.0     0.0     0.0
     0.0     0.1     0.0     0.0     0.2     0.0     0.0     0.0    99.3     0.0
     0.0     0.0     0.4     0.0     0.0
    2013   484.1     0.0     0.0     0.0     0.0     0.0
     0.0     0.0     0.0     0.0     0.0     0.0     0.0     0.0    99.3     0.0
     0.0     0.0     0.6     0.1     0.0
    2014   415.0     0.0     0.0     0.0     0.0     0.0
     0.0     0.2    13.6     0.0     0.1     0.0     1.2    80.0     0.0     0.0
     0.0     0.0     2.0     0.0     2.9
    2015   591.7     0.0     0.0     0.0     0.0     0.0
     7.5     0.2    20.4     0.0     0.0     0.0     7.2    60.3     0.0     0.0
     0.0     0.0     2.7     0.0     1.7
    2016   600.4     0.0     0.0     0.0     0.0     0.0
     8.4     0.2    35.3     0.0     0.0     0.0     6.6    47.1     0.0     0.0
     0.0     0.0     2.1     0.0     0.3
    2017   655.1     0.0     0.0     0.0     0.0     0.0
    36.0     0.2     7.9     0.0     0.0     0.0     0.0    53.6     0.0     0.0
     0.0     0.0     2.3     0.0     0.0
    2018   512.8     0.0     0.0     0.0     0.0     0.0  
    43.9     0.2     0.1     0.0     0.8     0.0     0.0    52.2     0.0     0.0
     0.0     0.0     2.8     0.0     0.0
    2019   628.3     0.0     0.0     0.0     0.0     0.0
    41.9     0.2     0.0     0.0     0.7     0.0     0.0    55.4     0.0     0.0
     0.0     0.0     1.8     0.0     0.0
    2020   677.4     0.0     0.0     0.0     0.0     0.0
    55.3     0.6     0.0     0.0     0.9     0.0     0.0    33.0     0.0     0.0
     6.1     0.0     4.1     0.0     0.0
    2021   621.5     0.0     0.0     0.0     0.0     0.0
    54.4     1.2     0.0     0.0     0.9     0.0     0.0    39.0     0.0     0.0
     0.0     0.0     4.5     0.0     0.0
    2022   668.8     0.0     0.0     0.0     0.0     0.0
    60.6     0.6     0.0     0.0     0.9     0.0     0.0    33.4     0.0     0.0
     0.0     0.0     4.5     0.0     0.0
    2023   707.5     0.0     0.0     0.0     0.0     0.0
    52.7     0.2     0.0     0.0     0.9     0.0     0.0    42.2     0.0     0.0
     0.0     0.0     4.0     0.0     0.0
    2024   709.9     0.0     0.0     0.0     0.0     0.0
    53.1     0.2     0.0     0.0     0.9     0.0     0.0    40.6     0.0     0.0
     0.0     0.0     5.2     0.0     0.0
    1968   100.0    10.0     0.0     2.0     0.0     0.0     0.0
    1969   100.0    10.0     0.0     2.0     0.0     0.0     0.0
    1970   100.0    10.0     0.0     2.0     0.0     0.0     0.0
    1971   100.0    10.0     0.0     2.0     0.0     0.0     0.0
    1972   100.0    10.0     0.0     2.0     0.0     0.0     0.0
    1973   100.0    10.0     0.0     2.0     0.0     0.0     0.0
    1974   100.0    10.0     0.0     2.0     0.0     0.0     0.0
    1975   100.0    10.0     0.0     2.0     0.0     0.0     0.0
    1976   100.0    10.0     0.0     2.0     0.0     0.0     0.0
    1977   100.0    10.0     0.0     2.0     0.0     0.0     0.0
    1978   100.0    10.0     0.0     2.0     0.0     0.0     0.0
    1979   100.0    10.0     0.0     2.0     0.0     0.0     0.0
    1980   100.0    10.0     0.0     2.0     0.0     0.0     0.0
    1981   100.0    10.0     0.0     2.0     0.0     0.0     0.0
    1982   100.0    10.0     0.0     2.0     0.0     0.0     0.0
    1983   100.0    10.0     0.0     2.0     0.0     0.0     0.0
    1984   100.0    10.0     0.0     2.0     0.0     0.0     0.0
    1985   100.0    10.0     0.0     2.0     0.0     0.0     0.0
    1986   100.0    10.0     0.0     2.0     0.0     0.0     0.0
    1987   100.0    10.0     0.0     2.0     0.0     0.0     0.0
    1988   100.0    10.0     0.0     2.0     0.0     0.0     0.0
    1989   100.0    10.0     0.0     2.0     0.0     0.0     0.0
    1990   100.0    10.0     0.0     2.0     0.0     0.0     0.0
    1991   100.0    10.0     0.0     2.0     0.0     0.0     0.0
    1992   100.0    10.0     0.0     2.0     0.0     0.0     0.0
    1993   100.0    10.0     0.0     2.0     0.0     0.0     0.0
    1994   100.0    10.0     0.0     2.0     0.0     0.0     0.0
    1995   100.0    10.0     0.0     2.0     0.0     0.0     0.0
    1996   100.0    10.0     0.0     2.0     0.0     0.0     0.0
    1997   100.0    10.0     0.0     2.0     0.0     0.0     0.0
    1998   100.0    10.0     0.0     2.0     0.0     0.0     0.0
    1999   100.0    10.0     0.0     2.0     0.0     0.0     0.0
    2000   100.0    10.0     0.0     2.0     0.0     0.0     0.0
    2001   100.0    10.0     0.0     2.0     0.0     0.0     0.0
    2002   100.0    10.0     0.0     2.0     0.0     0.0     0.0
    2003   100.0    10.0     0.0     2.0     0.0     0.0     0.0
    2004   100.0    10.0     0.0     2.0     0.0     0.0     0.0
    2005   100.0    10.0     0.0     2.0     0.0     0.0     0.0
    2006   100.0    10.0     0.0     2.0     0.0     0.0     0.0
    2007   100.0    10.0     0.0     2.0     0.0     0.0     0.0
    2008   100.0    10.0     0.0     2.0     0.0     0.0     0.0
    2009   100.0    10.0     0.0     2.0     0.0     0.0     0.0
    2010   100.0    10.0     0.0     2.0     0.0     0.0     0.0
    2011   100.0    10.0     0.0     2.0     0.0     0.0     0.0
    2012   100.0    10.0     0.0     2.0     0.0     0.0     0.0
    2013   100.0    10.0     0.0     2.0     0.0     0.0     0.0
    2014    94.1    10.0     5.9     2.0     0.0     0.0     0.0
    2015    92.3    10.0     7.7     2.0     0.0     0.0     0.0
    2016    93.4    10.0     6.6     2.0     0.0     0.0     0.0
    2017    91.8    10.0     8.2     2.0     0.0     0.0     0.0
    2018    88.6    10.0    11.4     2.0     0.0     0.0     0.0
    2019    89.1    10.0    10.9     2.0     0.0     0.0     0.0
    2020    88.6    10.0    11.2     2.0     0.2     0.0     0.0
    2021    86.2    10.0    13.0     2.0     0.8     0.0     0.0
    2022    89.2    10.0    10.6     2.0     0.2     0.0     0.0
    2023    89.2    10.0    10.2     2.0     0.6     0.0     0.0
    2024    87.3    10.0    12.1     2.0     0.6     0.0     0.0
       0
 5      UPPER GILA
   33.12
       5      10       5       5
       5       4      28       7       1      29      19      16       3       6
      0.
    1968   56.00     0.0     0.0     0.0      0.      0.
   28.90    1.60    0.00    0.00   15.00    2.20    5.20    0.00    2.70   44.40
    1969  101.00     0.0     0.0     0.0      0.      0.
   27.60    1.60    0.00    0.00    6.80    8.60   32.70    0.00    1.00   21.70
    1970   73.00     0.0     0.0     0.0      0.      0.
   27.60    1.60    0.00    0.00    6.80    8.60   32.70    0.00    1.00   21.70
    1971   40.00     0.0     0.0     0.0      0.      0.
   27.60    1.60    0.00    0.00    6.80    8.60   32.70    0.00    1.00   21.70
    1972   46.00     0.0     0.0     0.0      0.      0.
   27.60    1.60    0.00    0.00    6.80    8.60   32.70    0.00    1.00   21.70
    1973    9.00     0.0     0.0     0.0      0.      0.
   27.60    1.60    0.00    0.00    6.80    8.60   32.70    0.00    1.00   21.70
    1974   53.00     0.0     0.0     0.0      0.      0.
   27.60    1.60    0.00    0.00    6.80    8.60   32.70    0.00    1.00   21.70
    1975   47.00     0.0     0.0     0.0      0.      0.
   27.60    1.60    0.00    0.00    6.80    8.60   32.70    0.00    1.00   21.70
    1976   45.00     0.0     0.0     0.0      0.      0.
   27.60    1.60    0.00    0.00    6.80    8.60   32.70    0.00    1.00   21.70
    1977   46.00     0.0     0.0     0.0      0.      0.
   27.60    1.60    0.00    0.00    6.80    8.60   32.70    0.00    1.00   21.70
    1978   82.20     0.0     0.0     0.0      0.      0.
   27.60    1.60    0.00    0.00    6.80    8.60   32.70   21.70    1.00    0.00
    1979   40.00     0.0     0.0     0.0      0.      0.
   27.60    1.60    0.00    0.00    6.80    8.60   32.70   21.70    1.00    0.00
    1980   35.00     0.0     0.0     0.0      0.      0.
   27.60    1.60    0.00    0.00    6.80    8.60   32.70   21.70    1.00    0.00
    1981   40.00     0.0     0.0     0.0      0.      0.
   27.60    1.60    0.00    0.00    6.80    8.60   32.70   21.70    1.00    0.00
    1982   29.00     0.0     0.0     0.0      0.      0.
   27.60    1.60    0.00    0.00    6.80    8.60   32.70   21.70    1.00    0.00
    1983   91.00     0.0     0.0     0.0      0.      0.
   27.60    1.60    0.00    0.00    6.80    8.60   32.70   21.70    1.00    0.00
    1984   76.00     0.0     0.0     0.0      0.      0.
   27.60    1.60    0.00    0.00    6.80    8.60   32.70   21.70    1.00    0.00
    1985   23.50     0.0     0.0     0.0      0.      0.
   27.60    1.60    0.00    0.00    6.80    8.60   32.70   21.70    1.00    0.00
    1986   44.00     0.0     0.0     0.0      0.      0.
   27.60    1.60    0.00    0.00    6.80    8.60   32.70   21.70    1.00    0.00
    1987   55.90     0.0     0.0     0.0      0.      0.
   27.60    1.60    0.00    0.00    6.80    8.60   32.70   21.70    1.00    0.00
    1988   39.20     0.0     0.0     0.0      0.      0.
   27.60    1.60    0.00    0.00    6.80    8.60   32.70   21.70    1.00    0.00
    1989   45.00     0.0     0.0     0.0      0.      0.
   27.60    1.60    0.00    0.00    6.80    8.60   32.70   21.70    1.00    0.00
    1990   53.00     0.0     0.0     0.0      0.      0.
   27.60    1.60    0.00    0.00    6.80    8.60   32.70   21.70    1.00    0.00
    1991   49.00     0.0     0.0     0.0      0.      0.
   27.60    1.60    0.00    0.00    6.80    8.60   32.70   21.70    1.00    0.00
    1992   29.00     0.0     0.0     0.0      0.      0.
   27.60    1.60    0.00    0.00    6.80    8.60   32.70   21.70    1.00    0.00
    1993   43.00     0.0     0.0     0.0      0.      0.
   27.60    1.60    0.00    0.00    6.80    8.60   32.70   21.70    1.00    0.00
    1994   43.00     0.0     0.0     0.0      0.      0.
   27.60    1.60    0.00    0.00    6.80    8.60   32.70   21.70    1.00    0.00
    1995   21.00     0.0     0.0     0.0      0.      0.
   27.60    1.60    0.00    0.00    6.80    8.60   32.70   21.70    1.00    0.00
    1996   45.00     0.0     0.0     0.0      0.      0.
   27.60    1.60    0.00    0.00    6.80    8.60   32.70   21.70    1.00    0.00
    1997   62.00     0.0     0.0     0.0      0.      0.
   27.60    1.60    0.00    0.00    6.80    8.60   32.70   21.70    1.00    0.00
    1998   67.68     0.0     0.0     0.0      0.      0.
   27.60    1.60    0.00    0.00    6.80    8.60   32.70   21.70    1.00    0.00
    1999   62.90     0.0     0.0     0.0      0.      0.
   95.87    4.13    0.00    0.00    0.00    0.00    0.00    0.00    0.00    0.00
    2000   74.58     0.0     0.0     0.0      0.      0.
   96.10    3.50    0.00     0.4    0.00    0.00    0.00    0.00    0.00    0.00
    2001    74.2     0.0     0.0     0.0      0.      0.
   99.10    0.90    0.00    0.00    0.00    0.00    0.00    0.00    0.00    0.00
    2002    61.6     0.0     0.0     0.0      0.      0.
   99.40    0.00    0.60    0.00    0.00    0.00    0.00    0.00    0.00    0.00
    2003    75.4     0.0     0.0     0.0      0.      0.
  100.00    0.00    0.00    0.00    0.00    0.00    0.00    0.00    0.00    0.00
    2004    43.5     0.0     0.0     0.0      0.      0.
  100.00    0.00    0.00    0.00    0.00    0.00    0.00    0.00    0.00    0.00
    2005    41.4     0.0     0.0     0.0      0.      0.
  100.00    0.00    0.00    0.00    0.00    0.00    0.00    0.00    0.00    0.00
    2006    36.5     0.0     0.0     0.0      0.      0.
  100.00    0.00    0.00    0.00    0.00    0.00    0.00    0.00    0.00    0.00
    2007    64.1     0.0     0.0     0.0     0.0     0.0
     0.0     0.0     0.0     0.0     0.0   100.0     0.0     0.0     0.0     0.0
    2008    86.5     0.0     0.0     0.0     0.0     0.0
     0.0     0.0     0.0     0.0     0.0   100.0     0.0     0.0     0.0     0.0
    2009    38.5     0.0     0.0     0.0     0.0     0.0
     0.0     0.5     0.0     0.0     0.0    99.2     0.0     0.0     0.3     0.0
    2010    36.7     0.0     0.0     0.0     0.0     0.0
     0.0     0.0     0.0    11.7     0.0    88.3     0.0     0.0     0.0     0.0
    2011    37.1     0.0     0.0     0.0     0.0     0.0
     0.0     0.0     0.0     0.0     0.0   100.0     0.0     0.0     0.0     0.0
    2012    31.7     0.0     0.0     0.0     0.0     0.0
     0.0     0.0     0.0     0.0     0.0   100.0     0.0     0.0     0.0     0.0
    2013    37.6     0.0     0.0     0.0     0.0     0.0
     0.0     1.1     0.0     0.0     0.0    95.1     0.0     0.0     0.8     3.0
    2014    55.2     0.0     0.0     0.0     0.0     0.0
     1.2     3.0     0.0     6.7     0.0     0.0    88.0     0.0     0.1     1.0
    2015    59.7     0.0     0.0     0.0     0.0     0.0
     8.3     2.8     0.0     6.2     0.0     0.0    82.3     0.0     0.4     0.0
    2016    62.1     0.0     0.0     0.0     0.0     0.0
     6.9     0.9     0.0     4.7     0.0     0.0    86.6     0.0     0.9     0.0
    2017    67.7     0.0     0.0     0.0     0.0     0.0
     0.0     0.8     0.0    12.8     0.0     0.0    85.6     0.0     0.8     0.0
    2018    63.0     0.0     0.0     0.0     0.0     0.0
     0.0     1.0     0.0    13.4     0.0     0.0    84.7     0.0     0.9     0.0
    2019    90.0     0.0     0.0     0.0     0.0     0.0
     0.0     0.2     0.0     6.0     0.0     0.0    93.3     0.0     0.5     0.0
    2020    61.6     0.0     0.0     0.0     0.0     0.0
    10.8     0.2     0.0     0.0     0.0     8.4    70.6     8.5     1.5     0.0
    2021    70.2     0.0     0.0     0.0     0.0     0.0
     9.4     0.2     0.0     0.0     0.0    14.7    74.3     0.0     1.4     0.0
    2022    50.4     0.0     0.0     0.0     0.0     0.0
    32.7     0.3     0.0     0.0     0.0     0.0    66.4     0.0     0.6     0.0
    2023    78.3     0.0     0.0     0.0     0.0     0.0
    19.6     0.6     0.0     0.0     0.0     0.0    79.4     0.0     0.4     0.0
    2024    80.4     0.0     0.0     0.0     0.0     0.0
    38.3     1.4     0.0     0.0     0.0     0.0    59.9     0.0     0.4     0.0
    1968   100.0    10.0     0.0     2.0     0.0     0.0     0.0
    1969   100.0    10.0     0.0     2.0     0.0     0.0     0.0
    1970   100.0    10.0     0.0     2.0     0.0     0.0     0.0
    1971   100.0    10.0     0.0     2.0     0.0     0.0     0.0
    1972   100.0    10.0     0.0     2.0     0.0     0.0     0.0
    1973   100.0    10.0     0.0     2.0     0.0     0.0     0.0
    1974   100.0    10.0     0.0     2.0     0.0     0.0     0.0
    1975   100.0    10.0     0.0     2.0     0.0     0.0     0.0
    1976   100.0    10.0     0.0     2.0     0.0     0.0     0.0
    1977   100.0    10.0     0.0     2.0     0.0     0.0     0.0
    1978   100.0    10.0     0.0     2.0     0.0     0.0     0.0
    1979   100.0    10.0     0.0     2.0     0.0     0.0     0.0
    1980   100.0    10.0     0.0     2.0     0.0     0.0     0.0
    1981   100.0    10.0     0.0     2.0     0.0     0.0     0.0
    1982   100.0    10.0     0.0     2.0     0.0     0.0     0.0
    1983   100.0    10.0     0.0     2.0     0.0     0.0     0.0
    1984   100.0    10.0     0.0     2.0     0.0     0.0     0.0
    1985   100.0    10.0     0.0     2.0     0.0     0.0     0.0
    1986   100.0    10.0     0.0     2.0     0.0     0.0     0.0
    1987   100.0    10.0     0.0     2.0     0.0     0.0     0.0
    1988   100.0    10.0     0.0     2.0     0.0     0.0     0.0
    1989   100.0    10.0     0.0     2.0     0.0     0.0     0.0
    1990   100.0    10.0     0.0     2.0     0.0     0.0     0.0
    1991   100.0    10.0     0.0     2.0     0.0     0.0     0.0
    1992   100.0    10.0     0.0     2.0     0.0     0.0     0.0
    1993   100.0    10.0     0.0     2.0     0.0     0.0     0.0
    1994   100.0    10.0     0.0     2.0     0.0     0.0     0.0
    1995   100.0    10.0     0.0     2.0     0.0     0.0     0.0
    1996   100.0    10.0     0.0     2.0     0.0     0.0     0.0
    1997   100.0    10.0     0.0     2.0     0.0     0.0     0.0
    1998   100.0    10.0     0.0     2.0     0.0     0.0     0.0
    1999   100.0    10.0     0.0     2.0     0.0     0.0     0.0
    2000   100.0    10.0     0.0     2.0     0.0     0.0     0.0
    2001   100.0    10.0     0.0     2.0     0.0     0.0     0.0
    2002   100.0    10.0     0.0     2.0     0.0     0.0     0.0
    2003   100.0    10.0     0.0     2.0     0.0     0.0     0.0
    2004   100.0    10.0     0.0     2.0     0.0     0.0     0.0
    2005   100.0    10.0     0.0     2.0     0.0     0.0     0.0
    2006   100.0    10.0     0.0     2.0     0.0     0.0     0.0
    2007   100.0    10.0     0.0     2.0     0.0     0.0     0.0
    2008   100.0    10.0     0.0     2.0     0.0     0.0     0.0
    2009   100.0    10.0     0.0     2.0     0.0     0.0     0.0
    2010   100.0    10.0     0.0     2.0     0.0     0.0     0.0
    2011   100.0    10.0     0.0     2.0     0.0     0.0     0.0
    2012   100.0    10.0     0.0     2.0     0.0     0.0     0.0
    2013   100.0    10.0     0.0     2.0     0.0     0.0     0.0
    2014    98.1    10.0     1.9     2.0     0.0     0.0     0.0
    2015    98.0    10.0     2.0     2.0     0.0     0.0     0.0
    2016    87.1    10.0    12.9     2.0     0.0     0.0     0.0
    2017    76.9    10.0    22.8     2.0     0.3     0.0     0.0
    2018    75.5    10.0    24.5     2.0     0.3     0.0     0.0
    2019    82.6    10.0    16.9     2.0     0.5     0.0     0.0
    2020    75.6    10.0    15.5     2.0     8.9     0.0     0.0
    2021    72.8    10.0    19.4     2.0     7.8     0.0     0.0
    2022    33.5    10.0    66.0     2.0     0.6     0.0     0.0
    2023    58.5    10.0    41.1     2.0     0.4     0.0     0.0
    2024    58.6    10.0    41.0     2.0     0.4     0.0     0.0
       0
 6      CLIFF-GILA
   32.50
       6      16       6       6
       5       1       4       8       6      25       3      27      19       2
      16      29      20      17      22      24
      0.
    1968 2336.00     0.0     0.0     0.0      0.      0.
   19.30   18.70    1.10    23.3    0.00    0.00    0.00    0.00    8.20    4.80
    0.00   18.90    5.70    0.00     0.0     0.0
    1969 2306.00     0.0     0.0     0.0      0.      0.
   19.30   18.70    0.00    23.3    0.00    0.00    1.10    0.00    8.20    4.80
    0.00   18.90    5.70    0.00     0.0     0.0
    1970 2317.00     0.0     0.0     0.0      0.      0.
   19.30   18.70    0.00    23.3    0.00    0.00    1.10    0.00    8.20    4.80
    0.00   18.90    5.70    0.00     0.0     0.0
    1971 1894.00     0.0     0.0     0.0      0.      0.
   19.30   18.70    0.00    23.3    0.00    0.00    1.10    0.00    8.20    4.80
    0.00   18.90    5.70    0.00     0.0     0.0
    1972 2059.00     0.0     0.0     0.0      0.      0.
   19.30   18.70    0.00    23.3    0.00    0.00    1.10    0.00    8.20    4.80
    0.00   18.90    5.70    0.00     0.0     0.0
    1973 1947.00     0.0     0.0     0.0      0.      0.
   19.30   18.70    0.00    23.3    0.00    0.00    1.10    0.00    8.20    4.80
    0.00   18.90    5.70    0.00     0.0     0.0
    1974 1491.00     0.0     0.0     0.0      0.      0.
   19.30   18.70    0.00    23.3    0.00    0.00    1.10    0.00    8.20    4.80
    0.00   18.90    5.70    0.00     0.0     0.0
    1975 1645.00     0.0     0.0     0.0      0.      0.
   19.30   18.70    0.00    23.3    0.00    0.00    1.10    0.00    8.20    4.80
    0.00   18.90    5.70    0.00     0.0     0.0
    1976 1746.00     0.0     0.0     0.0      0.      0.
   19.30   18.70    0.00    23.3    0.00    0.00    1.10    0.00    8.20    4.80
    0.00   24.60    0.00    0.00     0.0     0.0
    1977 1106.00     0.0     0.0     0.0      0.      0.
   19.30   18.70    0.00    23.3    0.00    0.00    1.10    0.00    8.20    4.80
    0.00   24.60    0.00    0.00     0.0     0.0
    1978 1939.40     0.0     0.0     0.0      0.      0.
   20.50   16.80    0.80    0.00   26.10    0.00    1.40    0.00    8.20    1.60
    0.00   24.60    0.00    0.00     0.0     0.0
    1979  577.00     0.0     0.0     0.0      0.      0.
   20.50   16.80    0.80    0.00   26.10    0.00    1.40    0.00    8.20    1.60
    0.00   24.60    0.00    0.00     0.0     0.0
    1980 1163.00     0.0     0.0     0.0      0.      0.
   20.50   16.80    0.80    0.00   26.10    0.00    1.40    0.00    8.20    1.60
    0.00   24.60    0.00    0.00     0.0     0.0
    1981 1014.00     0.0     0.0     0.0      0.      0.
   20.50   16.80    0.80    0.00   26.10    0.00    1.40    0.00    8.20    1.60
    0.00   24.60    0.00    0.00     0.0     0.0
    1982  541.00     0.0     0.0     0.0      0.      0.
   20.50   16.80    0.80    0.00   26.10    0.00    1.40    0.00    8.20    1.60
    0.00   24.60    0.00    0.00     0.0     0.0
    1983 1466.00     0.0     0.0     0.0      0.      0.
   20.50   16.80    0.80    0.00   26.10    0.00    1.40    0.00    8.20    1.60
    0.00   24.60    0.00    0.00     0.0     0.0
    1984  855.00     0.0     0.0     0.0      0.      0.
   20.50   16.80    0.80    0.00   26.10    0.00    1.40    0.00    8.20    1.60
    0.00   24.60    0.00    0.00     0.0     0.0
    1985  468.50     0.0     0.0     0.0      0.      0.
   20.50   16.80    0.80    0.00   26.10    0.00    1.40    0.00    8.20    1.60
    0.00   24.60    0.00    0.00     0.0     0.0
    1986  757.00     0.0     0.0     0.0      0.      0.
   20.50   16.80    0.80    0.00   26.10    0.00    1.40    0.00    8.20    1.60
    0.00   24.60    0.00    0.00     0.0     0.0
    1987  754.60     0.0     0.0     0.0      0.      0.
   20.50   16.80    0.80    0.00   26.10    0.00    1.40    0.00    8.20    1.60
    0.00   24.60    0.00    0.00     0.0     0.0
    1988  703.00     0.0     0.0     0.0      0.      0.
   20.50   16.80    0.80    0.00   26.10    0.00    1.40    0.00    8.20    1.60
    0.00   24.60    0.00    0.00     0.0     0.0
    1989  662.00     0.0     0.0     0.0      0.      0.
   20.50   16.80    0.80    0.00   26.10    0.00    1.40    0.00    8.20    1.60
    0.00   24.60    0.00    0.00     0.0     0.0
    1990  700.00     0.0     0.0     0.0      0.      0.
   20.50   16.80    0.80    0.00   26.10    0.00    1.40    0.00    8.20    1.60
    0.00   24.60    0.00    0.00     0.0     0.0
    1991  757.00     0.0     0.0     0.0      0.      0.
   20.50   16.80    0.80    0.00   26.10    0.00    1.40    0.00    8.20    1.60
    0.00   24.60    0.00    0.00     0.0     0.0
    1992  541.00     0.0     0.0     0.0      0.      0.
   20.50   16.80    0.80    0.00   26.10    0.00    1.40    0.00    8.20    1.60
    0.00   24.60    0.00    0.00     0.0     0.0
    1993  796.00     0.0     0.0     0.0      0.      0.
   20.50   16.80    0.80    0.00   26.10    0.00    1.40    0.00    8.20    1.60
    0.00   24.60    0.00    0.00     0.0     0.0
    1994  524.00     0.0     0.0     0.0      0.      0.
   20.50   16.80    0.80    0.00   26.10    0.00    1.40    0.00    8.20    1.60
    0.00   24.60    0.00    0.00     0.0     0.0
    1995  882.00     0.0     0.0     0.0      0.      0.
   20.50   16.80    0.80    0.00   26.10    0.00    1.40    0.00    8.20    1.60
    0.00   24.60    0.00    0.00     0.0     0.0
    1996 1159.00     0.0     0.0     0.0      0.      0.
   66.70    7.40    0.90    0.20    7.80    0.00    1.20    0.00   12.00    0.40
    3.40    0.00    0.00    0.00     0.0     0.0
    1997 1072.00     0.0     0.0     0.0      0.      0.
   66.70    7.40    0.90    0.20    7.80    0.00    1.20    0.00   12.00    0.40
    3.40    0.00    0.00    0.00     0.0     0.0
    1998 1246.55     0.0     0.0     0.0      0.      0.
   66.70    7.40    0.90    0.20    7.80    0.00    1.20    0.00   12.00    0.40
    3.40    0.00    0.00    0.00     0.0     0.0
    1999 1117.10     0.0     0.0     0.0      0.      0.
   99.81    0.00    0.17    0.00    0.00    0.00    0.02    0.00    0.00    0.00
    0.00    0.00    0.00    0.00     0.0     0.0
    2000 1390.39     0.0     0.0     0.0      0.      0.
   65.14    6.33    0.89     0.0   27.40    0.00    0.18    0.00    0.00    0.13
    0.00    0.00    0.00    0.00     0.0     0.0
    2001 1241.30     0.0     0.0     0.0      0.      0.
   82.80    1.10    1.40   14.60    0.00    0.00    0.00    0.00    0.00    0.00
    0.00    0.00    0.00    0.00     0.0     0.0
    2002 1283.40     0.0     0.0     0.0      0.      0.
   91.30    2.00    0.70    0.00    0.10    0.40    0.80    4.80    0.00    0.00
    0.00    0.00    0.00    0.00     0.0     0.0
    2003 1197.70     0.0     0.0     0.0      0.      0.
   95.70    0.30    1.10    0.00    2.20    0.40    0.30    0.00    0.00    0.00
    0.00    0.00    0.00    0.00     0.0     0.0
    2004 1267.57     0.0     0.0     0.0      0.      0.
   97.76    0.00    0.80    0.00    0.37    0.00    0.38    0.00    0.69    0.00
    0.00    0.00    0.00    0.00     0.0     0.0
    2005 1191.40     0.0     0.0     0.0      0.      0.
   98.10    0.00    1.00    0.90    0.00    0.00    0.00    0.00    0.00    0.00
    0.00    0.00    0.00    0.00     0.0     0.0
    2006 1254.40     0.0     0.0     0.0      0.      0.
   97.01    0.00    0.46    0.00    1.12    0.00    0.69    0.15    0.00    0.00
    0.57    0.00    0.00    0.00     0.0     0.0
    2007 1397.80     0.0     0.0     0.0      0.      0.
    0.00    0.66    0.29    0.00    5.45    0.00    0.28    0.14    0.00    0.00
    0.00   93.04    0.00    0.15     0.0     0.0
    2008  1635.3     0.0     0.0     0.0     0.0     0.0
     0.0     0.7     0.2     0.0     3.7     0.0     0.2     0.1     0.0     0.0
     0.0    95.1     0.0     0.0     0.0     0.0
    2009  1616.8     0.0     0.0     0.0     0.0     0.0
     0.0     2.5     0.3     0.0     3.2     0.0     0.2     0.1     0.0     0.1
     0.0    93.4     0.0     0.0     0.2     0.0
    2010  1692.5     0.0     0.0     0.0     0.0     0.0
     0.0     5.8     0.3     0.0    12.0     0.0     0.1     0.1     0.0     0.0
     0.0    81.0     0.0     0.7     0.0     0.0
    2011  1790.8     0.0     0.0     0.0     0.0     0.0
     0.0     5.0     0.3     0.0     7.3     0.0     0.1     0.1     0.0     0.0
     0.0    81.9     0.0     5.3     0.0     0.0
    2012  1736.7     0.0     0.0     0.0     0.0     0.0
     0.0     2.1     0.2     0.0     8.3     0.2     0.4     0.1     0.0     0.2
     0.0    88.5     0.0     0.0     0.0     0.0
    2013  1641.2     0.0     0.0     0.0     0.0     0.0
     0.0     9.8     0.4     0.0     4.4     0.1     0.1     0.1     0.0     0.0
     0.0    85.1     0.0     0.0     0.0     0.0
    2014  1850.3     0.0     0.0     0.0     0.0     0.0
     8.3    11.0     0.5     0.0     5.9     0.7     0.3     0.0    73.2     0.0
     0.0     0.0     0.0     0.0     0.0     0.1
    2015  1686.5     0.0     0.0     0.0     0.0     0.0
    20.3    12.9     1.0     0.0     5.2     0.9     0.2     0.0    58.9     0.0
     0.0     0.0     0.2     0.0     0.3     0.1
    2016  1745.2     0.0     0.0     0.0     0.0     0.0
    25.5    12.4     0.8     0.0     3.3     0.6     0.4     0.0    54.9     0.0
     0.0     0.4     0.3     0.0     1.3     0.1
    2017  1763.4     0.0     0.0     0.0     0.0     0.0
    24.0     9.1     0.8     0.0     6.6     2.7     0.4     0.0    54.3     0.0
     0.0     0.4     0.3     0.0     1.3     0.1
    2018  1564.3     0.0     0.0     0.0     0.0     0.0
     6.6     7.8     0.9     0.0     0.6     2.0     0.4     0.0    77.2     0.0
     0.0     2.4     1.3     0.0     0.7     0.1
    2019  1791.0     0.0     0.0     0.0     0.0     0.0
     3.6     6.1     0.3     0.0     0.5     2.3     0.3     0.1    83.1     0.0
     0.0     0.4     0.3     2.1     0.8     0.1
    2020  1772.3     0.0     0.0     0.0     0.0     0.0
    10.9     8.0     0.2     0.0     0.8     2.4     0.6     0.1    70.5     0.0
     0.0     0.4     5.6     0.4     0.0     0.1
    2021  1709.3     0.0     0.0     0.0     0.0     0.0
    21.0    11.0     0.2     0.0     0.4     3.0     0.5     0.1    56.4     0.0
     0.0     0.3     6.7     0.4     0.0     0.0
    2022  1867.8     0.0     0.0     0.0     0.0     0.0
    25.5    11.8     0.2     0.0     0.0     2.9     0.5     0.1    53.9     0.3
     0.0     0.2     4.6     0.0     0.0     0.0
    2023  1913.4     0.0     0.0     0.0     0.0     0.0
    26.2    11.4     0.2     0.0     0.4     3.5     0.9     0.1    52.7     0.0
     0.0     1.0     3.6     0.0     0.0     0.0
    2024  2059.5     0.0     0.0     0.0     0.0     0.0
    31.3     5.9     0.1     0.0     2.4     3.5     0.3     0.1    50.6     0.0
     0.0     1.4     4.4     0.0     0.0     0.0
    1968   100.0    10.0     0.0     2.0     0.0     0.0     0.0
    1969   100.0    10.0     0.0     2.0     0.0     0.0     0.0
    1970   100.0    10.0     0.0     2.0     0.0     0.0     0.0
    1971   100.0    10.0     0.0     2.0     0.0     0.0     0.0
    1972   100.0    10.0     0.0     2.0     0.0     0.0     0.0
    1973   100.0    10.0     0.0     2.0     0.0     0.0     0.0
    1974   100.0    10.0     0.0     2.0     0.0     0.0     0.0
    1975   100.0    10.0     0.0     2.0     0.0     0.0     0.0
    1976   100.0    10.0     0.0     2.0     0.0     0.0     0.0
    1977   100.0    10.0     0.0     2.0     0.0     0.0     0.0
    1978   100.0    10.0     0.0     2.0     0.0     0.0     0.0
    1979   100.0    10.0     0.0     2.0     0.0     0.0     0.0
    1980   100.0    10.0     0.0     2.0     0.0     0.0     0.0
    1981   100.0    10.0     0.0     2.0     0.0     0.0     0.0
    1982   100.0    10.0     0.0     2.0     0.0     0.0     0.0
    1983   100.0    10.0     0.0     2.0     0.0     0.0     0.0
    1984   100.0    10.0     0.0     2.0     0.0     0.0     0.0
    1985   100.0    10.0     0.0     2.0     0.0     0.0     0.0
    1986   100.0    10.0     0.0     2.0     0.0     0.0     0.0
    1987   100.0    10.0     0.0     2.0     0.0     0.0     0.0
    1988   100.0    10.0     0.0     2.0     0.0     0.0     0.0
    1989   100.0    10.0     0.0     2.0     0.0     0.0     0.0
    1990   100.0    10.0     0.0     2.0     0.0     0.0     0.0
    1991   100.0    10.0     0.0     2.0     0.0     0.0     0.0
    1992   100.0    10.0     0.0     2.0     0.0     0.0     0.0
    1993   100.0    10.0     0.0     2.0     0.0     0.0     0.0
    1994   100.0    10.0     0.0     2.0     0.0     0.0     0.0
    1995   100.0    10.0     0.0     2.0     0.0     0.0     0.0
    1996   100.0    10.0     0.0     2.0     0.0     0.0     0.0
    1997   100.0    10.0     0.0     2.0     0.0     0.0     0.0
    1998   100.0    10.0     0.0     2.0     0.0     0.0     0.0
    1999   100.0    10.0     0.0     2.0     0.0     0.0     0.0
    2000   100.0    10.0     0.0     2.0     0.0     0.0     0.0
    2001   100.0    10.0     0.0     2.0     0.0     0.0     0.0
    2002   100.0    10.0     0.0     2.0     0.0     0.0     0.0
    2003   100.0    10.0     0.0     2.0     0.0     0.0     0.0
    2004   100.0    10.0     0.0     2.0     0.0     0.0     0.0
    2005   100.0    10.0     0.0     2.0     0.0     0.0     0.0
    2006   100.0    10.0     0.0     2.0     0.0     0.0     0.0
    2007   100.0    10.0     0.0     2.0     0.0     0.0     0.0
    2008   100.0    10.0     0.0     2.0     0.0     0.0     0.0
    2009   100.0    10.0     0.0     2.0     0.0     0.0     0.0
    2010    98.5    10.0     1.5     2.0     0.0     0.0     0.0
    2011    98.6    10.0     1.4     2.0     0.0     0.0     0.0
    2012    98.5    10.0     1.5     2.0     0.0     0.0     0.0
    2013    98.7    10.0     1.3     2.0     0.0     0.0     0.0
    2014    97.3    10.0     2.7     2.0     0.0     0.0     0.0
    2015    95.5    10.0     4.2     2.0     0.3     0.0     0.0
    2016    94.0    10.0     5.8     2.0     0.2     0.0     0.0
    2017    92.5    10.0     7.3     2.0     0.2     0.0     0.0
    2018    90.8    10.0     8.7     2.0     0.5     0.0     0.0
    2019    91.3    10.0     8.2     2.0     0.5     0.0     0.0
    2020    91.0    10.0     8.5     2.0     0.5     0.0     0.0
    2021    90.4    10.0     9.1     2.0     0.5     0.0     0.0
    2022    89.9    10.0     9.6     2.0     0.5     0.0     0.0
    2023    89.6    10.0    10.0     2.0     0.4     0.0     0.0
    2024    91.2    10.0     8.4     2.0     0.3     0.0     0.0
       0
 7      REDROCK
   32.42
       7      16       7       7
       5       1      16       7       8      19      25      28      23       3
       4       2       6      17      29      27
      0.
    1968  290.00     0.0     0.0     0.0      0.      0.
   31.50    8.00    0.00    0.00   23.80    0.00   18.90    0.00   14.50    0.00
    0.20    1.90    1.20    0.00    0.00     0.0
    1969  440.00     0.0     0.0     0.0      0.      0.
   46.20   18.00    2.10    0.00    4.70    1.10    0.00    0.00   18.10    0.69
    0.41    8.70    0.00    0.00    0.00     0.0
    1970  454.00     0.0     0.0     0.0      0.      0.
   46.20   18.00    2.10    0.00    4.70    1.10    0.00    0.00   18.10    0.69
    0.41    8.70    0.00    0.00    0.00     0.0
    1971  399.00     0.0     0.0     0.0      0.      0.
   46.20   18.00    2.10    0.00    4.70    1.10    0.00    0.00   18.10    0.69
    0.41    8.70    0.00    0.00    0.00     0.0
    1972  437.00     0.0     0.0     0.0      0.      0.
   46.20   18.00    2.10    0.00    4.70    1.10    0.00    0.00   18.10    0.69
    0.41    8.70    0.00    0.00    0.00     0.0
    1973  344.00     0.0     0.0     0.0      0.      0.
   46.20   18.00    2.10    0.00    4.70    1.10    0.00    0.00   18.10    0.69
    0.41    8.70    0.00    0.00    0.00     0.0
    1974  497.00     0.0     0.0     0.0      0.      0.
   46.20   18.00    2.10    0.00    4.70    1.10    0.00    0.00   18.10    0.69
    0.41    8.70    0.00    0.00    0.00     0.0
    1975  410.00     0.0     0.0     0.0      0.      0.
   46.20   18.00    2.10    0.00    4.70    1.10    0.00    0.00   18.10    0.69
    0.41    8.70    0.00    0.00    0.00     0.0
    1976  372.00     0.0     0.0     0.0      0.      0.
   46.20   18.00    2.10    0.00    4.70    1.10    0.00    0.00   18.10    0.69
    0.41    8.70    0.00    0.00    0.00     0.0
    1977  372.00     0.0     0.0     0.0      0.      0.
   46.20   18.00    2.10    0.00    4.70    1.10    0.00    0.00   18.10    0.69
    0.41    8.70    0.00    0.00    0.00     0.0
    1978  335.50     0.0     0.0     0.0      0.      0.
   46.20   18.00    2.10    0.00    4.70    1.10    0.00    0.00   18.10    0.69
    0.41    8.70    0.00    0.00    0.00     0.0
    1979  109.00     0.0     0.0     0.0      0.      0.
   46.20   18.00    2.10    0.00    4.70    1.10    0.00    0.00   18.10    0.69
    0.41    8.70    0.00    0.00    0.00     0.0
    1980  272.00     0.0     0.0     0.0      0.      0.
   46.20   18.00    2.10    0.00    4.70    1.10    0.00    0.00   18.10    0.69
    0.41    8.70    0.00    0.00    0.00     0.0
    1981  276.00     0.0     0.0     0.0      0.      0.
   46.20   18.00    2.10    0.00    4.70    1.10    0.00    0.00   18.10    0.69
    0.41    8.70    0.00    0.00    0.00     0.0
    1982  330.00     0.0     0.0     0.0      0.      0.
   46.20   18.00    2.10    0.00    4.70    1.10    0.00    0.00   18.10    0.69
    0.41    8.70    0.00    0.00    0.00     0.0
    1983  207.00     0.0     0.0     0.0      0.      0.
   46.20   18.00    2.10    0.00    4.70    1.10    0.00    0.00   18.10    0.69
    0.41    8.70    0.00    0.00    0.00     0.0
    1984  326.00     0.0     0.0     0.0      0.      0.
   46.20   18.00    2.10    0.00    4.70    1.10    0.00    0.00   18.10    0.69
    0.41    8.70    0.00    0.00    0.00     0.0
    1985   83.60     0.0     0.0     0.0      0.      0.
   46.20   18.00    2.10    0.00    4.70    1.10    0.00    0.00   18.10    0.69
    0.41    8.70    0.00    0.00    0.00     0.0
    1986  123.00     0.0     0.0     0.0      0.      0.
   46.20   18.00    2.10    0.00    4.70    1.10    0.00    0.00   18.10    0.69
    0.41    8.70    0.00    0.00    0.00     0.0
    1987  290.10     0.0     0.0     0.0      0.      0.
   46.20   18.00    2.10    0.00    4.70    1.10    0.00    0.00   18.10    0.69
    0.41    8.70    0.00    0.00    0.00     0.0
    1988  201.00     0.0     0.0     0.0      0.      0.
   46.20   18.00    2.10    0.00    4.70    1.10    0.00    0.00   18.10    0.69
    0.41    8.70    0.00    0.00    0.00     0.0
    1989  297.00     0.0     0.0     0.0      0.      0.
   46.20   18.00    2.10    0.00    4.70    1.10    0.00    0.00   18.10    0.69
    0.41    8.70    0.00    0.00    0.00     0.0
    1990  326.00     0.0     0.0     0.0      0.      0.
   46.20   18.00    2.10    0.00    4.70    1.10    0.00    0.00   18.10    0.69
    0.41    8.70    0.00    0.00    0.00     0.0
    1991  281.00     0.0     0.0     0.0      0.      0.
   46.20   18.00    2.10    0.00    4.70    1.10    0.00    0.00   18.10    0.69
    0.41    8.70    0.00    0.00    0.00     0.0
    1992  330.00     0.0     0.0     0.0      0.      0.
   46.20   18.00    2.10    0.00    4.70    1.10    0.00    0.00   18.10    0.69
    0.41    8.70    0.00    0.00    0.00     0.0
    1993  149.20     0.0     0.0     0.0      0.      0.
   46.20   18.00    2.10    0.00    4.70    1.10    0.00    0.00   18.10    0.69
    0.41    8.70    0.00    0.00    0.00     0.0
    1994  159.00     0.0     0.0     0.0      0.      0.
   46.20   18.00    2.10    0.00    4.70    1.10    0.00    0.00   18.10    0.69
    0.41    8.70    0.00    0.00    0.00     0.0
    1995  150.00     0.0     0.0     0.0      0.      0.
   48.70   24.10    0.00    0.00   14.10    1.10    0.00    0.00   11.60    0.20
    0.20    0.00    0.00    0.00    0.00     0.0
    1996  133.00     0.0     0.0     0.0      0.      0.
   48.70   24.10    0.00    0.00   14.10    1.10    0.00    0.00   11.60    0.20
    0.20    0.00    0.00    0.00    0.00     0.0
    1997  222.00     0.0     0.0     0.0      0.      0.
   48.70   24.10    0.00    0.00   14.10    1.10    0.00    0.00   11.60    0.20
    0.20    0.00    0.00    0.00    0.00     0.0
    1998  247.90     0.0     0.0     0.0      0.      0.
   48.70   24.10    0.00    0.00   14.10    1.10    0.00    0.00   11.60    0.20
    0.20    0.00    0.00    0.00    0.00     0.0
    1999  140.60     0.0     0.0     0.0      0.      0.
  100.00    0.00    0.00    0.00    0.00    0.00    0.00    0.00    0.00    0.00
    0.00    0.00    0.00    0.00    0.00     0.0
    2000  211.50     0.0     0.0     0.0      0.      0.
   40.00   15.90     0.0    0.00    4.40    0.00   15.10    0.00    0.00    0.00
    0.00    0.00    0.00   24.50    0.00     0.0
    2001  165.00     0.0     0.0     0.0      0.      0.
   51.20   17.90    0.00   10.10    6.90    6.20    3.00    0.00    0.00    0.00
    0.00    0.00    0.00    4.80    0.00     0.0
    2002   246.0     0.0     0.0     0.0      0.      0.
   20.30   12.60    0.00    7.70    5.70   10.60   34.10    3.70    0.00    0.00
    0.00    0.00    0.00    5.30    0.00     0.0
    2003   181.2     0.0     0.0     0.0      0.      0.
   83.20   16.80    0.00    0.00    0.00    0.00    0.00    0.00    0.00    0.00
    0.00    0.00    0.00    0.00    0.00     0.0
    2004   157.8     0.0     0.0     0.0      0.      0.
   80.73   19.26    0.00    0.00    0.00    0.00    0.00    0.00    0.00    0.00
    0.00    0.00    0.00    0.00    0.00     0.0
    2005   214.6     0.0     0.0     0.0      0.      0.
   88.70    5.50    0.00    0.00    0.00    0.00    0.00    0.00    0.00    0.00
    0.00    0.00    5.70    0.00    0.00     0.0
    2006   178.9     0.0     0.0     0.0      0.      0.
   86.37    5.25    0.00    0.00    0.00    0.00    0.00    0.00    0.00    0.00
    0.00    0.00    8.38    0.00    0.00     0.0
    2007   140.8     0.0     0.0     0.0      0.      0.
    0.00    0.00    0.00    0.00    0.00    0.00    0.00    0.00    0.00    0.14
    0.00    0.00    0.00    0.00   99.86     0.0
    2008   169.2     0.0     0.0     0.0     0.0     0.0
     0.0     0.0     0.0     0.0     0.0     0.0     0.0     0.0     0.0     0.0
     0.0     0.0     0.0     0.0   100.0     0.0
    2009   189.5     0.0     0.0     0.0     0.0     0.0
     0.0     0.0     0.0     0.0     0.0     0.0     0.0     0.0     0.0     0.0
     0.0     0.0     0.0     0.0   100.0     0.0
    2010   177.1     0.0     0.0     0.0     0.0     0.0
     0.0     0.0     0.0     0.0     0.0     0.0     0.0     0.0     0.0     0.0
     0.0     0.0     0.0     0.0    99.6     0.4
    2011   179.7     0.0     0.0     0.0     0.0     0.0
     0.0     0.0     0.0     0.0     0.0     0.0     0.0     0.0     0.0     0.0
     0.0     0.0     0.0     0.0    99.5     0.5
    2012   110.3     0.0     0.0     0.0     0.0     0.0
     0.0     0.0     0.0     0.0     0.0     0.0     0.0     0.0     0.0     0.0
     0.0     0.0     0.0     0.0    99.2     0.8
    2013   119.3     0.0     0.0     0.0     0.0     0.0
     0.0     0.0     0.0     0.0     0.0     0.0     0.0     0.0     0.0     0.0
     0.7     0.0     0.0     0.0    99.3     0.0
    2014   212.7     0.0     0.0     0.0     0.0     0.0
     0.0     0.0     0.0     0.0     0.0    99.8     0.0     0.0     0.0     0.0
     0.0     0.0     0.0     0.0     0.0     0.2
    2015   158.7     0.0     0.0     0.0     0.0     0.0
     0.0     0.0     0.0     0.0     0.0    99.7     0.0     0.0     0.0     0.0
     0.0     0.0     0.0     0.0     0.0     0.3
    2016   106.1     0.0     0.0     0.0     0.0     0.0
     5.1     0.0     0.0     0.0     0.0    44.4     0.0     0.0     0.0     0.0
     0.0     0.0    50.1     0.0     0.0     0.4
    2017   134.9     0.0     0.0     0.0     0.0     0.0
     4.3     0.0     0.0     0.0     0.0    56.0     0.0     0.0     0.0     0.0
     0.0     0.0    39.4     0.0     0.0     0.3
    2018   113.3     0.0     0.0     0.0     0.0     0.0
    46.9     0.0     0.0     0.0     0.0    51.8     0.3     0.0     0.0     0.0
     0.0     0.0     0.0     0.0     0.0     1.0
    2019    99.5     0.0     0.0     0.0     0.0     0.0
    53.4     0.0     0.0     0.0     0.0    45.2     0.3     0.0     0.0     0.0
     0.0     0.0     0.0     0.0     0.0     1.1
    2020   128.8     0.0     0.0     0.0     0.0     0.0
    65.4     0.0     0.0     0.0     0.0    33.1     0.3     0.0     0.0     0.0
     0.0     0.0     0.0     0.0     0.0     1.2
    2021    92.8     0.0     0.0     0.0     0.0     0.0
    32.4     0.0     0.0     0.0     0.0    64.3     1.6     0.0     0.0     0.0
     0.0     0.0     0.0     0.0     0.0     1.7
    2022    95.5     0.0     0.0     0.0     0.0     0.0
    60.7     0.0     0.0     0.0     0.0    36.1     1.6     0.0     0.0     0.0
     0.0     0.0     0.0     0.0     0.0     1.6
    2023   131.4     0.0     0.0     0.0     0.0     0.0
    57.8     0.0     0.0     0.0     0.0    39.8     1.2     0.0     0.0     0.0
     0.0     0.0     0.0     0.0     0.0     1.2
    2024   116.2     0.0     0.0     0.0     0.0     0.0
    61.1     0.0     0.0     0.0     0.0    36.3     1.3     0.0     0.0     0.0
     0.0     0.0     0.0     0.0     0.0     1.3
    1968   100.0    10.0     0.0     2.0     0.0     0.0     0.0
    1969   100.0    10.0     0.0     2.0     0.0     0.0     0.0
    1970   100.0    10.0     0.0     2.0     0.0     0.0     0.0
    1971   100.0    10.0     0.0     2.0     0.0     0.0     0.0
    1972   100.0    10.0     0.0     2.0     0.0     0.0     0.0
    1973   100.0    10.0     0.0     2.0     0.0     0.0     0.0
    1974   100.0    10.0     0.0     2.0     0.0     0.0     0.0
    1975   100.0    10.0     0.0     2.0     0.0     0.0     0.0
    1976   100.0    10.0     0.0     2.0     0.0     0.0     0.0
    1977   100.0    10.0     0.0     2.0     0.0     0.0     0.0
    1978   100.0    10.0     0.0     2.0     0.0     0.0     0.0
    1979   100.0    10.0     0.0     2.0     0.0     0.0     0.0
    1980   100.0    10.0     0.0     2.0     0.0     0.0     0.0
    1981   100.0    10.0     0.0     2.0     0.0     0.0     0.0
    1982   100.0    10.0     0.0     2.0     0.0     0.0     0.0
    1983   100.0    10.0     0.0     2.0     0.0     0.0     0.0
    1984   100.0    10.0     0.0     2.0     0.0     0.0     0.0
    1985   100.0    10.0     0.0     2.0     0.0     0.0     0.0
    1986   100.0    10.0     0.0     2.0     0.0     0.0     0.0
    1987   100.0    10.0     0.0     2.0     0.0     0.0     0.0
    1988   100.0    10.0     0.0     2.0     0.0     0.0     0.0
    1989   100.0    10.0     0.0     2.0     0.0     0.0     0.0
    1990   100.0    10.0     0.0     2.0     0.0     0.0     0.0
    1991   100.0    10.0     0.0     2.0     0.0     0.0     0.0
    1992   100.0    10.0     0.0     2.0     0.0     0.0     0.0
    1993   100.0    10.0     0.0     2.0     0.0     0.0     0.0
    1994   100.0    10.0     0.0     2.0     0.0     0.0     0.0
    1995   100.0    10.0     0.0     2.0     0.0     0.0     0.0
    1996   100.0    10.0     0.0     2.0     0.0     0.0     0.0
    1997   100.0    10.0     0.0     2.0     0.0     0.0     0.0
    1998   100.0    10.0     0.0     2.0     0.0     0.0     0.0
    1999   100.0    10.0     0.0     2.0     0.0     0.0     0.0
    2000   100.0    10.0     0.0     2.0     0.0     0.0     0.0
    2001   100.0    10.0     0.0     2.0     0.0     0.0     0.0
    2002   100.0    10.0     0.0     2.0     0.0     0.0     0.0
    2003   100.0    10.0     0.0     2.0     0.0     0.0     0.0
    2004   92.65    10.0    7.35     2.0     0.0     0.0     0.0
    2005   97.40    10.0    2.60     2.0     0.0     0.0     0.0
    2006   100.0    10.0     0.0     2.0     0.0     0.0     0.0
    2007    96.3    10.0     3.7     2.0     0.0     0.0     0.0
    2008   100.0    10.0     0.0     2.0     0.0     0.0     0.0
    2009   100.0    10.0     0.0     2.0     0.0     0.0     0.0
    2010    97.1    10.0     2.9     2.0     0.0     0.0     0.0
    2011    97.1    10.0     2.9     2.0     0.0     0.0     0.0
    2012    95.3    10.0     4.7     2.0     0.0     0.0     0.0
    2013    89.1    10.0    10.9     2.0     0.0     0.0     0.0
    2014    93.6    10.0     6.4     2.0     0.0     0.0     0.0
    2015    76.0    10.0    24.0     2.0     0.0     0.0     0.0
    2016    87.0    10.0    13.0     2.0     0.0     0.0     0.0
    2017    77.0    10.0    23.0     2.0     0.0     0.0     0.0
    2018    89.6    10.0    10.4     2.0     0.0     0.0     0.0
    2019    94.5    10.0     5.5     2.0     0.0     0.0     0.0
    2020    90.1    10.0     9.9     2.0     0.0     0.0     0.0
    2021    94.1    10.0     5.9     2.0     0.0     0.0     0.0
    2022    94.3    10.0     5.7     2.0     0.0     0.0     0.0
    2023    95.9    10.0     4.1     2.0     0.0     0.0     0.0
    2024    99.7    10.0     0.3     2.0     0.0     0.0     0.0
       0
 8      VIRDEN VALLEY
   32.45
       8      18       8       8
      17      23      13       2       1      16       6       5       7       4
      14       8      29      10      20       3      24      27
      0.
    1968   70.00    0.00    0.00    0.00      0.      0.
    0.00   44.80    0.00    0.00   12.40    0.00    0.00    0.00    0.00    0.00
    0.00   42.80     0.0     0.0     0.0     0.0     0.0     0.0
    1969  269.00    0.00    0.00    0.00      0.      0.
    0.00   44.80    0.00    0.00   12.40    0.00    0.00    0.00    0.00    0.00
    0.00   42.80     0.0     0.0     0.0     0.0     0.0     0.0
    1970  283.00    0.00    0.00    0.00      0.      0.
    0.00   44.80    0.00    0.00   12.40    0.00    0.00    0.00    0.00    0.00
    0.00   42.80     0.0     0.0     0.0     0.0     0.0     0.0
    1971  331.00    0.00    0.00    0.00      0.      0.
    0.00   44.80    0.00    0.00   12.40    0.00    0.00    0.00    0.00    0.00
    0.00   42.80     0.0     0.0     0.0     0.0     0.0     0.0
    1972  327.00    0.00    0.00    0.00      0.      0.
    0.00   44.80    0.00    0.00   12.40    0.00    0.00    0.00    0.00    0.00
    0.00   42.80     0.0     0.0     0.0     0.0     0.0     0.0
    1973  291.00    0.00    0.00    0.00      0.      0.
    0.00   44.80    0.00    0.00   12.40    0.00    0.00    0.00    0.00    0.00
    0.00   42.80     0.0     0.0     0.0     0.0     0.0     0.0
    1974  281.00    0.00    0.00    0.00      0.      0.
    0.00    0.00    0.00    4.30   84.40    1.00    0.00    1.40    0.00    0.00
    0.00    8.90     0.0     0.0     0.0     0.0     0.0     0.0
    1975  281.00    0.00    0.00    0.00      0.      0.
    0.00    0.00    0.00    4.30   84.40    1.00    0.00    1.40    0.00    0.00
    0.00    8.90     0.0     0.0     0.0     0.0     0.0     0.0
    1976  342.00    0.00    0.00    0.00      0.      0.
    0.00    0.00    0.00    4.30   84.40    1.00    0.00    1.40    0.00    0.00
    0.00    8.90     0.0     0.0     0.0     0.0     0.0     0.0
    1977  312.00    0.00    0.00    0.00      0.      0.
    0.00    0.00    0.00    1.40   84.40    1.00    0.00    8.90    0.00    0.00
    0.00    4.30     0.0     0.0     0.0     0.0     0.0     0.0
    1978  291.20    0.00    0.00    0.00      0.      0.
    0.00    0.00    0.00    1.40   84.40    1.00    0.00    8.90    0.00    0.00
    0.00    4.30     0.0     0.0     0.0     0.0     0.0     0.0
    1979   70.00    0.00    0.00    0.00      0.      0.
    0.00    0.00    0.00    1.40   84.40    1.00    0.00    8.90    0.00    0.00
    0.00    4.30     0.0     0.0     0.0     0.0     0.0     0.0
    1980  281.00    0.00    0.00    0.00      0.      0.
    0.00    0.00    0.00    1.40   84.40    1.00    0.00    8.90    0.00    0.00
    0.00    4.30     0.0     0.0     0.0     0.0     0.0     0.0
    1981  307.00    0.00    0.00    0.00      0.      0.
    0.00    0.00    0.00    1.40   84.40    1.00    0.00    8.90    0.00    0.00
    0.00    4.30     0.0     0.0     0.0     0.0     0.0     0.0
    1982  205.00    0.00    0.00    0.00      0.      0.
    0.00    0.00    0.00    1.40   84.40    1.00    0.00    8.90    0.00    0.00
    0.00    4.30     0.0     0.0     0.0     0.0     0.0     0.0
    1983  325.00    0.00    0.00    0.00      0.      0.
    0.00    0.00    0.00    1.40   84.40    1.00    0.00    8.90    0.00    0.00
    0.00    4.30     0.0     0.0     0.0     0.0     0.0     0.0
    1984  358.00    0.00    0.00    0.00      0.      0.
    0.00    0.00    0.00    1.40   84.40    1.00    0.00    8.90    0.00    0.00
    0.00    4.30     0.0     0.0     0.0     0.0     0.0     0.0
    1985   89.00    0.00    0.00    0.00      0.      0.
    0.00    0.00    0.00    1.40   84.40    1.00    0.00    8.90    0.00    0.00
    0.00    4.30     0.0     0.0     0.0     0.0     0.0     0.0
    1986  145.00    0.00    0.00    0.00      0.      0.
    0.00    0.00    0.00    1.40   84.40    1.00    0.00    8.90    0.00    0.00
    0.00    4.30     0.0     0.0     0.0     0.0     0.0     0.0
    1987  163.00    0.00    0.00    0.00      0.      0.
    0.00    0.00    0.00    1.40   84.40    1.00    0.00    8.90    0.00    0.00
    0.00    4.30     0.0     0.0     0.0     0.0     0.0     0.0
    1988  138.00    0.00    0.00    0.00      0.      0.
    0.00    0.00    0.00    1.40   84.40    1.00    0.00    8.90    0.00    0.00
    0.00    4.30     0.0     0.0     0.0     0.0     0.0     0.0
    1989  222.00    0.00    0.00    0.00      0.      0.
    0.00    0.00    0.00    1.40   84.40    1.00    0.00    8.90    0.00    0.00
    0.00    4.30     0.0     0.0     0.0     0.0     0.0     0.0
    1990  277.00    0.00    0.00    0.00     0.0     0.0
    0.00    0.00    0.00    1.40   84.40    1.00    0.00    8.90    0.00    0.00
    0.00    4.30     0.0     0.0     0.0     0.0     0.0     0.0
    1991  248.00    0.00    0.00    0.00      0.      0.
    0.00    0.00    0.00    1.40   84.40    1.00    0.00    8.90    0.00    0.00
    0.00    4.30     0.0     0.0     0.0     0.0     0.0     0.0
    1992  205.00    0.00    0.00    0.00      0.      0.
    0.00    0.00    0.00    1.40   84.40    1.00    0.00    8.90    0.00    0.00
    0.00    4.30     0.0     0.0     0.0     0.0     0.0     0.0
    1993  205.00    0.00    0.00    0.00      0.      0.
    0.00    0.00    0.00    1.40   84.40    1.00    0.00    8.90    0.00    0.00
    0.00    4.30     0.0     0.0     0.0     0.0     0.0     0.0
    1994   81.00    0.00    0.00    0.00      0.      0.
    0.00    0.00    0.00    1.40   84.40    1.00    0.00    8.90    0.00    0.00
    0.00    4.30     0.0     0.0     0.0     0.0     0.0     0.0
    1995  101.00    0.00    0.00    0.00      0.      0.
    0.00    0.00    0.00    1.40   84.40    1.00    0.00    8.90    0.00    0.00
    0.00    4.30     0.0     0.0     0.0     0.0     0.0     0.0
    1996  265.00    0.00    0.00    0.00      0.      0.
    0.00   24.20    0.00    6.20    6.00    0.00    2.30   60.90    0.00    0.00
    0.40    0.00     0.0     0.0     0.0     0.0     0.0     0.0
    1997  289.00    0.00    0.00    0.00      0.      0.
    0.00   24.20    0.00    6.20    6.00    0.00    2.30   60.90    0.00    0.00
    0.40    0.00     0.0     0.0     0.0     0.0     0.0     0.0
    1998  318.00    0.00    0.00    0.00      0.      0.
    0.00   24.20    0.00    6.20    6.00    0.00    2.30   60.90    0.00    0.00
    0.40    0.00     0.0     0.0     0.0     0.0     0.0     0.0
    1999   66.70    0.00    0.00    0.00      0.      0.
    0.00    0.00    0.00   14.54   85.46    0.00    0.00    0.00    0.00    0.00
    0.00    0.00     0.0     0.0     0.0     0.0     0.0     0.0
    2000   85.50    0.00    0.00    0.00      0.      0.
    0.00    0.00    0.00   11.40   55.30    0.00    0.00   33.30    0.00    0.00
    0.00    0.00     0.0     0.0     0.0     0.0     0.0     0.0
    2001  311.80    0.00    0.00    0.00      0.      0.
   76.30   14.60    3.70    3.10    2.30    0.00    0.00    0.00    0.00    0.00
    0.00    0.00     0.0     0.0     0.0     0.0     0.0     0.0
    2002   223.6     0.0     0.0     0.0      0.      0.
    0.00    0.00    0.00    00.0    0.00    8.60   11.00   80.40    0.00    0.00
    0.00    0.00     0.0     0.0     0.0     0.0     0.0     0.0
    2003   223.2     0.0     0.0     0.0      0.      0.
   40.00    8.60    0.00    0.00    0.00    0.00    0.00   10.70   40.60    0.10
    0.00    0.00     0.0     0.0     0.0     0.0     0.0     0.0
    2004   281.5     0.0     0.0     0.0      0.      0.
    0.00    6.86    0.00    0.00   20.71    0.00    0.00   72.32    0.00    0.11
    0.00    0.00     0.0     0.0     0.0     0.0     0.0     0.0
    2005   101.4     0.0     0.0     0.0      0.      0.
    0.00    19.0    0.00    0.00   57.50    0.00    0.00   23.50    0.00    0.11
    0.00    0.00     0.0     0.0     0.0     0.0     0.0     0.0
    2006    91.6     0.0     0.0     0.0      0.      0.
    0.00     0.0    0.00    0.00   55.68   19.32    0.00   25.00    0.00    0.00
    0.00    0.00     0.0     0.0     0.0     0.0     0.0     0.0
    2007    68.7     0.0     0.0     0.0      0.      0.
    0.00   25.76    0.00    0.00   74.24    0.00    0.00    0.00    0.00    0.00
    0.00    0.00     0.0     0.0     0.0     0.0     0.0     0.0
    2008   134.3     0.0     0.0     0.0     0.0     0.0
     0.0    29.6     0.0     0.0    16.8    53.6     0.0     0.0     0.0     0.0
     0.0     0.0     0.0     0.0     0.0     0.0     0.0     0.0
    2009   192.5     0.0     0.0     0.0     0.0     0.0
     1.6    20.6     0.0    12.0     0.0     0.0     3.9     0.0     0.0     0.0
     0.0     0.0    61.9     0.0     0.0     0.0     0.0     0.0
    2010   243.3     0.0     0.0     0.0     0.0     0.0
     0.0     0.0     0.0     9.0     0.0     0.0    20.6     0.0     0.0     0.0
     3.3     0.0    67.1     0.0     0.0     0.0     0.0     0.0
    2011   263.4     0.0     0.0     0.0     0.0     0.0
     0.0    11.7     0.0    62.0     0.0     0.0    19.0     0.0     0.0     0.0
     7.3     0.0     0.0     0.0     0.0     0.0     0.0     0.0
    2012   291.8     0.0     0.0     0.0     0.0     0.0
     0.0     7.3     0.0     8.7     0.0     0.0     8.2     0.0     5.0     0.3
     2.0     0.0    68.5     0.0     0.0     0.0     0.0     0.0
    2013   212.8     0.0     0.0     0.0     0.0     0.0
     0.0    10.4     6.7     3.5    10.6     0.0     0.0     0.0     0.0     0.0
     3.7     0.0    65.1     0.0     0.0     0.0     0.0     0.0
    2014   220.6     0.0     0.0     0.0     0.0     0.0
     0.0    10.5     0.0     0.0    10.5     0.0     0.0    18.3     0.0     1.1
     4.0     0.0     0.0     8.3    47.3     0.0     0.0     0.0
    2015   231.5     0.0     0.0     0.0     0.0     0.0
     0.0    15.0     0.0     0.0    10.0     0.0     8.3    13.8     2.1     1.1
     3.8     0.0     0.0     3.0    42.9     0.0     0.0     0.0
    2016   280.4     0.0     0.0     0.0     0.0     0.0
     0.0     0.0     0.0     0.0     0.0     0.0     6.9    75.7     1.8     0.2
     0.0     0.0     0.0    14.7     0.0     0.6     0.1     0.0
    2017   269.5     0.0     0.0     0.0     0.0     0.0
     0.0    15.3     0.0     0.0     0.0     0.6     3.1    66.3     1.8     0.2
     0.0     0.0    12.6     0.0     0.0     0.0     0.1     0.0
    2018   278.8     0.0     0.0     0.0     0.0     0.0
     0.0    14.8     0.0     0.0     0.0     0.6     0.0    71.3     0.0     0.2
     0.0     0.0    13.0     0.0     0.0     0.0     0.1     0.0
    2019    45.2     0.0     0.0     0.0     0.0     0.0
     0.0     0.0     0.0     0.0     0.0     3.6     0.0    44.4     0.0     1.0
     0.0     0.0     0.0    50.2     0.0     0.0     0.8     0.0
    2020    48.5     0.0     0.0     0.0     0.0     0.0
     0.0    46.7     0.0     0.0     0.0     0.0     0.0     0.0     0.0     3.8
     0.0     0.0    10.2     0.0    38.6     0.0     0.7     0.0
    2021    48.5     0.0     0.0     0.0     0.0     0.0
     0.0    38.6     0.0     0.0     0.0     0.0     0.0     0.0     0.0     3.8
     0.0     0.0    10.3    46.7     0.0     0.0     0.7     0.0
    2022    99.1     0.0     0.0     0.0     0.0     0.0
     0.0    41.7     0.0     0.0     0.0     0.0     0.0     5.1     0.0     1.8
     0.0     0.0     0.0    46.7     0.0     0.0     0.3     4.4
    2023    45.3     0.0     0.0     0.0     0.0     0.0
     0.0     0.0     0.0     0.0     8.1     0.0    41.3     0.0     0.0     4.7
     0.0     0.0    10.9    23.7     0.0     0.0     0.8    10.5
    2024    59.7     0.0     0.0     0.0     0.0     0.0
     0.0    31.3     0.0     0.0     6.2     0.0     0.0    18.0     0.0     3.5
     0.0     0.0     0.0     0.0    32.5     0.0     0.6     7.9
    1968   100.0     2.0     0.0     2.0     0.0     0.0     0.0
    1969   100.0     2.0     0.0     2.0     0.0     0.0     0.0
    1970   100.0     2.0     0.0     2.0     0.0     0.0     0.0
    1971   100.0     2.0     0.0     2.0     0.0     0.0     0.0
    1972   100.0     2.0     0.0     2.0     0.0     0.0     0.0
    1973   100.0     2.0     0.0     2.0     0.0     0.0     0.0
    1974   100.0     2.0     0.0     2.0     0.0     0.0     0.0
    1975   100.0     2.0     0.0     2.0     0.0     0.0     0.0
    1976   100.0     2.0     0.0     2.0     0.0     0.0     0.0
    1977   100.0     2.0     0.0     2.0     0.0     0.0     0.0
    1978   100.0     2.0     0.0     2.0     0.0     0.0     0.0
    1979   100.0     2.0     0.0     2.0     0.0     0.0     0.0
    1980   100.0     2.0     0.0     2.0     0.0     0.0     0.0
    1981   100.0     2.0     0.0     2.0     0.0     0.0     0.0
    1982   100.0     2.0     0.0     2.0     0.0     0.0     0.0
    1983   100.0     2.0     0.0     2.0     0.0     0.0     0.0
    1984   100.0     2.0     0.0     2.0     0.0     0.0     0.0
    1985   100.0     2.0     0.0     2.0     0.0     0.0     0.0
    1986   100.0     2.0     0.0     2.0     0.0     0.0     0.0
    1987   100.0     2.0     0.0     2.0     0.0     0.0     0.0
    1988   100.0     2.0     0.0     2.0     0.0     0.0     0.0
    1989   100.0     2.0     0.0     2.0     0.0     0.0     0.0
    1990   100.0     2.0     0.0     2.0     0.0     0.0     0.0
    1991   100.0     2.0     0.0     2.0     0.0     0.0     0.0
    1992   100.0     2.0     0.0     2.0     0.0     0.0     0.0
    1993   100.0     2.0     0.0     2.0     0.0     0.0     0.0
    1994   100.0     2.0     0.0     2.0     0.0     0.0     0.0
    1995   100.0     2.0     0.0     2.0     0.0     0.0     0.0
    1996   100.0     2.0     0.0     2.0     0.0     0.0     0.0
    1997   100.0     2.0     0.0     2.0     0.0     0.0     0.0
    1998   100.0     2.0     0.0     2.0     0.0     0.0     0.0
    1999   100.0     2.0     0.0     2.0     0.0     0.0     0.0
    2000   100.0     2.0     0.0     2.0     0.0     0.0     0.0
    2001   100.0     2.0     0.0     2.0     0.0     0.0     0.0
    2002   100.0     2.0     0.0     2.0     0.0     0.0     0.0
    2003   100.0     2.0     0.0     2.0     0.0     0.0     0.0
    2004    36.1     2.0    63.8     2.0     0.0     0.0     0.0
    2005   100.0     2.0     0.0     2.0     0.0     0.0     0.0
    2006   100.0     2.0     0.0     2.0     0.0     0.0     0.0
    2007   100.0     2.0     0.0     2.0     0.0     0.0     0.0
    2008    46.4     2.0    53.6     2.0     0.0     0.0     0.0
    2009    43.3     2.0    56.7     2.0     0.0     0.0     0.0
    2010    55.1     2.0    44.9     2.0     0.0     0.0     0.0
    2011    58.5     2.0    41.5     2.0     0.0     0.0     0.0
    2012    58.5     2.0    41.5     2.0     0.0     0.0     0.0
    2013    38.3     2.0    61.7     2.0     0.0     0.0     0.0
    2014    38.2     2.0    61.8     2.0     0.0     0.0     0.0
    2015    41.1     2.0    58.9     2.0     0.0     0.0     0.0
    2016    34.6     2.0    65.4     2.0     0.0     0.0     0.0
    2017    31.9     2.0    68.1     2.0     0.0     0.0     0.0
    2018    33.8     2.0    66.0     2.0     0.2     0.0     0.0
    2019    54.6     2.0    44.4     2.0     1.0     0.0     0.0
    2020    50.2     2.0    10.3     2.0    39.5     0.0     0.0
    2021    50.2     2.0    10.3     2.0    39.5     0.0     0.0
    2022    75.6     2.0     5.0     2.0    19.4     0.0     0.0
    2023    46.7     2.0    11.0     2.0    42.3     0.0     0.0
    2024    59.6     2.0     8.2     2.0    32.1     0.0     0.0
       0
 9      SAN SIMON
   31.56
       9      20       9       9
       1      14       8       5      27      16       6      25      18      17
      13       4      23       2       3      19      29      24      22      20
      0.
    1968 1753.00     0.0     0.0     0.0      0.      0.
    1.60    0.00   22.30   12.50    0.00   15.70    0.00    0.00    0.00    0.00
    0.00    0.00   25.10    5.50   10.70    6.60    0.00     0.0     0.0     0.0
    1969 1863.00     0.0     0.0     0.0      0.      0.
    1.60    0.00   22.30   12.50    0.00   15.70    0.00    0.00    0.00    0.00
    0.00    0.00   25.10    5.50   10.70    6.60    0.00     0.0     0.0     0.0
    1970 1652.00     0.0     0.0     0.0      0.      0.
    1.60    0.00   22.30   12.50    0.00   15.70    0.00    0.00    0.00    0.00
    0.00    0.00   25.10    5.50   10.70    6.60    0.00     0.0     0.0     0.0
    1971 1984.00     0.0     0.0     0.0      0.      0.
    1.60    0.00   22.30   12.50    0.00   15.70    0.00    0.00    0.00    0.00
    0.00    0.00   25.10    5.50   10.70    6.60    0.00     0.0     0.0     0.0
    1972 1927.00     0.0     0.0     0.0      0.      0.
    1.60    0.00   22.30   12.50    0.00   15.70    0.00    0.00    0.00    0.00
    0.00    0.00   25.10    5.50   10.70    6.60    0.00     0.0     0.0     0.0
    1973 2194.00     0.0     0.0     0.0      0.      0.
    1.60    0.00   22.30   12.50    0.00   15.70    0.00    0.00    0.00    0.00
    0.00    0.00   25.10    5.50   10.70    6.60    0.00     0.0     0.0     0.0
    1974 2309.00     0.0     0.0     0.0      0.      0.
    7.50    0.00   15.70    4.70    0.00   16.00    0.00    0.00    0.00    0.00
    0.00    4.10   36.10    3.30    9.40    3.20    0.00     0.0     0.0     0.0
    1975 2276.00     0.0     0.0     0.0      0.      0.
    7.50    0.00   15.70    4.70    0.00   16.00    0.00    0.00    0.00    0.00
    0.00    4.10   36.10    3.30    9.40    3.20    0.00     0.0     0.0     0.0
    1976 2346.00     0.0     0.0     0.0      0.      0.
    7.50    0.00   15.70    4.70    0.00   16.00    0.00    0.00    0.00    0.00
    0.00    4.10   36.10    3.30    9.40    3.20    0.00     0.0     0.0     0.0
    1977 2144.00     0.0     0.0     0.0      0.      0.
    7.50    0.00   15.70    4.70    0.00   16.00    0.00    0.00    0.00    0.00
    0.00    4.10   36.10    3.30    9.40    3.20    0.00     0.0     0.0     0.0
    1978 1718.90     0.0     0.0     0.0      0.      0.
    7.50    0.00   15.70    4.70    0.00   16.00    0.00    0.00    0.00    0.00
    0.00    4.10   36.10    3.30    9.40    3.20    0.00     0.0     0.0     0.0
    1979 1427.00     0.0     0.0     0.0      0.      0.
    7.50    0.00   15.70    4.70    0.00   16.00    0.00    0.00    0.00    0.00
    0.00    4.10   36.10    3.30    9.40    3.20    0.00     0.0     0.0     0.0
    1980 1719.00     0.0     0.0     0.0      0.      0.
    7.50    0.00   15.70    4.70    0.00   16.00    0.00    0.00    0.00    0.00
    0.00    4.10   36.10    3.30    9.40    3.20    0.00     0.0     0.0     0.0
    1981 1613.00     0.0     0.0     0.0      0.      0.
    7.50    0.00   15.70    4.70    0.00   16.00    0.00    0.00    0.00    0.00
    0.00    4.10   36.10    3.30    9.40    3.20    0.00     0.0     0.0     0.0
    1982  114.00     0.0     0.0     0.0      0.      0.
    7.50    0.00   15.70    4.70    0.00   16.00    0.00    0.00    0.00    0.00
    0.00    4.10   36.10    3.30    9.40    3.20    0.00     0.0     0.0     0.0
    1983  777.00     0.0     0.0     0.0      0.      0.
    7.50    0.00   15.70    4.70    0.00   16.00    0.00    0.00    0.00    0.00
    0.00    4.10   36.10    3.30    9.40    3.20    0.00     0.0     0.0     0.0
    1984  917.00     0.0     0.0     0.0      0.      0.
    7.50    0.00   15.70    4.70    0.00   16.00    0.00    0.00    0.00    0.00
    0.00    4.10   36.10    3.30    9.40    3.20    0.00     0.0     0.0     0.0
    1985  971.10     0.0     0.0     0.0      0.      0.
    7.50    0.00   15.70    4.70    0.00   16.00    0.00    0.00    0.00    0.00
    0.00    4.10   36.10    3.30    9.40    3.20    0.00     0.0     0.0     0.0
    1986 1208.00     0.0     0.0     0.0      0.      0.
    7.50    0.00   15.70    4.70    0.00   16.00    0.00    0.00    0.00    0.00
    0.00    4.10   36.10    3.30    9.40    3.20    0.00     0.0     0.0     0.0
    1987  546.30     0.0     0.0     0.0      0.      0.
    7.50    0.00   15.70    4.70    0.00   16.00    0.00    0.00    0.00    0.00
    0.00    4.10   36.10    3.30    9.40    3.20    0.00     0.0     0.0     0.0
    1988  511.00     0.0     0.0     0.0      0.      0.
    7.50    0.00   15.70    4.70    0.00   16.00    0.00    0.00    0.00    0.00
    0.00    4.10   36.10    3.30    9.40    3.20    0.00     0.0     0.0     0.0
    1989  454.00     0.0     0.0     0.0      0.      0.
    7.50    0.00   15.70    4.70    0.00   16.00    0.00    0.00    0.00    0.00
    0.00    4.10   36.10    3.30    9.40    3.20    0.00     0.0     0.0     0.0
    1990  299.00     0.0     0.0     0.0      0.      0.
    7.50    0.00   15.70    4.70    0.00   16.00    0.00    0.00    0.00    0.00
    0.00    4.10   36.10    3.30    9.40    3.20    0.00     0.0     0.0     0.0
    1991  136.00     0.0     0.0     0.0      0.      0.
    7.50    0.00   15.70    4.70    0.00   16.00    0.00    0.00    0.00    0.00
    0.00    4.10   36.10    3.30    9.40    3.20    0.00     0.0     0.0     0.0
    1992  114.00     0.0     0.0     0.0      0.      0.
    7.50    0.00   15.70    4.70    0.00   16.00    0.00    0.00    0.00    0.00
    0.00    4.10   36.10    3.30    9.40    3.20    0.00     0.0     0.0     0.0
    1993  216.00     0.0     0.0     0.0      0.      0.
    7.50    0.00   15.70    4.70    0.00   16.00    0.00    0.00    0.00    0.00
    0.00    4.10   36.10    3.30    9.40    3.20    0.00     0.0     0.0     0.0
    1994  116.00     0.0     0.0     0.0      0.      0.
    7.50    0.00   15.70    4.70    0.00   16.00    0.00    0.00    0.00    0.00
    0.00    4.10   36.10    3.30    9.40    3.20    0.00     0.0     0.0     0.0
    1995  158.00     0.0     0.0     0.0      0.      0.
    7.50    0.00   15.70    4.70    0.00   16.00    0.00    0.00    0.00    0.00
    0.00    4.10   36.10    3.30    9.40    3.20    0.00     0.0     0.0     0.0
    1996  487.00     0.0     0.0     0.0      0.      0.
    5.20    9.00    0.00   72.90    0.00    0.00    0.00    0.00    0.00    0.00
    0.00    1.80   11.10    0.00    0.00    0.00    0.00     0.0     0.0     0.0
    1997  539.00     0.0     0.0     0.0      0.      0.
    5.20    9.00    0.00   72.90    0.00    0.00    0.00    0.00    0.00    0.00
    0.00    1.80   11.10    0.00    0.00    0.00    0.00     0.0     0.0     0.0
    1998 1057.15     0.0     0.0     0.0      0.      0.
    5.20    9.00    0.00   72.90    0.00    0.00    0.00    0.00    0.00    0.00
    0.00    1.80   11.10    0.00    0.00    0.00    0.00     0.0     0.0     0.0
    1999  688.60     0.0     0.0     0.0      0.      0.
    0.00   21.51    0.00   74.12    0.73    00.0    00.0    0.00    0.00    3.65
    0.00    0.00    0.00    0.00    0.00    0.00    0.00     0.0     0.0     0.0
    2000  397.51     0.0     0.0     0.0      0.      0.
   85.28    6.38    0.00     0.0    1.26     0.0     0.0     0.0     0.0    6.33
    0.75    0.00    0.00    0.00    0.00    0.00    0.00     0.0     0.0     0.0
    2001   450.8     0.0     0.0     0.0      0.      0.
    46.9    30.7    14.9     6.4     1.1    0.00     0.0     0.0     0.0     0.0
     0.0    0.00    0.00    0.00    0.00    0.00    0.00     0.0     0.0     0.0
    2002   635.1    0.00    0.00    0.00      0.      0.
   18.10   19.50    3.00   11.30    2.00    2.10    26.1    1.80    2.10    14.0
     0.0    0.00    0.00    0.00    0.00    0.00    0.00     0.0     0.0     0.0
    2003   653.8    0.00    0.00    0.00      0.      0.
    6.30   12.10    0.00   22.90    1.90    13.6    27.0    0.00   16.20     0.0
     0.0    0.00    0.00    0.00    0.00    0.00    0.00     0.0     0.0     0.0
    2004  293.20    0.00    0.00    0.00      0.      0.
    0.61    8.42    0.00   14.90    0.00    0.00   64.90    0.00    0.00    0.00
     0.0    0.00    0.00    0.00    0.00    0.00    0.00     0.0     0.0     0.0
    2005  814.62    0.00    0.00    0.00      0.      0.
    8.66   14.38    0.00   62.52    0.00    0.00   12.65    1.79    0.00    0.00
     0.0    6.34    0.00    0.00    0.00    0.00    0.00     0.0     0.0     0.0
    2006  372.00    0.00    0.00    0.00      0.      0.
    4.49    0.00    0.00   92.55    2.58    0.38    0.00    0.00    0.00    0.00
     0.0    0.00    0.00    0.00    0.00    0.00    0.00     0.0     0.0     0.0
    2007   117.9    0.00    0.00    0.00      0.      0.
   14.16    0.00    0.00    0.00    8.14    0.00    0.00    1.19    0.00    0.00
    0.00    0.00    0.00    0.00    3.14    0.00   73.37     0.0     0.0     0.0
    2008   503.4     0.0     0.0     0.0     0.0     0.0
     8.6     0.0     0.0     0.6     1.9     0.0     2.4     0.2     0.0     0.0
     0.0     0.0     0.0     0.0     0.0     0.0    71.5     6.0     8.8     0.0
    2009   523.6     0.0     0.0     0.0     0.0     0.0
     5.0     0.0     0.0     0.0     1.8     0.0     0.0     0.2     0.0     0.0
     0.0     0.0     0.0     0.0     0.0     0.0    87.2     5.8     0.0     0.0
    2010   277.5     0.0     0.0     0.0     0.0     0.0
    15.5     0.0     0.0     0.0     3.5     0.0     0.0     0.5     0.0     0.0
     0.0     0.0     0.0     0.0     0.0     0.0    72.0     8.5     0.0     0.0
    2011   259.3     0.0     0.0     0.0     0.0     0.0
    10.1     0.0     0.0     0.0     3.1     0.0     0.0     0.6     0.0     0.0
     0.0     0.0     0.0     0.0     0.0     0.0    77.1     9.1     0.0     0.0
    2012   403.8     0.0     0.0     0.0     0.0     0.0
    12.4     0.0     0.0     0.0     6.1     0.0    12.4     0.0     0.0     0.0
     0.0     0.0     0.0     0.0     0.0     0.0    69.1     0.0     0.0     0.0
    2013   219.9     0.0     0.0     0.0     0.0     0.0
    12.0    15.2     0.0     0.0     3.6     0.0     0.0     0.7     0.0     0.0
     0.0     0.0     0.0    52.5     0.0     0.0    15.6     0.4     0.0     0.0
    2014   200.9     0.0     0.0     0.0     0.0     0.0
     3.7     0.0     0.0     0.0     4.4     0.0     0.0     0.0     0.0     0.0
     0.0     0.0     0.0    56.9     0.7     0.0     0.0     0.0     0.0    34.3
    2015   542.5     0.0     0.0     0.0     0.0     0.0
    17.1    13.7     0.0     0.0     1.6     0.0    45.1     0.0     0.0     0.0
     0.0     0.0     0.0    22.2     0.3     0.0     0.0     0.0     0.0     0.0
    2016   672.3     0.0     0.0     0.0     0.0     0.0
    22.3     0.0     0.0     0.0     1.3     0.0     0.0     0.0     0.0    17.9
     0.0     0.0    17.7    11.1     0.0     2.6    27.1     0.0     0.0     0.0
    2017   555.2     0.0     0.0     0.0     0.0     0.0
    33.4     0.0     0.0    31.1     1.6    18.9     0.0     0.0     0.0    11.8
     0.0     0.0     0.0     0.0     0.1     0.0     3.1     0.0     0.0     0.0
    2018   919.4     0.0     0.0     0.0     0.0     0.0
    29.9     0.0     0.0     0.0     1.0     0.0    30.2     0.0     0.0     0.0
     0.0     0.0    26.3     0.0     0.0     8.1     4.5     0.0     0.0     0.0
    2019   857.6     0.0     0.0     0.0     0.0     0.0
    33.1     0.0     0.0    22.0     1.1     0.0    22.8     0.0     0.0     0.0
     0.0     0.0     2.2     0.0     0.0     3.7    15.1     0.0     0.0     0.0
    2020   623.7     0.0     0.0     0.0     0.0     0.0
    44.1     0.0     0.0    23.6     1.4     0.0     0.0     0.0     0.0     3.2
     0.0     0.0     0.0     0.0     0.1     0.0     0.0     0.0     0.0    27.6
    2021   475.3     0.0     0.0     0.0     0.0     0.0
    31.5     0.0     0.0    26.5     1.9     0.0     0.0     0.0     0.0     0.0
     0.0     0.1     0.0     0.0     0.1     0.0     0.0     5.0     0.0    34.9
    2022   230.5     0.0     0.0     0.0     0.0     0.0
     0.0     0.0     0.0    68.1     3.8     0.0     0.0     0.0     0.0     0.0
     0.0     0.1     0.0     0.0     0.1     0.0     0.0    10.4     0.0    17.5
    2023   522.3     0.0     0.0     0.0     0.0     0.0
    24.0     0.0     0.0    41.3     1.7     0.0     0.0     0.0     0.0     0.0
     0.0     0.1     0.0     0.0     0.1     0.0    21.4     4.6     0.0     6.8
    2024   754.2     0.0     0.0     0.0     0.0     0.0
    16.7     0.0     0.0    28.7     1.2     0.0     0.0     0.1     0.0     0.0
     0.0     0.0     0.0     0.0     0.0     0.0    14.8     0.0     0.0    38.5
    1968   100.0     2.0     0.0     2.0     0.0     0.0     0.0
    1969   100.0     2.0     0.0     2.0     0.0     0.0     0.0
    1970   100.0     2.0     0.0     2.0     0.0     0.0     0.0
    1971   100.0     2.0     0.0     2.0     0.0     0.0     0.0
    1972   100.0     2.0     0.0     2.0     0.0     0.0     0.0
    1973   100.0     2.0     0.0     2.0     0.0     0.0     0.0
    1974   100.0     2.0     0.0     2.0     0.0     0.0     0.0
    1975   100.0     2.0     0.0     2.0     0.0     0.0     0.0
    1976   100.0     2.0     0.0     2.0     0.0     0.0     0.0
    1977   100.0     2.0     0.0     2.0     0.0     0.0     0.0
    1978   100.0     2.0     0.0     2.0     0.0     0.0     0.0
    1979   100.0     2.0     0.0     2.0     0.0     0.0     0.0
    1980   100.0     2.0     0.0     2.0     0.0     0.0     0.0
    1981   100.0     2.0     0.0     2.0     0.0     0.0     0.0
    1982   100.0     2.0     0.0     2.0     0.0     0.0     0.0
    1983   100.0     2.0     0.0     2.0     0.0     0.0     0.0
    1984   100.0     2.0     0.0     2.0     0.0     0.0     0.0
    1985   100.0     2.0     0.0     2.0     0.0     0.0     0.0
    1986   100.0     2.0     0.0     2.0     0.0     0.0     0.0
    1987   100.0     2.0     0.0     2.0     0.0     0.0     0.0
    1988   100.0     2.0     0.0     2.0     0.0     0.0     0.0
    1989   100.0     2.0     0.0     2.0     0.0     0.0     0.0
    1990   100.0     2.0     0.0     2.0     0.0     0.0     0.0
    1991   100.0     2.0     0.0     2.0     0.0     0.0     0.0
    1992   100.0     2.0     0.0     2.0     0.0     0.0     0.0
    1993   100.0     2.0     0.0     2.0     0.0     0.0     0.0
    1994   100.0     2.0     0.0     2.0     0.0     0.0     0.0
    1995   100.0     2.0     0.0     2.0     0.0     0.0     0.0
    1996   100.0     2.0     0.0     2.0     0.0     0.0     0.0
    1997   100.0     2.0     0.0     2.0     0.0     0.0     0.0
    1998   100.0     2.0     0.0     2.0     0.0     0.0     0.0
    1999   100.0     2.0     0.0     2.0     0.0     0.0     0.0
    2000   100.0     2.0     0.0     2.0     0.0     0.0     0.0
    2001   100.0     2.0     0.0     2.0     0.0     0.0     0.0
    2002   100.0     2.0     0.0     2.0     0.0     0.0     0.0
    2003   100.0     2.0     0.0     2.0     0.0     0.0     0.0
    2004   53.40     2.0   46.60     2.0     0.0     0.0     0.0
    2005   95.05     2.0    4.95     2.0     0.0     0.0     0.0
    2006   53.00     2.0   47.00     2.0     0.0     0.0     0.0
    2007    64.9     2.0    35.1     2.0     0.0     0.0     0.0
    2008    30.5     2.0    69.5     2.0     0.0     0.0     0.0
    2009    27.2     2.0    72.8     2.0     0.0     0.0     0.0
    2010    32.0     2.0    68.0     2.0     0.0     0.0     0.0
    2011    27.2     2.0    72.8     2.0     0.0     0.0     0.0
    2012    27.2     2.0    72.8     2.0     0.0     0.0     0.0
    2013    35.3     2.0    64.7     2.0     0.0     0.0     0.0
    2014    27.1     2.0    72.9     2.0     0.0     0.0     0.0
    2015    22.4     2.0    77.6     2.0     0.0     0.0     0.0
    2016    36.2     2.0    63.8     2.0     0.0     0.0     0.0
    2017    14.9     2.0    85.1     2.0     0.0     0.0     0.0
    2018    18.1     2.0    81.9     2.0     0.0     0.0     0.0
    2019    19.6     2.0    80.4     2.0     0.0     0.0     0.0
    2020     9.3     2.0    90.7     2.0     0.0     0.0     0.0
    2021     5.0     2.0    95.0     2.0     0.0     0.0     0.0
    2022    10.4     2.0    89.6     2.0     0.0     0.0     0.0
    2023    26.0     2.0    74.0     2.0     0.0     0.0     0.0
    2024    17.1     2.0    82.9     2.0     0.0     0.0     0.0
       0
  25.0   7.5   7.1   8.4   8.6   9.3   9.2   9.4   9.1   8.3   8.1   7.4   7.4
  26.0   7.5   7.1   8.4   8.6   9.4   9.3   9.5   9.1   8.3   8.1   7.4   7.4
  27.0   7.4   7.1   8.4   8.7   9.4   9.3   9.5   9.1   8.3   8.0   7.3   7.3
  28.0   7.4   7.1   8.4   8.7   9.5   9.4   9.6   9.2   8.3   8.0   7.3   7.3
  29.0   7.4   7.1   8.4   8.7   9.5   9.4   9.6   9.2   8.3   8.0   7.2   7.2
  30.0   7.3   7.0   8.4   8.7   9.5   9.5   9.7   9.2   8.3   8.0   7.2   7.2
  31.0   7.2   7.0   8.4   8.7   9.6   9.6   9.7   9.2   8.3   8.0   7.2   7.1
  32.0   7.2   7.0   8.4   8.8   9.6   9.6   9.8   9.3   8.3   8.0   7.1   7.1
  33.0   7.2   6.9   8.4   8.8   9.7   9.6   9.8   9.3   8.4   7.9   7.1   7.0
  34.0   7.1   6.9   8.4   8.8   9.7   9.7   9.9   9.3   8.4   7.9   7.0   6.9
  35.0   7.0   6.9   8.4   8.8   9.8   9.8   9.9   9.4   8.4   7.9   7.0   6.9
  36.0   7.0   6.8   8.4   8.8   9.8   9.8  10.0   9.4   8.4   7.9   6.9   6.8
  37.0   6.9   6.8   8.3   8.9   9.8   9.9  10.1   9.4   8.4   7.8   6.9   6.7
  38.0   6.9   6.8   8.3   8.9   9.9  10.0  10.1   9.5   8.4   7.8   6.8   6.7
  39.0   6.8   6.8   8.3   8.9  10.0  10.0  10.2   9.5   8.4   7.8   6.8   6.6
  40.0   6.8   6.7   8.3   8.9  10.0  10.1  10.2   9.6   8.4   7.8   6.7   6.5
  41.0   6.7   6.7   8.3   9.0  10.1  10.2  10.3   9.6   8.4   7.7   6.7   6.5
  42.0   6.6   6.6   8.3   9.0  10.1  10.2  10.4   9.6   8.4   7.7   6.6   6.4
  43.0   6.6   6.6   8.3   9.0  10.2  10.3  10.4   9.7   8.4   7.7   6.6   6.3
  44.0   6.5   6.6   8.3   9.1  10.2  10.4  10.5   9.7   8.4   7.6   6.5   6.2
  45.0   6.4   6.5   8.3   9.1  10.3  10.5  10.6   9.8   8.4   7.6   6.4   6.1
  46.0   6.3   6.5   8.3   9.1  10.4  10.5  10.6   9.8   8.4   7.6   6.4   6.1
  47.0   6.2   6.4   8.3   9.1  10.4  10.6  10.7   9.8   8.4   7.5   6.3   6.0
  48.0   6.2   6.4   8.3   9.2  10.5  10.7  10.8   9.9   8.4   7.5   6.2   5.8
  49.0   6.1   6.4   8.2   9.2  10.6  10.8  10.9   9.9   8.5   7.5   6.2   5.8
  50.0   6.0   6.3   8.2   9.2  10.7  10.9  11.0  10.0   8.5   7.4   6.1   5.6