      30       1      30
 1    Alfalfa
PR       50.   28.  0.85  0.50  365.
    1.   15.   32.   46.   60.   74.   91.  105.  121.  135.  152.  166.  182.
  196.  213.  227.  244.  258.  274.  288.  305.  319.  335.  349.  366.
  0.60  0.63  0.68  0.73  0.79  0.85  0.92  0.99 1.045  1.09  1.12 1.135  1.13
 1.115  1.09 1.065  1.03  0.99  0.95 0.905  0.85  0.79  0.72  0.64  0.60
       0
 2    Corn (grain)
AN       55.   32.  0.75  0.40  140.
    0.    5.   10.   15.   20.   25.   30.   35.   40.   45.   50.   55.   60.
   65.   70.   75.   80.   85.   90.   95.  100.
  0.44  0.46  0.49  0.53  0.58  0.64  0.71  0.82  0.92  1.01  1.05  1.08  1.08
  1.08  1.06  1.04  1.00  0.97  0.93  0.89  0.85
       1
       1    1968       6      10       9      30
       1    1969       6      10       9      30
       1    1970       6      10       9      30
       1    1971       6      10       9      30
       1    1972       6      10       9      30
       1    1973       6      10       9      30
       1    1974       6      10       9      30
       1    1975       6      10       9      30
       1    1976       6      10       9      30
       1    1977       6      10       9      30
       1    1978       6      10       9      30
       1    1979       6      10       9      30
       1    1980       6      10       9      30
       1    1981       6      10       9      30
       1    1982       6      10       9      30
       1    1983       6      10       9      30
       1    1984       6      10       9      30
       1    1985       6      10       9      30
       1    1986       6      10       9      30
       1    1987       6      10       9      30
       1    1988       6      10       9      30
       1    1989       6      10       9      30
       1    1990       6      10       9      30
       1    1991       6      10       9      30
       1    1992       6      10       9      30
       1    1993       6      10       9      30
       1    1994       6      10       9      30
       1    1995       6      10       9      30
       1    1996       6      10       9      30
       1    1997       6      10       9      30
       1    1998       6      10       9      30
       1    1999       6      10       9      30
       1    2000       6      10       9      30
       1    2001       6      10       9      30
       1    2002       6      10       9      30
       1    2003       6      10       9      30
       1    2004       6      10       9      30
       1    2005       6      10       9      30
       1    2006       6      10       9      30
       1    2007       6      10       9      30
       1    2008       6      10       9      30
       1    2009       6      10       9      30
       1    2010       6      10       9      30
       1    2011       6      10       9      30
       1    2012       6      10       9      30
       1    2013       6      10       9      30
       1    2014       6      10       9      30
       1    2015       6      10       9      30
       1    2016       6      10       9      30
       1    2017       6      10       9      30
       1    2018       6      10       9      30
       1    2019       6      10       9      30
       1    2020       6      10       9      30
       1    2021       6      10       9      30
       1    2022       6      10       9      30
       1    2023       6      10       9      30
       1    2024       6      10       9      30
       2    1968       6      10       9      30
       2    1969       6      10       9      30
       2    1970       6      10       9      30
       2    1971       6      10       9      30
       2    1972       6      10       9      30
       2    1973       6      10       9      30
       2    1974       6      10       9      30
       2    1975       6      10       9      30
       2    1976       6      10       9      30
       2    1977       6      10       9      30
       2    1978       6      10       9      30
       2    1979       6      10       9      30
       2    1980       6      10       9      30
       2    1981       6      10       9      30
       2    1982       6      10       9      30
       2    1983       6      10       9      30
       2    1984       6      10       9      30
       2    1985       6      10       9      30
       2    1986       6      10       9      30
       2    1987       6      10       9      30
       2    1988       6      10       9      30
       2    1989       6      10       9      30
       2    1990       6      10       9      30
       2    1991       6      10       9      30
       2    1992       6      10       9      30
       2    1993       6      10       9      30
       2    1994       6      10       9      30
       2    1995       6      10       9      30
       2    1996       6      10       9      30
       2    1997       6      10       9      30
       2    1998       6      10       9      30
       2    1999       6      10       9      30
       2    2000       6      10       9      30
       2    2001       6      10       9      30
       2    2002       6      10       9      30
       2    2003       6      10       9      30
       2    2004       6      10       9      30
       2    2005       6      10       9      30
       2    2006       6      10       9      30
       2    2007       6      10       9      30
       2    2008       6      10       9      30
       2    2009       6      10       9      30
       2    2010       6      10       9      30
       2    2011       6      10       9      30
       2    2012       6      10       9      30
       2    2013       6      10       9      30
       2    2014       6      10       9      30
       2    2015       6      10       9      30
       2    2016       6      10       9      30
       2    2017       6      10       9      30
       2    2018       6      10       9      30
       2    2019       6      10       9      30
       2    2020       6      10       9      30
       2    2021       6      10       9      30
       2    2022       6      10       9      30
       2    2023       6      10       9      30
       2    2024       6      10       9      30
       3    1968       6      10       9      30
       3    1969       6      10       9      30
       3    1970       6      10       9      30
       3    1971       6      10       9      30
       3    1972       6      10       9      30
       3    1973       6      10       9      30
       3    1974       6      10       9      30
       3    1975       6      10       9      30
       3    1976       6      10       9      30
       3    1977       6      10       9      30
       3    1978       6      10       9      30
       3    1979       6      10       9      30
       3    1980       6      10       9      30
       3    1981       6      10       9      30
       3    1982       6      10       9      30
       3    1983       6      10       9      30
       3    1984       6      10       9      30
       3    1985       6      10       9      30
       3    1986       6      10       9      30
       3    1987       6      10       9      30
       3    1988       6      10       9      30
       3    1989       6      10       9      30
       3    1990       6      10       9      30
       3    1991       6      10       9      30
       3    1992       6      10       9      30
       3    1993       6      10       9      30
       3    1994       6      10       9      30
       3    1995       6      10       9      30
       3    1996       6      10       9      30
       3    1997       6      10       9      30
       3    1998       6      10       9      30
       3    1999       6      10       9      30
       3    2000       6      10       9      30
       3    2001       6      10       9      30
       3    2002       6      10       9      30
       3    2003       6      10       9      30
       3    2004       6      10       9      30
       3    2005       6      10       9      30
       3    2006       6      10       9      30
       3    2007       6      10       9      30
       3    2008       6      10       9      30
       3    2009       6      10       9      30
       3    2010       6      10       9      30
       3    2011       6      10       9      30
       3    2012       6      10       9      30
       3    2013       6      10       9      30
       3    2014       6      10       9      30
       3    2015       6      10       9      30
       3    2016       6      10       9      30
       3    2017       6      10       9      30
       3    2018       6      10       9      30
       3    2019       6      10       9      30
       3    2020       6      10       9      30
       3    2021       6      10       9      30
       3    2022       6      10       9      30
       3    2023       6      10       9      30
       3    2024       6      10       9      30
       4    1968       6      10       9      30
       4    1969       6      10       9      30
       4    1970       6      10       9      30
       4    1971       6      10       9      30
       4    1972       6      10       9      30
       4    1973       6      10       9      30
       4    1974       6      10       9      30
       4    1975       6      10       9      30
       4    1976       6      10       9      30
       4    1977       6      10       9      30
       4    1978       6      10       9      30
       4    1979       6      10       9      30
       4    1980       6      10       9      30
       4    1981       6      10       9      30
       4    1982       6      10       9      30
       4    1983       6      10       9      30
       4    1984       6      10       9      30
       4    1985       6      10       9      30
       4    1986       6      10       9      30
       4    1987       6      10       9      30
       4    1988       6      10       9      30
       4    1989       6      10       9      30
       4    1990       6      10       9      30
       4    1991       6      10       9      30
       4    1992       6      10       9      30
       4    1993       6      10       9      30
       4    1994       6      10       9      30
       4    1995       6      10       9      30
       4    1996       6      10       9      30
       4    1997       6      10       9      30
       4    1998       6      10       9      30
       4    1999       6      10       9      30
       4    2000       6      10       9      30
       4    2001       6      10       9      30
       4    2002       6      10       9      30
       4    2003       6      10       9      30
       4    2004       6      10       9      30
       4    2005       6      10       9      30
       4    2006       6      10       9      30
       4    2007       6      10       9      30
       4    2008       6      10       9      30
       4    2009       6      10       9      30
       4    2010       6      10       9      30
       4    2011       6      10       9      30
       4    2012       6      10       9      30
       4    2013       6      10       9      30
       4    2014       6      10       9      30
       4    2015       6      10       9      30
       4    2016       6      10       9      30
       4    2017       6      10       9      30
       4    2018       6      10       9      30
       4    2019       6      10       9      30
       4    2020       6      10       9      30
       4    2021       6      10       9      30
       4    2022       6      10       9      30
       4    2023       6      10       9      30
       4    2024       6      10       9      30
       5    1968       5      20      10       1
       5    1969       5      20      10       1
       5    1970       5      20      10       1
       5    1971       5      20      10       1
       5    1972       5      20      10       1
       5    1973       5      20      10       1
       5    1974       5      20      10       1
       5    1975       5      20      10       1
       5    1976       5      20      10       1
       5    1977       5      20      10       1
       5    1978       5      20      10       1
       5    1979       5      20      10       1
       5    1980       5      20      10       1
       5    1981       5      20      10       1
       5    1982       5      20      10       1
       5    1983       5      20      10       1
       5    1984       5      20      10       1
       5    1985       5      20      10       1
       5    1986       5      20      10       1
       5    1987       5      20      10       1
       5    1988       5      20      10       1
       5    1989       5      20      10       1
       5    1990       5      20      10       1
       5    1991       5      20      10       1
       5    1992       5      20      10       1
       5    1993       5      20      10       1
       5    1994       5      20      10       1
       5    1995       5      20      10       1
       5    1996       5      20      10       1
       5    1997       5      20      10       1
       5    1998       5      20      10       1
       5    1999       5      20      10       1
       5    2000       5      20      10       1
       5    2001       5      20      10       1
       5    2002       5      20      10       1
       5    2003       5      20      10       1
       5    2004       5      20      10       1
       5    2005       5      20      10       1
       5    2006       5      20      10       1
       5    2007       5      20      10       1
       5    2008       5      20      10       1
       5    2009       5      20      10       1
       5    2010       5      20      10       1
       5    2011       5      20      10       1
       5    2012       5      20      10       1
       5    2013       5      20      10       1
       5    2014       5      20      10       1
       5    2015       5      20      10       1
       5    2016       5      20      10       1
       5    2017       5      20      10       1
       5    2018       5      20      10       1
       5    2019       5      20      10       1
       5    2020       5      20      10       1
       5    2021       5      20      10       1
       5    2022       5      20      10       1
       5    2023       5      20      10       1
       5    2024       5      20      10       1
       6    1968       5      20      10       1
       6    1969       5      20      10       1
       6    1970       5      20      10       1
       6    1971       5      20      10       1
       6    1972       5      20      10       1
       6    1973       5      20      10       1
       6    1974       5      20      10       1
       6    1975       5      20      10       1
       6    1976       5      20      10       1
       6    1977       5      20      10       1
       6    1978       5      20      10       1
       6    1979       5      20      10       1
       6    1980       5      20      10       1
       6    1981       5      20      10       1
       6    1982       5      20      10       1
       6    1983       5      20      10       1
       6    1984       5      20      10       1
       6    1985       5      20      10       1
       6    1986       5      20      10       1
       6    1987       5      20      10       1
       6    1988       5      20      10       1
       6    1989       5      20      10       1
       6    1990       5      20      10       1
       6    1991       5      20      10       1
       6    1992       5      20      10       1
       6    1993       5      20      10       1
       6    1994       5      20      10       1
       6    1995       5      20      10       1
       6    1996       5      20      10       1
       6    1997       5      20      10       1
       6    1998       5      20      10       1
       6    1999       5      20      10       1
       6    2000       5      20      10       1
       6    2001       5      20      10       1
       6    2002       5      20      10       1
       6    2003       5      20      10       1
       6    2004       5      20      10       1
       6    2005       5      20      10       1
       6    2006       5      20      10       1
       6    2007       5      20      10       1
       6    2008       5      20      10       1
       6    2009       5      20      10       1
       6    2010       5      20      10       1
       6    2011       5      20      10       1
       6    2012       5      20      10       1
       6    2013       5      20      10       1
       6    2014       5      20      10       1
       6    2015       5      20      10       1
       6    2016       5      20      10       1
       6    2017       5      20      10       1
       6    2018       5      20      10       1
       6    2019       5      20      10       1
       6    2020       5      20      10       1
       6    2021       5      20      10       1
       6    2022       5      20      10       1
       6    2023       5      20      10       1
       6    2024       5      20      10       1
       7    1968       5      20      10       1
       7    1969       5      20      10       1
       7    1970       5      20      10       1
       7    1971       5      20      10       1
       7    1972       5      20      10       1
       7    1973       5      20      10       1
       7    1974       5      20      10       1
       7    1975       5      20      10       1
       7    1976       5      20      10       1
       7    1977       5      20      10       1
       7    1978       5      20      10       1
       7    1979       5      20      10       1
       7    1980       5      20      10       1
       7    1981       5      20      10       1
       7    1982       5      20      10       1
       7    1983       5      20      10       1
       7    1984       5      20      10       1
       7    1985       5      20      10       1
       7    1986       5      20      10       1
       7    1987       5      20      10       1
       7    1988       5      20      10       1
       7    1989       5      20      10       1
       7    1990       5      20      10       1
       7    1991       5      20      10       1
       7    1992       5      20      10       1
       7    1993       5      20      10       1
       7    1994       5      20      10       1
       7    1995       5      20      10       1
       7    1996       5      20      10       1
       7    1997       5      20      10       1
       7    1998       5      20      10       1
       7    1999       5      20      10       1
       7    2000       5      20      10       1
       7    2001       5      20      10       1
       7    2002       5      20      10       1
       7    2003       5      20      10       1
       7    2004       5      20      10       1
       7    2005       5      20      10       1
       7    2006       5      20      10       1
       7    2007       5      20      10       1
       7    2008       5      20      10       1
       7    2009       5      20      10       1
       7    2010       5      20      10       1
       7    2011       5      20      10       1
       7    2012       5      20      10       1
       7    2013       5      20      10       1
       7    2014       5      20      10       1
       7    2015       5      20      10       1
       7    2016       5      20      10       1
       7    2017       5      20      10       1
       7    2018       5      20      10       1
       7    2019       5      20      10       1
       7    2020       5      20      10       1
       7    2021       5      20      10       1
       7    2022       5      20      10       1
       7    2023       5      20      10       1
       7    2024       5      20      10       1
       8    1968       5      15       9      15
       8    1969       5      15       9      15
       8    1970       5      15       9      15
       8    1971       5      15       9      15
       8    1972       5      15       9      15
       8    1973       5      15       9      15
       8    1974       5      15       9      15
       8    1975       5      15       9      15
       8    1976       5      15       9      15
       8    1977       5      15       9      15
       8    1978       5      15       9      15
       8    1979       5      15       9      15
       8    1980       5      15       9      15
       8    1981       5      15       9      15
       8    1982       5      15       9      15
       8    1983       5      15       9      15
       8    1984       5      15       9      15
       8    1985       5      15       9      15
       8    1986       5      15       9      15
       8    1987       5      15       9      15
       8    1988       5      15       9      15
       8    1989       5      15       9      15
       8    1990       5      15       9      15
       8    1991       5      15       9      15
       8    1992       5      15       9      15
       8    1993       5      15       9      15
       8    1994       5      15       9      15
       8    1995       5      15       9      15
       8    1996       5      15       9      15
       8    1997       5      15       9      15
       8    1998       5      15       9      15
       8    1999       5      15       9      15
       8    2000       5      15       9      15
       8    2001       5      15       9      15
       8    2002       5      15       9      15
       8    2003       5      15       9      15
       8    2004       5      15       9      15
       8    2005       5      15       9      15
       8    2006       5      15       9      15
       8    2007       5      15       9      15
       8    2008       5      15       9      15
       8    2009       5      15       9      15
       8    2010       5      15       9      15
       8    2011       5      15       9      15
       8    2012       5      15       9      15
       8    2013       5      15       9      15
       8    2014       5      15       9      15
       8    2015       5      15       9      15
       8    2016       5      15       9      15
       8    2017       5      15       9      15
       8    2018       5      15       9      15
       8    2019       5      15       9      15
       8    2020       5      15       9      15
       8    2021       5      15       9      15
       8    2022       5      15       9      15
       8    2023       5      15       9      15
       8    2024       5      15       9      15
       9    1968       5      15       9      15
       9    1969       5      15       9      15
       9    1970       5      15       9      15
       9    1971       5      15       9      15
       9    1972       5      15       9      15
       9    1973       5      15       9      15
       9    1974       5      15       9      15
       9    1975       5      15       9      15
       9    1976       5      15       9      15
       9    1977       5      15       9      15
       9    1978       5      15       9      15
       9    1979       5      15       9      15
       9    1980       5      15       9      15
       9    1981       5      15       9      15
       9    1982       5      15       9      15
       9    1983       5      15       9      15
       9    1984       5      15       9      15
       9    1985       5      15       9      15
       9    1986       5      15       9      15
       9    1987       5      15       9      15
       9    1988       5      15       9      15
       9    1989       5      15       9      15
       9    1990       5      15       9      15
       9    1991       5      15       9      15
       9    1992       5      15       9      15
       9    1993       5      15       9      15
       9    1994       5      15       9      15
       9    1995       5      15       9      15
       9    1996       5      15       9      15
       9    1997       5      15       9      15
       9    1998       5      15       9      15
       9    1999       5      15       9      15
       9    2000       5      15       9      15
       9    2001       5      15       9      15
       9    2002       5      15       9      15
       9    2003       5      15       9      15
       9    2004       5      15       9      15
       9    2005       5      15       9      15
       9    2006       5      15       9      15
       9    2007       5      15       9      15
       9    2008       5      15       9      15
       9    2009       5      15       9      15
       9    2010       5      15       9      15
       9    2011       5      15       9      15
       9    2012       5      15       9      15
       9    2013       5      15       9      15
       9    2014       5      15       9      15
       9    2015       5      15       9      15
       9    2016       5      15       9      15
       9    2017       5      15       9      15
       9    2018       5      15       9      15
       9    2019       5      15       9      15
       9    2020       5      15       9      15
       9    2021       5      15       9      15
       9    2022       5      15       9      15
       9    2023       5      15       9      15
       9    2024       5      15       9      15
 3    Misc. Vegetable
AN       32.   32.  0.65  0.40    0.
    0.    5.   10.   15.   20.   25.   30.   35.   40.   45.   50.   55.   60.
   65.   70.   75.   80.   85.   90.   95.  100.
  0.29  0.33  0.39  0.48  0.56  0.63  0.69  0.74  0.78  0.80  0.82  0.83  0.83
  0.82  0.80  0.76  0.72  0.66  0.58  0.50  0.38
       0
 4    Orchard  (no ground cover)
PR       50.   45.  0.65  0.40  365.
    1.   15.   32.   46.   60.   74.   91.  105.  121.  135.  152.  166.  182.
  196.  213.  227.  244.  258.  274.  288.  305.  319.  335.  349.  366.
  0.15  0.17  0.19  0.24  0.30  0.38  0.50  0.60  0.75  0.87  0.94  0.96  0.97
  0.96  0.92  0.83  0.70  0.56 0.395  0.29  0.22  0.18  0.16 0.155  0.15
       0
 5    Pasture (Improved)
PR       45.   45.  0.80  0.50  365.
    1.   15.   32.   46.   60.   74.   91.  105.  121.  135.  152.  166.  182.
  196.  213.  227.  244.  258.  274.  288.  305.  319.  335.  349.  366.
  0.48  0.47 0.525 0.575  0.64  0.74 0.815 0.855  0.88  0.90 0.915  0.92 0.925
 0.925 0.915 0.905  0.89  0.87  0.84 0.795 0.735  0.67 0.605  0.55  0.48
       0
 6    Spring Small Grains
AN      45.0  32.0  0.70  0.70  130.
    0.    5.   10.   15.   20.   25.   30.   35.   40.   45.   50.   55.   60.
   65.   70.   75.   80.   85.   90.   95.  100.
  0.28  0.35  0.46  0.58  0.71  0.83  0.94  1.04  1.15  1.25  1.31  1.31  1.27
  1.18  1.04  0.87  0.69  0.50  0.30  0.13  0.0
       1
       1    1968       4      10       7      25
       1    1969       4      10       7      25
       1    1970       4      10       7      25
       1    1971       4      10       7      25
       1    1972       4      10       7      25
       1    1973       4      10       7      25
       1    1974       4      10       7      25
       1    1975       4      10       7      25
       1    1976       4      10       7      25
       1    1977       4      10       7      25
       1    1978       4      10       7      25
       1    1979       4      10       7      25
       1    1980       4      10       7      25
       1    1981       4      10       7      25
       1    1982       4      10       7      25
       1    1983       4      10       7      25
       1    1984       4      10       7      25
       1    1985       4      10       7      25
       1    1986       4      10       7      25
       1    1987       4      10       7      25
       1    1988       4      10       7      25
       1    1989       4      10       7      25
       1    1990       4      10       7      25
       1    1991       4      10       7      25
       1    1992       4      10       7      25
       1    1993       4      10       7      25
       1    1994       4      10       7      25
       1    1995       4      10       7      25
       1    1996       4      10       7      25
       1    1997       4      10       7      25
       1    1998       4      10       7      25
       1    1999       4      10       7      25
       1    2000       4      10       7      25
       1    2001       4      10       7      25
       1    2002       4      10       7      25
       1    2003       4      10       7      25
       1    2004       4      10       7      25
       1    2005       4      10       7      25
       1    2006       4      10       7      25
       1    2007       4      10       7      25
       1    2008       4      10       7      25
       1    2009       4      10       7      25
       1    2010       4      10       7      25
       1    2011       4      10       7      25
       1    2012       4      10       7      25
       1    2013       4      10       7      25
       1    2014       4      10       7      25
       1    2015       4      10       7      25
       1    2016       4      10       7      25
       1    2017       4      10       7      25
       1    2018       4      10       7      25
       1    2019       4      10       7      25
       1    2020       4      10       7      25
       1    2021       4      10       7      25
       1    2022       4      10       7      25
       1    2023       4      10       7      25
       1    2024       4      10       7      25
       2    1968       4      10       7      25
       2    1969       4      10       7      25
       2    1970       4      10       7      25
       2    1971       4      10       7      25
       2    1972       4      10       7      25
       2    1973       4      10       7      25
       2    1974       4      10       7      25
       2    1975       4      10       7      25
       2    1976       4      10       7      25
       2    1977       4      10       7      25
       2    1978       4      10       7      25
       2    1979       4      10       7      25
       2    1980       4      10       7      25
       2    1981       4      10       7      25
       2    1982       4      10       7      25
       2    1983       4      10       7      25
       2    1984       4      10       7      25
       2    1985       4      10       7      25
       2    1986       4      10       7      25
       2    1987       4      10       7      25
       2    1988       4      10       7      25
       2    1989       4      10       7      25
       2    1990       4      10       7      25
       2    1991       4      10       7      25
       2    1992       4      10       7      25
       2    1993       4      10       7      25
       2    1994       4      10       7      25
       2    1995       4      10       7      25
       2    1996       4      10       7      25
       2    1997       4      10       7      25
       2    1998       4      10       7      25
       2    1999       4      10       7      25
       2    2000       4      10       7      25
       2    2001       4      10       7      25
       2    2002       4      10       7      25
       2    2003       4      10       7      25
       2    2004       4      10       7      25
       2    2005       4      10       7      25
       2    2006       4      10       7      25
       2    2007       4      10       7      25
       2    2008       4      10       7      25
       2    2009       4      10       7      25
       2    2010       4      10       7      25
       2    2011       4      10       7      25
       2    2012       4      10       7      25
       2    2013       4      10       7      25
       2    2014       4      10       7      25
       2    2015       4      10       7      25
       2    2016       4      10       7      25
       2    2017       4      10       7      25
       2    2018       4      10       7      25
       2    2019       4      10       7      25
       2    2020       4      10       7      25
       2    2021       4      10       7      25
       2    2022       4      10       7      25
       2    2023       4      10       7      25
       2    2024       4      10       7      25
       3    1968       4      10       7      25
       3    1969       4      10       7      25
       3    1970       4      10       7      25
       3    1971       4      10       7      25
       3    1972       4      10       7      25
       3    1973       4      10       7      25
       3    1974       4      10       7      25
       3    1975       4      10       7      25
       3    1976       4      10       7      25
       3    1977       4      10       7      25
       3    1978       4      10       7      25
       3    1979       4      10       7      25
       3    1980       4      10       7      25
       3    1981       4      10       7      25
       3    1982       4      10       7      25
       3    1983       4      10       7      25
       3    1984       4      10       7      25
       3    1985       4      10       7      25
       3    1986       4      10       7      25
       3    1987       4      10       7      25
       3    1988       4      10       7      25
       3    1989       4      10       7      25
       3    1990       4      10       7      25
       3    1991       4      10       7      25
       3    1992       4      10       7      25
       3    1993       4      10       7      25
       3    1994       4      10       7      25
       3    1995       4      10       7      25
       3    1996       4      10       7      25
       3    1997       4      10       7      25
       3    1998       4      10       7      25
       3    1999       4      10       7      25
       3    2000       4      10       7      25
       3    2001       4      10       7      25
       3    2002       4      10       7      25
       3    2003       4      10       7      25
       3    2004       4      10       7      25
       3    2005       4      10       7      25
       3    2006       4      10       7      25
       3    2007       4      10       7      25
       3    2008       4      10       7      25
       3    2009       4      10       7      25
       3    2010       4      10       7      25
       3    2011       4      10       7      25
       3    2012       4      10       7      25
       3    2013       4      10       7      25
       3    2014       4      10       7      25
       3    2015       4      10       7      25
       3    2016       4      10       7      25
       3    2017       4      10       7      25
       3    2018       4      10       7      25
       3    2019       4      10       7      25
       3    2020       4      10       7      25
       3    2021       4      10       7      25
       3    2022       4      10       7      25
       3    2023       4      10       7      25
       3    2024       4      10       7      25
       4    1968       4      10       7      25
       4    1969       4      10       7      25
       4    1970       4      10       7      25
       4    1971       4      10       7      25
       4    1972       4      10       7      25
       4    1973       4      10       7      25
       4    1974       4      10       7      25
       4    1975       4      10       7      25
       4    1976       4      10       7      25
       4    1977       4      10       7      25
       4    1978       4      10       7      25
       4    1979       4      10       7      25
       4    1980       4      10       7      25
       4    1981       4      10       7      25
       4    1982       4      10       7      25
       4    1983       4      10       7      25
       4    1984       4      10       7      25
       4    1985       4      10       7      25
       4    1986       4      10       7      25
       4    1987       4      10       7      25
       4    1988       4      10       7      25
       4    1989       4      10       7      25
       4    1990       4      10       7      25
       4    1991       4      10       7      25
       4    1992       4      10       7      25
       4    1993       4      10       7      25
       4    1994       4      10       7      25
       4    1995       4      10       7      25
       4    1996       4      10       7      25
       4    1997       4      10       7      25
       4    1998       4      10       7      25
       4    1999       4      10       7      25
       4    2000       4      10       7      25
       4    2001       4      10       7      25
       4    2002       4      10       7      25
       4    2003       4      10       7      25
       4    2004       4      10       7      25
       4    2005       4      10       7      25
       4    2006       4      10       7      25
       4    2007       4      10       7      25
       4    2008       4      10       7      25
       4    2009       4      10       7      25
       4    2010       4      10       7      25
       4    2011       4      10       7      25
       4    2012       4      10       7      25
       4    2013       4      10       7      25
       4    2014       4      10       7      25
       4    2015       4      10       7      25
       4    2016       4      10       7      25
       4    2017       4      10       7      25
       4    2018       4      10       7      25
       4    2019       4      10       7      25
       4    2020       4      10       7      25
       4    2021       4      10       7      25
       4    2022       4      10       7      25
       4    2023       4      10       7      25
       4    2024       4      10       7      25
       5    1968       3      15       7       1
       5    1969       3      15       7       1
       5    1970       3      15       7       1
       5    1971       3      15       7       1
       5    1972       3      15       7       1
       5    1973       3      15       7       1
       5    1974       3      15       7       1
       5    1975       3      15       7       1
       5    1976       3      15       7       1
       5    1977       3      15       7       1
       5    1978       3      15       7       1
       5    1979       3      15       7       1
       5    1980       3      15       7       1
       5    1981       3      15       7       1
       5    1982       3      15       7       1
       5    1983       3      15       7       1
       5    1984       3      15       7       1
       5    1985       3      15       7       1
       5    1986       3      15       7       1
       5    1987       3      15       7       1
       5    1988       3      15       7       1
       5    1989       3      15       7       1
       5    1990       3      15       7       1
       5    1991       3      15       7       1
       5    1992       3      15       7       1
       5    1993       3      15       7       1
       5    1994       3      15       7       1
       5    1995       3      15       7       1
       5    1996       3      15       7       1
       5    1997       3      15       7       1
       5    1998       3      15       7       1
       5    1999       3      15       7       1
       5    2000       3      15       7       1
       5    2001       3      15       7       1
       5    2002       3      15       7       1
       5    2003       3      15       7       1
       5    2004       3      15       7       1
       5    2005       3      15       7       1
       5    2006       3      15       7       1
       5    2007       3      15       7       1
       5    2008       3      15       7       1
       5    2009       3      15       7       1
       5    2010       3      15       7       1
       5    2011       3      15       7       1
       5    2012       3      15       7       1
       5    2013       3      15       7       1
       5    2014       3      15       7       1
       5    2015       3      15       7       1
       5    2016       3      15       7       1
       5    2017       3      15       7       1
       5    2018       3      15       7       1
       5    2019       3      15       7       1
       5    2020       3      15       7       1
       5    2021       3      15       7       1
       5    2022       3      15       7       1
       5    2023       3      15       7       1
       5    2024       3      15       7       1
       6    1968       3      15       7       1
       6    1969       3      15       7       1
       6    1970       3      15       7       1
       6    1971       3      15       7       1
       6    1972       3      15       7       1
       6    1973       3      15       7       1
       6    1974       3      15       7       1
       6    1975       3      15       7       1
       6    1976       3      15       7       1
       6    1977       3      15       7       1
       6    1978       3      15       7       1
       6    1979       3      15       7       1
       6    1980       3      15       7       1
       6    1981       3      15       7       1
       6    1982       3      15       7       1
       6    1983       3      15       7       1
       6    1984       3      15       7       1
       6    1985       3      15       7       1
       6    1986       3      15       7       1
       6    1987       3      15       7       1
       6    1988       3      15       7       1
       6    1989       3      15       7       1
       6    1990       3      15       7       1
       6    1991       3      15       7       1
       6    1992       3      15       7       1
       6    1993       3      15       7       1
       6    1994       3      15       7       1
       6    1995       3      15       7       1
       6    1996       3      15       7       1
       6    1997       3      15       7       1
       6    1998       3      15       7       1
       6    1999       3      15       7       1
       6    2000       3      15       7       1
       6    2001       3      15       7       1
       6    2002       3      15       7       1
       6    2003       3      15       7       1
       6    2004       3      15       7       1
       6    2005       3      15       7       1
       6    2006       3      15       7       1
       6    2007       3      15       7       1
       6    2008       3      15       7       1
       6    2009       3      15       7       1
       6    2010       3      15       7       1
       6    2011       3      15       7       1
       6    2012       3      15       7       1
       6    2013       3      15       7       1
       6    2014       3      15       7       1
       6    2015       3      15       7       1
       6    2016       3      15       7       1
       6    2017       3      15       7       1
       6    2018       3      15       7       1
       6    2019       3      15       7       1
       6    2020       3      15       7       1
       6    2021       3      15       7       1
       6    2022       3      15       7       1
       6    2023       3      15       7       1
       6    2024       3      15       7       1
       7    1968       3      15       7       1
       7    1969       3      15       7       1
       7    1970       3      15       7       1
       7    1971       3      15       7       1
       7    1972       3      15       7       1
       7    1973       3      15       7       1
       7    1974       3      15       7       1
       7    1975       3      15       7       1
       7    1976       3      15       7       1
       7    1977       3      15       7       1
       7    1978       3      15       7       1
       7    1979       3      15       7       1
       7    1980       3      15       7       1
       7    1981       3      15       7       1
       7    1982       3      15       7       1
       7    1983       3      15       7       1
       7    1984       3      15       7       1
       7    1985       3      15       7       1
       7    1986       3      15       7       1
       7    1987       3      15       7       1
       7    1988       3      15       7       1
       7    1989       3      15       7       1
       7    1990       3      15       7       1
       7    1991       3      15       7       1
       7    1992       3      15       7       1
       7    1993       3      15       7       1
       7    1994       3      15       7       1
       7    1995       3      15       7       1
       7    1996       3      15       7       1
       7    1997       3      15       7       1
       7    1998       3      15       7       1
       7    1999       3      15       7       1
       7    2000       3      15       7       1
       7    2001       3      15       7       1
       7    2002       3      15       7       1
       7    2003       3      15       7       1
       7    2004       3      15       7       1
       7    2005       3      15       7       1
       7    2006       3      15       7       1
       7    2007       3      15       7       1
       7    2008       3      15       7       1
       7    2009       3      15       7       1
       7    2010       3      15       7       1
       7    2011       3      15       7       1
       7    2012       3      15       7       1
       7    2013       3      15       7       1
       7    2014       3      15       7       1
       7    2015       3      15       7       1
       7    2016       3      15       7       1
       7    2017       3      15       7       1
       7    2018       3      15       7       1
       7    2019       3      15       7       1
       7    2020       3      15       7       1
       7    2021       3      15       7       1
       7    2022       3      15       7       1
       7    2023       3      15       7       1
       7    2024       3      15       7       1
       8    1968       3       1       6      25
       8    1969       3       1       6      25
       8    1970       3       1       6      25
       8    1971       3       1       6      25
       8    1972       3       1       6      25
       8    1973       3       1       6      25
       8    1974       3       1       6      25
       8    1975       3       1       6      25
       8    1976       3       1       6      25
       8    1977       3       1       6      25
       8    1978       3       1       6      25
       8    1979       3       1       6      25
       8    1980       3       1       6      25
       8    1981       3       1       6      25
       8    1982       3       1       6      25
       8    1983       3       1       6      25
       8    1984       3       1       6      25
       8    1985       3       1       6      25
       8    1986       3       1       6      25
       8    1987       3       1       6      25
       8    1988       3       1       6      25
       8    1989       3       1       6      25
       8    1990       3       1       6      25
       8    1991       3       1       6      25
       8    1992       3       1       6      25
       8    1993       3       1       6      25
       8    1994       3       1       6      25
       8    1995       3       1       6      25
       8    1996       3       1       6      25
       8    1997       3       1       6      25
       8    1998       3       1       6      25
       8    1999       3       1       6      25
       8    2000       3       1       6      25
       8    2001       3       1       6      25
       8    2002       3       1       6      25
       8    2003       3       1       6      25
       8    2004       3       1       6      25
       8    2005       3       1       6      25
       8    2006       3       1       6      25
       8    2007       3       1       6      25
       8    2008       3       1       6      25
       8    2009       3       1       6      25
       8    2010       3       1       6      25
       8    2011       3       1       6      25
       8    2012       3       1       6      25
       8    2013       3       1       6      25
       8    2014       3       1       6      25
       8    2015       3       1       6      25
       8    2016       3       1       6      25
       8    2017       3       1       6      25
       8    2018       3       1       6      25
       8    2019       3       1       6      25
       8    2020       3       1       6      25
       8    2021       3       1       6      25
       8    2022       3       1       6      25
       8    2023       3       1       6      25
       8    2024       3       1       6      25
       9    1968       2      15       6      25
       9    1969       2      15       6      25
       9    1970       2      15       6      25
       9    1971       2      15       6      25
       9    1972       2      15       6      25
       9    1973       2      15       6      25
       9    1974       2      15       6      25
       9    1975       2      15       6      25
       9    1976       2      15       6      25
       9    1977       2      15       6      25
       9    1978       2      15       6      25
       9    1979       2      15       6      25
       9    1980       2      15       6      25
       9    1981       2      15       6      25
       9    1982       2      15       6      25
       9    1983       2      15       6      25
       9    1984       2      15       6      25
       9    1985       2      15       6      25
       9    1986       2      15       6      25
       9    1987       2      15       6      25
       9    1988       2      15       6      25
       9    1989       2      15       6      25
       9    1990       2      15       6      25
       9    1991       2      15       6      25
       9    1992       2      15       6      25
       9    1993       2      15       6      25
       9    1994       2      15       6      25
       9    1995       2      15       6      25
       9    1996       2      15       6      25
       9    1997       2      15       6      25
       9    1998       2      15       6      25
       9    1999       2      15       6      25
       9    2000       2      15       6      25
       9    2001       2      15       6      25
       9    2002       2      15       6      25
       9    2003       2      15       6      25
       9    2004       2      15       6      25
       9    2005       2      15       6      25
       9    2006       2      15       6      25
       9    2007       2      15       6      25
       9    2008       2      15       6      25
       9    2009       2      15       6      25
       9    2010       2      15       6      25
       9    2011       2      15       6      25
       9    2012       2      15       6      25
       9    2013       2      15       6      25
       9    2014       2      15       6      25
       9    2015       2      15       6      25
       9    2016       2      15       6      25
       9    2017       2      15       6      25
       9    2018       2      15       6      25
       9    2019       2      15       6      25
       9    2020       2      15       6      25
       9    2021       2      15       6      25
       9    2022       2      15       6      25
       9    2023       2      15       6      25
       9    2024       2      15       6      25
 7    Sod (cool season)
PR       45.   45.  1.05  0.50  365.
    1.   15.   46.   74.  105.  135.  166.  196.  227.  258.  288.  319.  349.
  366.
  0.50  0.50  0.67  1.02  1.35  1.30  1.26  0.99  0.80  0.77  1.03  0.90  0.77
  0.77
       0
 8     Winter Small Grain(winter-spring)
WG      45.0  45.0  0.70  0.35   0.0
    0.    5.   10.   15.   20.   25.   30.   35.   40.   45.   50.   55.   60.
   65.   70.   75.   80.   85.   90.   95.  100.
  1.36  1.36  1.36  1.36  1.35  1.35  1.34  1.33  1.32  1.31  1.30  1.26  1.18
  1.06  0.91  0.70  0.57  0.40  0.23  0.11  0.00
       1
       3    1968       9       1       7       5
       3    1969       9       1       7       5
       3    1970       9       1       7       5
       3    1971       9       1       7       5
       3    1972       9       1       7       5
       3    1973       9       1       7       5
       3    1974       9       1       7       5
       3    1975       9       1       7       5
       3    1976       9       1       7       5
       3    1977       9       1       7       5
       3    1978       9       1       7       5
       3    1979       9       1       7       5
       3    1980       9       1       7       5
       3    1981       9       1       7       5
       3    1982       9       1       7       5
       3    1983       9       1       7       5
       3    1984       9       1       7       5
       3    1985       9       1       7       5
       3    1986       9       1       7       5
       3    1987       9       1       7       5
       3    1988       9       1       7       5
       3    1989       9       1       7       5
       3    1990       9       1       7       5
       3    1991       9       1       7       5
       3    1992       9       1       7       5
       3    1993       9       1       7       5
       3    1994       9       1       7       5
       3    1995       9       1       7       5
       3    1996       9       1       7       5
       3    1997       9       1       7       5
       3    1998       9       1       7       5
       3    1999       9       1       7       5
       3    2000       9       1       7       5
       3    2001       9       1       7       5
       3    2002       9       1       7       5
       3    2003       9       1       7       5
       3    2004       9       1       7       5
       3    2005       9       1       7       5
       3    2006       9       1       7       5
       3    2007       9       1       7       5
       3    2008       9       1       7       5
       3    2009       9       1       7       5
       3    2010       9       1       7       5
       3    2011       9       1       7       5
       3    2012       9       1       7       5
       3    2013       9       1       7       5
       3    2014       9       1       7       5
       3    2015       9       1       7       5
       3    2016       9       1       7       5
       3    2017       9       1       7       5
       3    2018       9       1       7       5
       3    2019       9       1       7       5
       3    2020       9       1       7       5
       3    2021       9       1       7       5
       3    2022       9       1       7       5
       3    2023       9       1       7       5
       3    2024       9       1       7       5
       4    1968       9       1       7       5
       4    1969       9       1       7       5
       4    1970       9       1       7       5
       4    1971       9       1       7       5
       4    1972       9       1       7       5
       4    1973       9       1       7       5
       4    1974       9       1       7       5
       4    1975       9       1       7       5
       4    1976       9       1       7       5
       4    1977       9       1       7       5
       4    1978       9       1       7       5
       4    1979       9       1       7       5
       4    1980       9       1       7       5
       4    1981       9       1       7       5
       4    1982       9       1       7       5
       4    1983       9       1       7       5
       4    1984       9       1       7       5
       4    1985       9       1       7       5
       4    1986       9       1       7       5
       4    1987       9       1       7       5
       4    1988       9       1       7       5
       4    1989       9       1       7       5
       4    1990       9       1       7       5
       4    1991       9       1       7       5
       4    1992       9       1       7       5
       4    1993       9       1       7       5
       4    1994       9       1       7       5
       4    1995       9       1       7       5
       4    1996       9       1       7       5
       4    1997       9       1       7       5
       4    1998       9       1       7       5
       4    1999       9       1       7       5
       4    2000       9       1       7       5
       4    2001       9       1       7       5
       4    2002       9       1       7       5
       4    2003       9       1       7       5
       4    2004       9       1       7       5
       4    2005       9       1       7       5
       4    2006       9       1       7       5
       4    2007       9       1       7       5
       4    2008       9       1       7       5
       4    2009       9       1       7       5
       4    2010       9       1       7       5
       4    2011       9       1       7       5
       4    2012       9       1       7       5
       4    2013       9       1       7       5
       4    2014       9       1       7       5
       4    2015       9       1       7       5
       4    2016       9       1       7       5
       4    2017       9       1       7       5
       4    2018       9       1       7       5
       4    2019       9       1       7       5
       4    2020       9       1       7       5
       4    2021       9       1       7       5
       4    2022       9       1       7       5
       4    2023       9       1       7       5
       4    2024       9       1       7       5
       6    1968       9       1       6      30
       6    1969       9       1       6      30
       6    1970       9       1       6      30
       6    1971       9       1       6      30
       6    1972       9       1       6      30
       6    1973       9       1       6      30
       6    1974       9       1       6      30
       6    1975       9       1       6      30
       6    1976       9       1       6      30
       6    1977       9       1       6      30
       6    1978       9       1       6      30
       6    1979       9       1       6      30
       6    1980       9       1       6      30
       6    1981       9       1       6      30
       6    1982       9       1       6      30
       6    1983       9       1       6      30
       6    1984       9       1       6      30
       6    1985       9       1       6      30
       6    1986       9       1       6      30
       6    1987       9       1       6      30
       6    1988       9       1       6      30
       6    1989       9       1       6      30
       6    1990       9       1       6      30
       6    1991       9       1       6      30
       6    1992       9       1       6      30
       6    1993       9       1       6      30
       6    1994       9       1       6      30
       6    1995       9       1       6      30
       6    1996       9       1       6      30
       6    1997       9       1       6      30
       6    1998       9       1       6      30
       6    1999       9       1       6      30
       6    2000       9       1       6      30
       6    2001       9       1       6      30
       6    2002       9       1       6      30
       6    2003       9       1       6      30
       6    2004       9       1       6      30
       6    2005       9       1       6      30
       6    2006       9       1       6      30
       6    2007       9       1       6      30
       6    2008       9       1       6      30
       6    2009       9       1       6      30
       6    2010       9       1       6      30
       6    2011       9       1       6      30
       6    2012       9       1       6      30
       6    2013       9       1       6      30
       6    2014       9       1       6      30
       6    2015       9       1       6      30
       6    2016       9       1       6      30
       6    2017       9       1       6      30
       6    2018       9       1       6      30
       6    2019       9       1       6      30
       6    2020       9       1       6      30
       6    2021       9       1       6      30
       6    2022       9       1       6      30
       6    2023       9       1       6      30
       6    2024       9       1       6      30
       7    1968       9       1       6      30
       7    1969       9       1       6      30
       7    1970       9       1       6      30
       7    1971       9       1       6      30
       7    1972       9       1       6      30
       7    1973       9       1       6      30
       7    1974       9       1       6      30
       7    1975       9       1       6      30
       7    1976       9       1       6      30
       7    1977       9       1       6      30
       7    1978       9       1       6      30
       7    1979       9       1       6      30
       7    1980       9       1       6      30
       7    1981       9       1       6      30
       7    1982       9       1       6      30
       7    1983       9       1       6      30
       7    1984       9       1       6      30
       7    1985       9       1       6      30
       7    1986       9       1       6      30
       7    1987       9       1       6      30
       7    1988       9       1       6      30
       7    1989       9       1       6      30
       7    1990       9       1       6      30
       7    1991       9       1       6      30
       7    1992       9       1       6      30
       7    1993       9       1       6      30
       7    1994       9       1       6      30
       7    1995       9       1       6      30
       7    1996       9       1       6      30
       7    1997       9       1       6      30
       7    1998       9       1       6      30
       7    1999       9       1       6      30
       7    2000       9       1       6      30
       7    2001       9       1       6      30
       7    2002       9       1       6      30
       7    2003       9       1       6      30
       7    2004       9       1       6      30
       7    2005       9       1       6      30
       7    2006       9       1       6      30
       7    2007       9       1       6      30
       7    2008       9       1       6      30
       7    2009       9       1       6      30
       7    2010       9       1       6      30
       7    2011       9       1       6      30
       7    2012       9       1       6      30
       7    2013       9       1       6      30
       7    2014       9       1       6      30
       7    2015       9       1       6      30
       7    2016       9       1       6      30
       7    2017       9       1       6      30
       7    2018       9       1       6      30
       7    2019       9       1       6      30
       7    2020       9       1       6      30
       7    2021       9       1       6      30
       7    2022       9       1       6      30
       7    2023       9       1       6      30
       7    2024       9       1       6      30
       8    1968       9       1       6      20
       8    1969       9       1       6      20
       8    1970       9       1       6      20
       8    1971       9       1       6      20
       8    1972       9       1       6      20
       8    1973       9       1       6      20
       8    1974       9       1       6      20
       8    1975       9       1       6      20
       8    1976       9       1       6      20
       8    1977       9       1       6      20
       8    1978       9       1       6      20
       8    1979       9       1       6      20
       8    1980       9       1       6      20
       8    1981       9       1       6      20
       8    1982       9       1       6      20
       8    1983       9       1       6      20
       8    1984       9       1       6      20
       8    1985       9       1       6      20
       8    1986       9       1       6      20
       8    1987       9       1       6      20
       8    1988       9       1       6      20
       8    1989       9       1       6      20
       8    1990       9       1       6      20
       8    1991       9       1       6      20
       8    1992       9       1       6      20
       8    1993       9       1       6      20
       8    1994       9       1       6      20
       8    1995       9       1       6      20
       8    1996       9       1       6      20
       8    1997       9       1       6      20
       8    1998       9       1       6      20
       8    1999       9       1       6      20
       8    2000       9       1       6      20
       8    2001       9       1       6      20
       8    2002       9       1       6      20
       8    2003       9       1       6      20
       8    2004       9       1       6      20
       8    2005       9       1       6      20
       8    2006       9       1       6      20
       8    2007       9       1       6      20
       8    2008       9       1       6      20
       8    2009       9       1       6      20
       8    2010       9       1       6      20
       8    2011       9       1       6      20
       8    2012       9       1       6      20
       8    2013       9       1       6      20
       8    2014       9       1       6      20
       8    2015       9       1       6      20
       8    2016       9       1       6      20
       8    2017       9       1       6      20
       8    2018       9       1       6      20
       8    2019       9       1       6      20
       8    2020       9       1       6      20
       8    2021       9       1       6      20
       8    2022       9       1       6      20
       8    2023       9       1       6      20
       8    2024       9       1       6      20
       9    1968      11       1       6      15
       9    1969      11       1       6      15
       9    1970      11       1       6      15
       9    1979      11       1       6      15
       9    1972      11       1       6      15
       9    1973      11       1       6      15
       9    1974      11       1       6      15
       9    1975      11       1       6      15
       9    1976      11       1       6      15
       9    1977      11       1       6      15
       9    1978      11       1       6      15
       9    1979      11       1       6      15
       9    1980      11       1       6      15
       9    1989      11       1       6      15
       9    1982      11       1       6      15
       9    1983      11       1       6      15
       9    1984      11       1       6      15
       9    1985      11       1       6      15
       9    1986      11       1       6      15
       9    1987      11       1       6      15
       9    1988      11       1       6      15
       9    1989      11       1       6      15
       9    1990      11       1       6      15
       9    1991      11       1       6      15
       9    1992      11       1       6      15
       9    1993      11       1       6      15
       9    1994      11       1       6      15
       9    1995      11       1       6      15
       9    1996      11       1       6      15
       9    1997      11       1       6      15
       9    1998      11       1       6      15
       9    1999      11       1       6      15
       9    2000      11       1       6      15
       9    2001      11       1       6      15
       9    2002      11       1       6      15
       9    2003      11       1       6      15
       9    2004      11       1       6      15
       9    2005      11       1       6      15
       9    2006      11       1       6      15
       9    2007      11       1       6      15
       9    2008      11       1       6      15
       9    2009      11       1       6      15
       9    2010      11       1       6      15
       9    2011      11       1       6      15
       9    2012      11       1       6      15
       9    2013      11       1       6      15
       9    2014      11       1       6      15
       9    2015      11       1       6      15
       9    2016      11       1       6      15
       9    2017      11       1       6      15
       9    2018      11       1       6      15
       9    2019      11       1       6      15
       9    2020      11       1       6      15
       9    2021      11       1       6      15
       9    2022      11       1       6      15
       9    2023      11       1       6      15
       9    2024      11       1       6      15
       0
 9     Winter Small Grain(fall)
WG       
    0.    5.   10.   15.   20.   25.   30.   35.   40.   45.   50.   55.   60.
   65.   70.   75.   80.   85.   90.   95.  100.
  0.28  0.30  0.34  0.39  0.44  0.51  0.58  0.65 0.715  0.78  0.85  0.91  0.97
 1.025  1.08  1.13  1.18  1.23 1.275  1.32  1.36
       0
10     Corn (silage)
AN       55.   32.  0.75  0.40  100.
    0.    5.   10.   15.   20.   25.   30.   35.   40.   45.   50.   55.   60.
   65.   70.   75.   80.   85.   90.   95.  100.
  0.44  0.45  0.47  0.50  0.54  0.59  0.65  0.71  0.80  0.90  0.98  1.03  1.06
  1.07  1.08  1.08  1.06  1.04  1.02  1.00  0.96
       0
11     Potatoes
AN      60.0  32.0  0.70  0.40  130.
    0.    5.   10.   15.   20.   25.   30.   35.   40.   45.   50.   55.   60.
   65.   70.   75.   80.   85.   90.   95.  100.
  0.33  0.37  0.41  0.45  0.51  0.59  0.72  0.85  0.97  1.08  1.18  1.26  1.31
  1.35  1.37  1.37  1.36  1.34  1.31  1.27  1.23
       0
12     Dry Beans
AN      60.0  32.0  0.60  0.40  100.
    0.    5.   10.   15.   20.   25.   30.   35.   40.   45.   50.   55.   60.
   65.   70.   75.   80.   85.   90.   95.  100.
  0.50  0.54  0.59  0.65  0.72  0.81  0.90  0.97  1.04  1.08  1.11  1.12  1.12
  1.08  1.03  0.96  0.89  0.82  0.75  0.67  0.60
       0
13     Melons
AN       60.   32.  0.65  0.40    0.
    0.   10.   20.   30.   40.   50.   60.   70.   80.   90.  100.

  0.44  0.48  0.56  0.65  0.76  0.82  0.81  0.78  0.75  0.71  0.68

       0
14     Chile
AN       55.   32.  0.70  0.40    0.
    0.   10.   20.   30.   40.   50.   60.   70.   80.   90.  100.

  0.29  0.39  0.56  0.69  0.78  0.81  0.83  0.80  0.72  0.58  0.38

       0
15     Grapes(vineyards)
PR       55.   50.  0.55  0.40  365.
    1.   15.   32.   46.   60.   74.   91.  105.  121.  135.  152.  166.  182.
  196.  213.  227.  244.  258.  274.  288.  305.  319.  335.  349.  366.
  0.19  0.20  0.21  0.23  0.26  0.31  0.40  0.49  0.64  0.70  0.78  0.81  0.81
  0.80  0.79  0.76  0.76  0.66  0.59  0.49  0.41  0.34  0.28  0.23  0.19
       0
16     Sorghum (grain)
AN       60.   32.  0.70  0.40  130.
    0.   10.   20.   30.   40.   50.   60.   70.   80.   90.  100.

  0.30  0.38  0.60  0.83  1.02  1.07  0.99  0.88  0.76  0.65  0.56

       1
       8    1968       5      15       9      21
       8    1969       5      15       9      21
       8    1970       5      15       9      21
       8    1971       5      15       9      21
       8    1972       5      15       9      21
       8    1973       5      15       9      21
       8    1974       5      15       9      21
       8    1975       5      15       9      21
       8    1976       5      15       9      21
       8    1977       5      15       9      21
       8    1978       5      15       9      21
       8    1979       5      15       9      21
       8    1980       5      15       9      21
       8    1981       5      15       9      21
       8    1982       5      15       9      21
       8    1983       5      15       9      21
       8    1984       5      15       9      21
       8    1985       5      15       9      21
       8    1986       5      15       9      21
       8    1987       5      15       9      21
       8    1988       5      15       9      21
       8    1989       5      15       9      21
       8    1990       5      15       9      21
       8    1991       5      15       9      21
       8    1992       5      15       9      21
       8    1993       5      15       9      21
       8    1994       5      15       9      21
       8    1995       5      15       9      21
       8    1996       5      15       9      21
       8    1997       5      15       9      21
       8    1998       5      15       9      21
       8    1999       5      15       9      21
       8    2000       5      15       9      21
       8    2001       5      15       9      21
       8    2002       5      15       9      21
       8    2003       5      15       9      21
       8    2004       5      15       9      21
       8    2005       5      15       9      21
       8    2006       5      15       9      21
       8    2007       5      15       9      21
       8    2008       5      15       9      21
       8    2009       5      15       9      21
       8    2010       5      15       9      21
       8    2011       5      15       9      21
       8    2012       5      15       9      21
       8    2013       5      15       9      21
       8    2014       5      15       9      21
       8    2015       5      15       9      21
       8    2016       5      15       9      21
       8    2017       5      15       9      21
       8    2018       5      15       9      21
       8    2019       5      15       9      21
       8    2020       5      15       9      21
       8    2021       5      15       9      21
       8    2022       5      15       9      21
       8    2023       5      15       9      21
       8    2024       5      15       9      21
       9    1968       5      15       9      21
       9    1969       5      15       9      21
       9    1970       5      15       9      21
       9    1979       5      15       9      21
       9    1972       5      15       9      21
       9    1973       5      15       9      21
       9    1974       5      15       9      21
       9    1975       5      15       9      21
       9    1976       5      15       9      21
       9    1977       5      15       9      21
       9    1978       5      15       9      21
       9    1979       5      15       9      21
       9    1980       5      15       9      21
       9    1989       5      15       9      21
       9    1982       5      15       9      21
       9    1983       5      15       9      21
       9    1984       5      15       9      21
       9    1985       5      15       9      21
       9    1986       5      15       9      21
       9    1987       5      15       9      21
       9    1988       5      15       9      21
       9    1989       5      15       9      21
       9    1990       5      15       9      21
       9    1991       5      15       9      21
       9    1992       5      15       9      21
       9    1993       5      15       9      21
       9    1994       5      15       9      21
       9    1995       5      15       9      21
       9    1996       5      15       9      21
       9    1997       5      15       9      21
       9    1998       5      15       9      21
       9    1999       5      15       9      21
       9    2000       5      15       9      21
       9    2001       5      15       9      21
       9    2002       5      15       9      21
       9    2003       5      15       9      21
       9    2004       5      15       9      21
       9    2005       5      15       9      21
       9    2006       5      15       9      21
       9    2007       5      15       9      21
       9    2008       5      15       9      21
       9    2009       5      15       9      21
       9    2010       5      15       9      21
       9    2011       5      15       9      21
       9    2012       5      15       9      21
       9    2013       5      15       9      21
       9    2014       5      15       9      21
       9    2015       5      15       9      21
       9    2016       5      15       9      21
       9    2017       5      15       9      21
       9    2018       5      15       9      21
       9    2019       5      15       9      21
       9    2020       5      15       9      21
       9    2021       5      15       9      21
       9    2022       5      15       9      21
       9    2023       5      15       9      21
       9    2024       5      15       9      21
       0
17     Sorghum (silage)
AN       60.   32.  0.70  0.40   90.
    0.   10.   20.   30.   40.   50.   60.   70.   80.   90.  100.

  0.30  0.38  0.60  0.83  1.02  1.07  0.99  0.88  0.76  0.65  0.56

       1
       5    1968       6      10       9       7
       5    1969       6      10       9       7
       5    1970       6      10       9       7
       5    1971       6      10       9       7
       5    1972       6      10       9       7
       5    1973       6      10       9       7
       5    1974       6      10       9       7
       5    1975       6      10       9       7
       5    1976       6      10       9       7
       5    1977       6      10       9       7
       5    1978       6      10       9       7
       5    1979       6      10       9       7
       5    1980       6      10       9       7
       5    1981       6      10       9       7
       5    1982       6      10       9       7
       5    1983       6      10       9       7
       5    1984       6      10       9       7
       5    1985       6      10       9       7
       5    1986       6      10       9       7
       5    1987       6      10       9       7
       5    1988       6      10       9       7
       5    1989       6      10       9       7
       5    1990       6      10       9       7
       5    1991       6      10       9       7
       5    1992       6      10       9       7
       5    1993       6      10       9       7
       5    1994       6      10       9       7
       5    1995       6      10       9       7
       5    1996       6      10       9       7
       5    1997       6      10       9       7
       5    1998       6      10       9       7
       5    1999       6      10       9       7
       5    2000       6      10       9       7
       5    2001       6      10       9       7
       5    2002       6      10       9       7
       5    2003       6      10       9       7
       5    2004       6      10       9       7
       5    2005       6      10       9       7
       5    2006       6      10       9       7
       5    2007       6      10       9       7
       5    2008       6      10       9       7
       5    2009       6      10       9       7
       5    2010       6      10       9       7
       5    2011       6      10       9       7
       5    2012       6      10       9       7
       5    2013       6      10       9       7
       5    2014       6      10       9       7
       5    2015       6      10       9       7
       5    2016       6      10       9       7
       5    2017       6      10       9       7
       5    2018       6      10       9       7
       5    2019       6      10       9       7
       5    2020       6      10       9       7
       5    2021       6      10       9       7
       5    2022       6      10       9       7
       5    2023       6      10       9       7
       5    2024       6      10       9       7
       6    1968       6      10       9       7
       6    1969       6      10       9       7
       6    1970       6      10       9       7
       6    1971       6      10       9       7
       6    1972       6      10       9       7
       6    1973       6      10       9       7
       6    1974       6      10       9       7
       6    1975       6      10       9       7
       6    1976       6      10       9       7
       6    1977       6      10       9       7
       6    1978       6      10       9       7
       6    1979       6      10       9       7
       6    1980       6      10       9       7
       6    1981       6      10       9       7
       6    1982       6      10       9       7
       6    1983       6      10       9       7
       6    1984       6      10       9       7
       6    1985       6      10       9       7
       6    1986       6      10       9       7
       6    1987       6      10       9       7
       6    1988       6      10       9       7
       6    1989       6      10       9       7
       6    1990       6      10       9       7
       6    1991       6      10       9       7
       6    1992       6      10       9       7
       6    1993       6      10       9       7
       6    1994       6      10       9       7
       6    1995       6      10       9       7
       6    1996       6      10       9       7
       6    1997       6      10       9       7
       6    1998       6      10       9       7
       6    1999       6      10       9       7
       6    2000       6      10       9       7
       6    2001       6      10       9       7
       6    2002       6      10       9       7
       6    2003       6      10       9       7
       6    2004       6      10       9       7
       6    2005       6      10       9       7
       6    2006       6      10       9       7
       6    2007       6      10       9       7
       6    2008       6      10       9       7
       6    2009       6      10       9       7
       6    2010       6      10       9       7
       6    2011       6      10       9       7
       6    2012       6      10       9       7
       6    2013       6      10       9       7
       6    2014       6      10       9       7
       6    2015       6      10       9       7
       6    2016       6      10       9       7
       6    2017       6      10       9       7
       6    2018       6      10       9       7
       6    2019       6      10       9       7
       6    2020       6      10       9       7
       6    2021       6      10       9       7
       6    2022       6      10       9       7
       6    2023       6      10       9       7
       6    2024       6      10       9       7
       7    1968       6      10       9       7
       7    1969       6      10       9       7
       7    1970       6      10       9       7
       7    1971       6      10       9       7
       7    1972       6      10       9       7
       7    1973       6      10       9       7
       7    1974       6      10       9       7
       7    1975       6      10       9       7
       7    1976       6      10       9       7
       7    1977       6      10       9       7
       7    1978       6      10       9       7
       7    1979       6      10       9       7
       7    1980       6      10       9       7
       7    1981       6      10       9       7
       7    1982       6      10       9       7
       7    1983       6      10       9       7
       7    1984       6      10       9       7
       7    1985       6      10       9       7
       7    1986       6      10       9       7
       7    1987       6      10       9       7
       7    1988       6      10       9       7
       7    1989       6      10       9       7
       7    1990       6      10       9       7
       7    1991       6      10       9       7
       7    1992       6      10       9       7
       7    1993       6      10       9       7
       7    1994       6      10       9       7
       7    1995       6      10       9       7
       7    1996       6      10       9       7
       7    1997       6      10       9       7
       7    1998       6      10       9       7
       7    1999       6      10       9       7
       7    2000       6      10       9       7
       7    2001       6      10       9       7
       7    2002       6      10       9       7
       7    2003       6      10       9       7
       7    2004       6      10       9       7
       7    2005       6      10       9       7
       7    2006       6      10       9       7
       7    2007       6      10       9       7
       7    2008       6      10       9       7
       7    2009       6      10       9       7
       7    2010       6      10       9       7
       7    2011       6      10       9       7
       7    2012       6      10       9       7
       7    2013       6      10       9       7
       7    2014       6      10       9       7
       7    2015       6      10       9       7
       7    2016       6      10       9       7
       7    2017       6      10       9       7
       7    2018       6      10       9       7
       7    2019       6      10       9       7
       7    2020       6      10       9       7
       7    2021       6      10       9       7
       7    2022       6      10       9       7
       7    2023       6      10       9       7
       7    2024       6      10       9       7
       8    1968       5      15       8      12
       8    1969       5      15       8      12
       8    1970       5      15       8      12
       8    1971       5      15       8      12
       8    1972       5      15       8      12
       8    1973       5      15       8      12
       8    1974       5      15       8      12
       8    1975       5      15       8      12
       8    1976       5      15       8      12
       8    1977       5      15       8      12
       8    1978       5      15       8      12
       8    1979       5      15       8      12
       8    1980       5      15       8      12
       8    1981       5      15       8      12
       8    1982       5      15       8      12
       8    1983       5      15       8      12
       8    1984       5      15       8      12
       8    1985       5      15       8      12
       8    1986       5      15       8      12
       8    1987       5      15       8      12
       8    1988       5      15       8      12
       8    1989       5      15       8      12
       8    1990       5      15       8      12
       8    1991       5      15       8      12
       8    1992       5      15       8      12
       8    1993       5      15       8      12
       8    1994       5      15       8      12
       8    1995       5      15       8      12
       8    1996       5      15       8      12
       8    1997       5      15       8      12
       8    1998       5      15       8      12
       8    1999       5      15       8      12
       8    2000       5      15       8      12
       8    2001       5      15       8      12
       8    2002       5      15       8      12
       8    2003       5      15       8      12
       8    2004       5      15       8      12
       8    2005       5      15       8      12
       8    2006       5      15       8      12
       8    2007       5      15       8      12
       8    2008       5      15       8      12
       8    2009       5      15       8      12
       8    2010       5      15       8      12
       8    2011       5      15       8      12
       8    2012       5      15       8      12
       8    2013       5      15       8      12
       8    2014       5      15       8      12
       8    2015       5      15       8      12
       8    2016       5      15       8      12
       8    2017       5      15       8      12
       8    2018       5      15       8      12
       8    2019       5      15       8      12
       8    2020       5      15       8      12
       8    2021       5      15       8      12
       8    2022       5      15       8      12
       8    2023       5      15       8      12
       8    2024       5      15       8      12
       9    1968       5      15       8      12
       9    1969       5      15       8      12
       9    1970       5      15       8      12
       9    1979       5      15       8      12
       9    1972       5      15       8      12
       9    1973       5      15       8      12
       9    1974       5      15       8      12
       9    1975       5      15       8      12
       9    1976       5      15       8      12
       9    1977       5      15       8      12
       9    1978       5      15       8      12
       9    1979       5      15       8      12
       9    1980       5      15       8      12
       9    1989       5      15       8      12
       9    1982       5      15       8      12
       9    1983       5      15       8      12
       9    1984       5      15       8      12
       9    1985       5      15       8      12
       9    1986       5      15       8      12
       9    1987       5      15       8      12
       9    1988       5      15       8      12
       9    1989       5      15       8      12
       9    1990       5      15       8      12
       9    1991       5      15       8      12
       9    1992       5      15       8      12
       9    1993       5      15       8      12
       9    1994       5      15       8      12
       9    1995       5      15       8      12
       9    1996       5      15       8      12
       9    1997       5      15       8      12
       9    1998       5      15       8      12
       9    1999       5      15       8      12
       9    2000       5      15       8      12
       9    2001       5      15       8      12
       9    2002       5      15       8      12
       9    2003       5      15       8      12
       9    2004       5      15       8      12
       9    2005       5      15       8      12
       9    2006       5      15       8      12
       9    2007       5      15       8      12
       9    2008       5      15       8      12
       9    2009       5      15       8      12
       9    2010       5      15       8      12
       9    2011       5      15       8      12
       9    2012       5      15       8      12
       9    2013       5      15       8      12
       9    2014       5      15       8      12
       9    2015       5      15       8      12
       9    2016       5      15       8      12
       9    2017       5      15       8      12
       9    2018       5      15       8      12
       9    2019       5      15       8      12
       9    2020       5      15       8      12
       9    2021       5      15       8      12
       9    2022       5      15       8      12
       9    2023       5      15       8      12
       9    2024       5      15       8      12
       0
18     Alfalfa (new)
AN      50.0  28.0  0.50  0.50    0.
    0.   10.   20.   30.   40.   50.   60.   70.   80.   90.  100.

  0.45  0.45  0.45  0.45  0.45  0.45  0.45  0.45  0.50  0.50  0.50

       1
       9    1968       8      25      11       4
       9    1969       8      25      11       4
       9    1970       8      25      11       4
       9    1971       8      25      11       4
       9    1972       8      25      11       4
       9    1973       8      25      11       4
       9    1974       8      25      11       4
       9    1975       8      25      11       4
       9    1976       8      25      11       4
       9    1977       8      25      11       4
       9    1978       8      25      11       4
       9    1979       8      25      11       4
       9    1980       8      25      11       4
       9    1981       8      25      11       4
       9    1982       8      25      11       4
       9    1983       8      25      11       4
       9    1984       8      25      11       4
       9    1985       8      25      11       4
       9    1986       8      25      11       4
       9    1987       8      25      11       4
       9    1988       8      25      11       4
       9    1989       8      25      11       4
       9    1990       8      25      11       4
       9    1991       8      25      11       4
       9    1992       8      25      11       4
       9    1993       8      25      11       4
       9    1994       8      25      11       4
       9    1995       8      25      11       4
       9    1996       8      25      11       4
       9    1997       8      25      11       4
       9    1998       8      25      11       4
       9    1999       8      25      11       4
       9    2000       8      25      11       4
       9    2001       8      25      11       4
       9    2002       8      25      11       4
       9    2003       8      25      11       4
       9    2004       8      25      11       4
       9    2005       8      25      11       4
       9    2006       8      25      11       4
       9    2007       8      25      11       4
       9    2008       8      25      11       4
       9    2009       8      25      11       4
       9    2010       8      25      11       4
       9    2011       8      25      11       4
       9    2012       8      25      11       4
       9    2013       8      25      11       4
       9    2014       8      25      11       4
       9    2015       8      25      11       4
       9    2016       8      25      11       4
       9    2017       8      25      11       4
       9    2018       8      25      11       4
       9    2019       8      25      11       4
       9    2020       8      25      11       4
       9    2021       8      25      11       4
       9    2022       8      25      11       4
       9    2023       8      25      11       4
       9    2024       8      25      11       4
       0
19     Pasture(native)
PR       45.   45.  0.70  0.50  365.
    1.   15.   46.   74.  105.  135.  166.  196.  227.  258.  288.  319.  349.
  366.
  0.49  0.49  0.57  0.73  0.85  0.90  0.92  0.92  0.91  0.87  0.79  0.67  0.55
  0.55
       0
20     Hay(other)
PR       45.   45.  0.75  0.50  365.
    1.   15.   46.   74.  105.  135.  166.  196.  227.  258.  288.  319.  349.
  366.
  0.49  0.49  0.57  0.73  0.85  0.90  0.92  0.92  0.91  0.87  0.79  0.67  0.55
  0.55
       0
21     Misc.Nursery Stock
PR       50.   45.  0.80  0.40  365.
    1.   15.   46.   74.  105.  135.  166.  196.  227.  258.  288.  319.  349.
  366.
  0.17  0.17  0.25  0.40  0.63  0.88  0.96  0.95  0.82  0.54  0.30  0.19  0.15
  0.15
       0
22     Misc.Field Crops
AN       32.   32.  0.70  0.40    0.
    0.   10.   20.   30.   40.   50.   60.   70.   80.   90.  100.

  0.29  0.39  0.56  0.69  0.78  0.81  0.83  0.80  0.72  0.58  0.38

       0
23     Cotton
AN       62.   32.  0.62  0.40  240.
    0.   10.   20.   30.   40.   50.   60.   70.   80.   90.  100.

  0.20  0.25  0.33  0.49  0.79  0.96  1.02  0.94  0.80  0.65  0.49

       0
24     Christmas Trees
PR       45.   45.  0.80  0.40  365.
    1.   15.   46.   74.  105.  135.  166.  196.  227.  258.  288.  319.  349.
  366.
  0.49  0.49  0.57  0.73  0.85  0.90  0.92  0.92  0.91  0.87  0.79  0.67  0.55
  0.55
       0
25     Turfgrass (Warm Season)
PR       50.   50.  0.80  0.50  365.
    1.   15.   46.   74.  105.  135.  166.  196.  227.  258.  288.  319.  349.
  366.
  0.49  0.49  0.57  0.73  0.85  0.90  0.92  0.92  0.91  0.87  0.79  0.67  0.55
  0.55
       0
26     Misc. Berries
PR       55.   40.  0.65  0.40  365.
    1.   15.   46.   74.  105.  135.  166.  196.  227.  258.  288.  319.  349.
  366.
  0.17  0.17  0.25  0.40  0.63  0.88  0.96  0.95  0.82  0.54  0.30  0.19  0.15
  0.15
       0
27     Pecan Orchards
PR       60.   28.  0.90  0.40  365.
    1.   15.   46.   74.  105.  135.  166.  196.  227.  258.  288.  319.  349.
  366.
  0.20  0.20  0.31  0.49  0.77  1.07  1.17  1.16  1.00  0.66  0.37  0.24  0.18
  0.18
       0
28     Pre-watered July plant(Luna,Apache,Reserve,Glenwood)
PR       45.   45.  0.80  0.50  365.
    1.   15.   46.   74.  105.  135.  166.  196.  227.  258.  288.  319.  349.
  366.
  0.49  0.49  0.57  0.73  0.85  0.90  0.92  0.92  0.91  0.87  0.79  0.67  0.55
  0.55
       1
       1    1968       7       1      11      15
       1    1969       7       1      11      15
       1    1970       7       1      11      15
       1    1971       7       1      11      15
       1    1972       7       1      11      15
       1    1973       7       1      11      15
       1    1974       7       1      11      15
       1    1975       7       1      11      15
       1    1976       7       1      11      15
       1    1977       7       1      11      15
       1    1978       7       1      11      15
       1    1979       7       1      11      15
       1    1980       7       1      11      15
       1    1981       7       1      11      15
       1    1982       7       1      11      15
       1    1983       7       1      11      15
       1    1984       7       1      11      15
       1    1985       7       1      11      15
       1    1986       7       1      11      15
       1    1987       7       1      11      15
       1    1988       7       1      11      15
       1    1989       7       1      11      15
       1    1990       7       1      11      15
       1    1991       7       1      11      15
       1    1992       7       1      11      15
       1    1993       7       1      11      15
       1    1994       7       1      11      15
       1    1995       7       1      11      15
       1    1996       7       1      11      15
       1    1997       7       1      11      15
       1    1998       7       1      11      15
       1    1999       7       1      11      15
       1    2000       7       1      11      15
       1    2001       7       1      11      15
       1    2002       7       1      11      15
       1    2003       7       1      11      15
       1    2004       7       1      11      15
       1    2005       7       1      11      15
       1    2006       7       1      11      15
       1    2007       7       1      11      15
       1    2008       7       1      11      15
       1    2009       7       1      11      15
       1    2010       7       1      11      15
       1    2011       7       1      11      15
       1    2012       7       1      11      15
       1    2013       7       1      11      15
       1    2014       7       1      11      15
       1    2015       7       1      11      15
       1    2016       7       1      11      15
       1    2017       7       1      11      15
       1    2018       7       1      11      15
       1    2019       7       1      11      15
       1    2020       7       1      11      15
       1    2021       7       1      11      15
       1    2022       7       1      11      15
       1    2023       7       1      11      15
       1    2024       7       1      11      15
       2    1968       7       1      11      15
       2    1969       7       1      11      15
       2    1970       7       1      11      15
       2    1971       7       1      11      15
       2    1972       7       1      11      15
       2    1973       7       1      11      15
       2    1974       7       1      11      15
       2    1975       7       1      11      15
       2    1976       7       1      11      15
       2    1977       7       1      11      15
       2    1978       7       1      11      15
       2    1979       7       1      11      15
       2    1980       7       1      11      15
       2    1981       7       1      11      15
       2    1982       7       1      11      15
       2    1983       7       1      11      15
       2    1984       7       1      11      15
       2    1985       7       1      11      15
       2    1986       7       1      11      15
       2    1987       7       1      11      15
       2    1988       7       1      11      15
       2    1989       7       1      11      15
       2    1990       7       1      11      15
       2    1991       7       1      11      15
       2    1992       7       1      11      15
       2    1993       7       1      11      15
       2    1994       7       1      11      15
       2    1995       7       1      11      15
       2    1996       7       1      11      15
       2    1997       7       1      11      15
       2    1998       7       1      11      15
       2    1999       7       1      11      15
       2    2000       7       1      11      15
       2    2001       7       1      11      15
       2    2002       7       1      11      15
       2    2003       7       1      11      15
       2    2004       7       1      11      15
       2    2005       7       1      11      15
       2    2006       7       1      11      15
       2    2007       7       1      11      15
       2    2008       7       1      11      15
       2    2009       7       1      11      15
       2    2010       7       1      11      15
       2    2011       7       1      11      15
       2    2012       7       1      11      15
       2    2013       7       1      11      15
       2    2014       7       1      11      15
       2    2015       7       1      11      15
       2    2016       7       1      11      15
       2    2017       7       1      11      15
       2    2018       7       1      11      15
       2    2019       7       1      11      15
       2    2020       7       1      11      15
       2    2021       7       1      11      15
       2    2022       7       1      11      15
       2    2023       7       1      11      15
       2    2024       7       1      11      15
       3    1968       7       1      11      15
       3    1969       7       1      11      15
       3    1970       7       1      11      15
       3    1971       7       1      11      15
       3    1972       7       1      11      15
       3    1973       7       1      11      15
       3    1974       7       1      11      15
       3    1975       7       1      11      15
       3    1976       7       1      11      15
       3    1977       7       1      11      15
       3    1978       7       1      11      15
       3    1979       7       1      11      15
       3    1980       7       1      11      15
       3    1981       7       1      11      15
       3    1982       7       1      11      15
       3    1983       7       1      11      15
       3    1984       7       1      11      15
       3    1985       7       1      11      15
       3    1986       7       1      11      15
       3    1987       7       1      11      15
       3    1988       7       1      11      15
       3    1989       7       1      11      15
       3    1990       7       1      11      15
       3    1991       7       1      11      15
       3    1992       7       1      11      15
       3    1993       7       1      11      15
       3    1994       7       1      11      15
       3    1995       7       1      11      15
       3    1996       7       1      11      15
       3    1997       7       1      11      15
       3    1998       7       1      11      15
       3    1999       7       1      11      15
       3    2000       7       1      11      15
       3    2001       7       1      11      15
       3    2002       7       1      11      15
       3    2003       7       1      11      15
       3    2004       7       1      11      15
       3    2005       7       1      11      15
       3    2006       7       1      11      15
       3    2007       7       1      11      15
       3    2008       7       1      11      15
       3    2009       7       1      11      15
       3    2010       7       1      11      15
       3    2011       7       1      11      15
       3    2012       7       1      11      15
       3    2013       7       1      11      15
       3    2014       7       1      11      15
       3    2015       7       1      11      15
       3    2016       7       1      11      15
       3    2017       7       1      11      15
       3    2018       7       1      11      15
       3    2019       7       1      11      15
       3    2020       7       1      11      15
       3    2021       7       1      11      15
       3    2022       7       1      11      15
       3    2023       7       1      11      15
       3    2024       7       1      11      15
       4    1968       7       1      11      15
       4    1969       7       1      11      15
       4    1970       7       1      11      15
       4    1971       7       1      11      15
       4    1972       7       1      11      15
       4    1973       7       1      11      15
       4    1974       7       1      11      15
       4    1975       7       1      11      15
       4    1976       7       1      11      15
       4    1977       7       1      11      15
       4    1978       7       1      11      15
       4    1979       7       1      11      15
       4    1980       7       1      11      15
       4    1981       7       1      11      15
       4    1982       7       1      11      15
       4    1983       7       1      11      15
       4    1984       7       1      11      15
       4    1985       7       1      11      15
       4    1986       7       1      11      15
       4    1987       7       1      11      15
       4    1988       7       1      11      15
       4    1989       7       1      11      15
       4    1990       7       1      11      15
       4    1991       7       1      11      15
       4    1992       7       1      11      15
       4    1993       7       1      11      15
       4    1994       7       1      11      15
       4    1995       7       1      11      15
       4    1996       7       1      11      15
       4    1997       7       1      11      15
       4    1998       7       1      11      15
       4    1999       7       1      11      15
       4    2000       7       1      11      15
       4    2001       7       1      11      15
       4    2002       7       1      11      15
       4    2003       7       1      11      15
       4    2004       7       1      11      15
       4    2005       7       1      11      15
       4    2006       7       1      11      15
       4    2007       7       1      11      15
       4    2008       7       1      11      15
       4    2009       7       1      11      15
       4    2010       7       1      11      15
       4    2011       7       1      11      15
       4    2012       7       1      11      15
       4    2013       7       1      11      15
       4    2014       7       1      11      15
       4    2015       7       1      11      15
       4    2016       7       1      11      15
       4    2017       7       1      11      15
       4    2018       7       1      11      15
       4    2019       7       1      11      15
       4    2020       7       1      11      15
       4    2021       7       1      11      15
       4    2022       7       1      11      15
       4    2023       7       1      11      15
       4    2024       7       1      11      15
       5    1968       7       1      11      15
       5    1969       7       1      11      15
       5    1970       7       1      11      15
       5    1971       7       1      11      15
       5    1972       7       1      11      15
       5    1973       7       1      11      15
       5    1974       7       1      11      15
       5    1975       7       1      11      15
       5    1976       7       1      11      15
       5    1977       7       1      11      15
       5    1978       7       1      11      15
       5    1979       7       1      11      15
       5    1980       7       1      11      15
       5    1981       7       1      11      15
       5    1982       7       1      11      15
       5    1983       7       1      11      15
       5    1984       7       1      11      15
       5    1985       7       1      11      15
       5    1986       7       1      11      15
       5    1987       7       1      11      15
       5    1988       7       1      11      15
       5    1989       7       1      11      15
       5    1990       7       1      11      15
       5    1991       7       1      11      15
       5    1992       7       1      11      15
       5    1993       7       1      11      15
       5    1994       7       1      11      15
       5    1995       7       1      11      15
       5    1996       7       1      11      15
       5    1997       7       1      11      15
       5    1998       7       1      11      15
       5    1999       7       1      11      15
       5    2000       7       1      11      15
       5    2001       7       1      11      15
       5    2002       7       1      11      15
       5    2003       7       1      11      15
       5    2004       7       1      11      15
       5    2005       7       1      11      15
       5    2006       7       1      11      15
       5    2007       7       1      11      15
       5    2008       7       1      11      15
       5    2009       7       1      11      15
       5    2010       7       1      11      15
       5    2011       7       1      11      15
       5    2012       7       1      11      15
       5    2013       7       1      11      15
       5    2014       7       1      11      15
       5    2015       7       1      11      15
       5    2016       7       1      11      15
       5    2017       7       1      11      15
       5    2018       7       1      11      15
       5    2019       7       1      11      15
       5    2020       7       1      11      15
       5    2021       7       1      11      15
       5    2022       7       1      11      15
       5    2023       7       1      11      15
       5    2024       7       1      11      15
       6    1968       7       1      11      15
       6    1969       7       1      11      15
       6    1970       7       1      11      15
       6    1971       7       1      11      15
       6    1972       7       1      11      15
       6    1973       7       1      11      15
       6    1974       7       1      11      15
       6    1975       7       1      11      15
       6    1976       7       1      11      15
       6    1977       7       1      11      15
       6    1978       7       1      11      15
       6    1979       7       1      11      15
       6    1980       7       1      11      15
       6    1981       7       1      11      15
       6    1982       7       1      11      15
       6    1983       7       1      11      15
       6    1984       7       1      11      15
       6    1985       7       1      11      15
       6    1986       7       1      11      15
       6    1987       7       1      11      15
       6    1988       7       1      11      15
       6    1989       7       1      11      15
       6    1990       7       1      11      15
       6    1991       7       1      11      15
       6    1992       7       1      11      15
       6    1993       7       1      11      15
       6    1994       7       1      11      15
       6    1995       7       1      11      15
       6    1996       7       1      11      15
       6    1997       7       1      11      15
       6    1998       7       1      11      15
       6    1999       7       1      11      15
       6    2000       7       1      11      15
       6    2001       7       1      11      15
       6    2002       7       1      11      15
       6    2003       7       1      11      15
       6    2004       7       1      11      15
       6    2005       7       1      11      15
       6    2006       7       1      11      15
       6    2007       7       1      11      15
       6    2008       7       1      11      15
       6    2009       7       1      11      15
       6    2010       7       1      11      15
       6    2011       7       1      11      15
       6    2012       7       1      11      15
       6    2013       7       1      11      15
       6    2014       7       1      11      15
       6    2015       7       1      11      15
       6    2016       7       1      11      15
       6    2017       7       1      11      15
       6    2018       7       1      11      15
       6    2019       7       1      11      15
       6    2020       7       1      11      15
       6    2021       7       1      11      15
       6    2022       7       1      11      15
       6    2023       7       1      11      15
       6    2024       7       1      11      15
       7    1968       7       1      11      15
       7    1969       7       1      11      15
       7    1970       7       1      11      15
       7    1971       7       1      11      15
       7    1972       7       1      11      15
       7    1973       7       1      11      15
       7    1974       7       1      11      15
       7    1975       7       1      11      15
       7    1976       7       1      11      15
       7    1977       7       1      11      15
       7    1978       7       1      11      15
       7    1979       7       1      11      15
       7    1980       7       1      11      15
       7    1981       7       1      11      15
       7    1982       7       1      11      15
       7    1983       7       1      11      15
       7    1984       7       1      11      15
       7    1985       7       1      11      15
       7    1986       7       1      11      15
       7    1987       7       1      11      15
       7    1988       7       1      11      15
       7    1989       7       1      11      15
       7    1990       7       1      11      15
       7    1991       7       1      11      15
       7    1992       7       1      11      15
       7    1993       7       1      11      15
       7    1994       7       1      11      15
       7    1995       7       1      11      15
       7    1996       7       1      11      15
       7    1997       7       1      11      15
       7    1998       7       1      11      15
       7    1999       7       1      11      15
       7    2000       7       1      11      15
       7    2001       7       1      11      15
       7    2002       7       1      11      15
       7    2003       7       1      11      15
       7    2004       7       1      11      15
       7    2005       7       1      11      15
       7    2006       7       1      11      15
       7    2007       7       1      11      15
       7    2008       7       1      11      15
       7    2009       7       1      11      15
       7    2010       7       1      11      15
       7    2011       7       1      11      15
       7    2012       7       1      11      15
       7    2013       7       1      11      15
       7    2014       7       1      11      15
       7    2015       7       1      11      15
       7    2016       7       1      11      15
       7    2017       7       1      11      15
       7    2018       7       1      11      15
       7    2019       7       1      11      15
       7    2020       7       1      11      15
       7    2021       7       1      11      15
       7    2022       7       1      11      15
       7    2023       7       1      11      15
       7    2024       7       1      11      15
       0
29     Pasture (Unimproved) 
PR       45.   45.  0.75  0.50  365.
    1.   15.   46.   74.  105.  135.  166.  196.  227.  258.  288.  319.  349.
  366.
  0.49  0.49  0.57  0.73  0.85  0.90  0.92  0.92  0.91  0.87  0.79  0.67  0.55
  0.55
       0
30    Short Alfalfa
PR       50.   28.  0.85  0.50  365.
    1.   15.   32.   46.   60.   74.   91.  105.  121.  135.  152.  166.  182.
  196.  213.  227.  244.  258.  274.  288.  305.  319.  335.  349.  366.
  0.60  0.63  0.68  0.73  0.79  0.85  0.92  0.99 1.045  1.09  1.12 1.135  1.13
 1.115  1.09 1.065  1.03  0.99  0.95 0.905  0.85  0.79  0.72  0.64  0.60
       0

