       THE SCS MODIFIED BLANEY-CRIDDLE METHOD
     (EFFECTIVE RAINFALL BASED ON THE  SCS METHOD)

 Gila-San Francisco 1968-2024 CU xirrigcu program MBC SCS rain                   
    IRRIGATED AREA: LUNA                                    
    YEAR: 2024
    PRECIP STATION:  LUNA (USES LUNA RANGER STATION)        
    TEMP STATION:  LUNA (USES LUNA RANGER STATION)        

    DATE OF LAST SPRING MINIMUM OF 28 DEGREES OR BELOW: MAY 26
    DATE OF LAST SPRING MINIMUM OF 32 DEGREES OR BELOW: MAY 27
    DATE OF FIRST FALL MINIMUM OF 32 DEGREES OR BELOW: OCT 13
    DATE OF FIRST FALL MINIMUM OF 28 DEGREES OR BELOW: OCT 19



    TABLE  1. MONTHLY CIR FOR:     Pasture (Improved)  
    GROWING SEASON: APR 19 TO OCT 30, LENGTH 195 DAYS
    ================================================================
    MONTH DAYS TEMP  RAIN LIGHT     F   Kc   Kt   ETc    Re   CIR
    ================================================================
    APR     12 46.3  0.49   3.5  1.63 0.87 0.49  0.69  0.12  0.58
    MAY     31 51.6  0.05   9.7  5.01 0.90 0.58  2.61  0.00  2.61
    JUN     30 65.6  0.55   9.7  6.35 0.92 0.82  4.80  0.42  4.38
    JUL     31 67.4  4.11   9.9  6.66 0.92 0.85  5.24  2.89  2.35
    AUG     31 66.5  2.38   9.3  6.18 0.90 0.84  4.67  1.73  2.94
    SEP     30 62.5  0.79   8.4  5.25 0.87 0.77  3.50  0.57  2.93
    OCT     30 53.4  0.59   7.6  4.08 0.79 0.61  1.96  0.37  1.59
     TOTAL 195       8.96                       23.48  6.10 17.38 IN
                                                             1.45 FT
    ================================================================



    TABLE  2. MONTHLY CIR FOR:     Misc. Vegetable     
    GROWING SEASON: MAY 27 TO OCT 13, LENGTH 140 DAYS
    ================================================================
    MONTH DAYS TEMP  RAIN LIGHT     F   Kc   Kt   ETc    Re   CIR
    ================================================================
    MAY      5 57.7  0.05   1.6  0.90 0.30 0.68  0.19  0.00  0.19
    JUN     30 65.6  0.55   9.7  6.35 0.47 0.82  2.44  0.36  2.07
    JUL     31 67.4  4.11   9.9  6.66 0.75 0.85  4.25  2.74  1.51
    AUG     31 66.5  2.38   9.3  6.18 0.83 0.84  4.29  1.70  2.60
    SEP     30 62.5  0.79   8.4  5.25 0.72 0.77  2.90  0.55  2.35
    OCT     13 55.9  0.59   3.3  1.85 0.49 0.65  0.59  0.15  0.45
     TOTAL 140       8.47                       14.66  5.50  9.16 IN
                                                             0.76 FT
    ================================================================
 
 
 
 
 
 
 
 
 
 
 
 
 
 
 
 
 
 
 
 



    TABLE  3. MONTHLY CIR FOR:      Pre-watered July pl
    GROWING SEASON: JUL  1 TO OCT 30, LENGTH 122 DAYS
    ================================================================
    MONTH DAYS TEMP  RAIN LIGHT     F   Kc   Kt   ETc    Re   CIR
    ================================================================
    JUL     31 67.4  4.11   9.9  6.66 0.92 0.85  5.22  2.89  2.33
    AUG     31 66.5  2.38   9.3  6.18 0.91 0.84  4.69  1.73  2.96
    SEP     30 62.5  0.79   8.4  5.25 0.87 0.77  3.49  0.57  2.92
    OCT     30 53.4  0.59   7.6  4.08 0.78 0.61  1.95  0.37  1.58
     TOTAL 122       7.87                       15.35  5.56  9.79 IN
                                                             0.82 FT
    ================================================================



    TABLE  4. MONTHLY CIR FOR:      Pasture (Unimproved
    GROWING SEASON: APR 19 TO OCT 30, LENGTH 195 DAYS
    ================================================================
    MONTH DAYS TEMP  RAIN LIGHT     F   Kc   Kt   ETc    Re   CIR
    ================================================================
    APR     12 46.3  0.49   3.5  1.63 0.87 0.49  0.69  0.12  0.57
    MAY     31 51.6  0.05   9.7  5.01 0.90 0.58  2.61  0.00  2.61
    JUN     30 65.6  0.55   9.7  6.35 0.92 0.82  4.80  0.42  4.38
    JUL     31 67.4  4.11   9.9  6.66 0.92 0.85  5.22  2.89  2.33
    AUG     31 66.5  2.38   9.3  6.18 0.91 0.84  4.69  1.73  2.96
    SEP     30 62.5  0.79   8.4  5.25 0.87 0.77  3.49  0.57  2.92
    OCT     30 53.4  0.59   7.6  4.08 0.78 0.61  1.95  0.37  1.58
     TOTAL 195       8.96                       23.45  6.10 17.35 IN
                                                             1.45 FT
    ================================================================



    TABLE  5. MONTHLY CIR FOR:     Spring Small Grains 
    GROWING SEASON: APR 19 TO JUL 25, LENGTH  98 DAYS
    ================================================================
    MONTH DAYS TEMP  RAIN LIGHT     F   Kc   Kt   ETc    Re   CIR
    ================================================================
    APR     12 46.3  0.49   3.5  1.63 0.37 0.49  0.30  0.11  0.18
    MAY     31 51.6  0.05   9.7  5.01 0.90 0.58  2.60  0.00  2.60
    JUN     30 65.6  0.55   9.7  6.35 1.28 0.82  6.66  0.46  6.19
    JUL     25 67.2  4.11   8.0  5.36 0.41 0.85  1.87  1.87  0.00
     TOTAL  98       5.20                       11.42  2.44  8.98 IN
                                                             0.75 FT
    ================================================================
 
 
 
 
 
 
 
 
 
 
 
 
 
 
 
 
 
 
 
 



    TABLE  6. MONTHLY CIR FOR:     Alfalfa             
    GROWING SEASON: MAY  9 TO OCT 19, LENGTH 164 DAYS
    ================================================================
    MONTH DAYS TEMP  RAIN LIGHT     F   Kc   Kt   ETc    Re   CIR
    ================================================================
    MAY     23 53.5  0.05   7.2  3.85 1.10 0.61  2.59  0.00  2.59
    JUN     30 65.6  0.55   9.7  6.35 1.13 0.82  5.92  0.44  5.47
    JUL     31 67.4  4.11   9.9  6.66 1.11 0.85  6.31  3.07  3.24
    AUG     31 66.5  2.38   9.3  6.18 1.06 0.84  5.49  1.81  3.67
    SEP     30 62.5  0.79   8.4  5.25 0.99 0.77  3.98  0.59  3.39
    OCT     19 55.0  0.59   4.8  2.66 0.92 0.64  1.56  0.23  1.33
     TOTAL 164       8.47                       25.84  6.14 19.70 IN
                                                             1.64 FT
    ================================================================



    TABLE  7. MONTHLY CIR FOR:      Turfgrass (Warm Sea
    GROWING SEASON: MAY  9 TO OCT 21, LENGTH 166 DAYS
    ================================================================
    MONTH DAYS TEMP  RAIN LIGHT     F   Kc   Kt   ETc    Re   CIR
    ================================================================
    MAY     23 53.5  0.05   7.2  3.85 0.90 0.61  2.12  0.00  2.12
    JUN     30 65.6  0.55   9.7  6.35 0.92 0.82  4.80  0.42  4.38
    JUL     31 67.4  4.11   9.9  6.66 0.92 0.85  5.22  2.89  2.33
    AUG     31 66.5  2.38   9.3  6.18 0.91 0.84  4.69  1.73  2.96
    SEP     30 62.5  0.79   8.4  5.25 0.87 0.77  3.49  0.57  2.92
    OCT     21 54.7  0.59   5.4  2.93 0.80 0.63  1.48  0.25  1.22
     TOTAL 166       8.47                       21.80  5.86 15.94 IN
                                                             1.33 FT
    ================================================================


    TABLE  8. WEIGHTED ANNUAL CIR FOR CROPPING PATTERN
    ==================================================================
    CROP                        ACRES      CDR      CIR     WCIR
    ==================================================================
        Pasture (Improved)        0.0    0.000    17.38     0.00
        Misc. Vegetable           0.0    0.000     9.16     0.00
         Pre-watered July pl      0.0    0.000     9.79     0.00
         Pasture (Unimproved    178.6    0.974    17.35    16.90
        Spring Small Grains       0.0    0.000     8.98     0.00
        Alfalfa                   0.0    0.000    19.70     0.00
         Turfgrass (Warm Sea      4.8    0.026    15.94     0.41
                       TOTAL    183.4    1.000             17.32 IN
                                                            1.44 FT
    ==================================================================
    NOTE: THE WEIGHTED CONSUMPTIVE IRRIGATION REQUIREMENT (WCIR)
    FOR EACH CROP IS COMPUTED BY MULTIPLYING THE CONSUMPTIVE IRR-
    IGATION REQUIREMENT (CIR) BY THE CROP DISTRIBUTION RATIO
    (CDR). IF WINTER WHEAT IS IN THE CROP PATTERN, THE CDR IS
    BASED ON THE ACRES OF THAT CROP HARVESTED IN THE SUMMER.


    TABLE  9. WEIGHTED MONTHLY CIRS IN INCHES FOR CROPPING PATTERN
    ================================================================================
     JAN   FEB   MAR   APR   MAY   JUN   JUL   AUG   SEP   OCT   NOV   DEC   TOTAL
     0.00  0.00  0.00  0.56  2.60  4.38  2.33  2.96  2.92  1.57  0.00  0.00  17.32
    ================================================================================
 
 
 
 
 
 
       THE SCS MODIFIED BLANEY-CRIDDLE METHOD
     (EFFECTIVE RAINFALL BASED ON THE  SCS METHOD)

 Gila-San Francisco 1968-2024 CU xirrigcu program MBC SCS rain                   
    IRRIGATED AREA: APACHE-ARAGON                           
    YEAR: 2024
    PRECIP STATION: APACHE-ARAGON (USES BEAVERHEAD,RESERVE,L
    TEMP STATION: APACHE-ARAGON (USES BEAVERHEAD,RESERVE,L

    DATE OF LAST SPRING MINIMUM OF 28 DEGREES OR BELOW: MAY 12
    DATE OF LAST SPRING MINIMUM OF 32 DEGREES OR BELOW: MAY 24
    DATE OF FIRST FALL MINIMUM OF 32 DEGREES OR BELOW: OCT 19
    DATE OF FIRST FALL MINIMUM OF 28 DEGREES OR BELOW: OCT 19



    TABLE  1. MONTHLY CIR FOR:     Pasture (Improved)  
    GROWING SEASON: APR  8 TO NOV  1, LENGTH 208 DAYS
    ================================================================
    MONTH DAYS TEMP  RAIN LIGHT     F   Kc   Kt   ETc    Re   CIR
    ================================================================
    APR     23 47.5  0.34   6.7  3.20 0.86 0.51  1.40  0.15  1.26
    MAY     31 54.2  0.11   9.7  5.28 0.90 0.62  2.97  0.00  2.97
    JUN     30 67.9  0.84   9.7  6.61 0.92 0.86  5.24  0.67  4.57
    JUL     31 69.6  3.05   9.9  6.89 0.92 0.89  5.67  2.28  3.38
    AUG     31 68.6  1.89   9.3  6.41 0.90 0.87  5.05  1.44  3.61
    SEP     30 62.5  0.55   8.4  5.25 0.87 0.77  3.50  0.39  3.11
    OCT     31 54.3  0.64   7.9  4.29 0.79 0.63  2.11  0.42  1.69
    NOV      1 45.2  0.60   0.2  0.11 0.73 0.47  0.04  0.01  0.02
     TOTAL 208       8.02                       25.97  5.36 20.62 IN
                                                             1.72 FT
    ================================================================



    TABLE  2. MONTHLY CIR FOR:      Misc. Berries      
    GROWING SEASON: MAY 18 TO NOV 10, LENGTH 177 DAYS
    ================================================================
    MONTH DAYS TEMP  RAIN LIGHT     F   Kc   Kt   ETc    Re   CIR
    ================================================================
    MAY     14 58.1  0.11   4.4  2.55 0.91 0.69  1.60  0.00  1.60
    JUN     30 67.9  0.84   9.7  6.61 0.96 0.86  5.46  0.68  4.79
    JUL     31 69.6  3.05   9.9  6.89 0.94 0.89  5.77  2.30  3.48
    AUG     31 68.6  1.89   9.3  6.41 0.80 0.87  4.48  1.39  3.09
    SEP     30 62.5  0.55   8.4  5.25 0.53 0.77  2.14  0.36  1.78
    OCT     31 54.3  0.64   7.9  4.29 0.29 0.63  0.79  0.39  0.39
    NOV     10 42.7  0.60   2.3  1.00 0.22 0.42  0.09  0.09  0.00
     TOTAL 177       7.68                       20.34  5.21 15.13 IN
                                                             1.26 FT
    ================================================================
 
 
 
 
 
 
 
 
 
 
 
 
 
 
 
 
 
 



    TABLE  3. MONTHLY CIR FOR:     Orchard  (no ground 
    GROWING SEASON: APR 29 TO NOV  1, LENGTH 187 DAYS
    ================================================================
    MONTH DAYS TEMP  RAIN LIGHT     F   Kc   Kt   ETc    Re   CIR
    ================================================================
    APR      2 50.1  0.34   0.6  0.29 0.75 0.55  0.12  0.01  0.11
    MAY     31 54.2  0.11   9.7  5.28 0.88 0.62  2.89  0.00  2.89
    JUN     30 67.9  0.84   9.7  6.61 0.96 0.86  5.47  0.68  4.79
    JUL     31 69.6  3.05   9.9  6.89 0.96 0.89  5.86  2.31  3.55
    AUG     31 68.6  1.89   9.3  6.41 0.81 0.87  4.56  1.40  3.16
    SEP     30 62.5  0.55   8.4  5.25 0.55 0.77  2.21  0.36  1.85
    OCT     31 54.3  0.64   7.9  4.29 0.28 0.63  0.76  0.39  0.36
    NOV      1 45.2  0.60   0.2  0.11 0.22 0.47  0.01  0.01  0.00
     TOTAL 187       8.02                       21.88  5.16 16.72 IN
                                                             1.39 FT
    ================================================================



    TABLE  4. MONTHLY CIR FOR:     Spring Small Grains 
    GROWING SEASON: APR 10 TO JUL 25, LENGTH 107 DAYS
    ================================================================
    MONTH DAYS TEMP  RAIN LIGHT     F   Kc   Kt   ETc    Re   CIR
    ================================================================
    APR     21 47.7  0.34   6.2  2.94 0.46 0.51  0.69  0.13  0.56
    MAY     31 54.2  0.11   9.7  5.28 1.02 0.62  3.37  0.00  3.37
    JUN     30 67.9  0.84   9.7  6.61 1.22 0.86  6.96  0.74  6.22
    JUL     25 69.4  3.05   8.0  5.54 0.37 0.89  1.81  1.48  0.32
     TOTAL 107       4.34                       12.82  2.35 10.47 IN
                                                             0.87 FT
    ================================================================



    TABLE  5. MONTHLY CIR FOR:      Pre-watered July pl
    GROWING SEASON: JUL  1 TO NOV  1, LENGTH 124 DAYS
    ================================================================
    MONTH DAYS TEMP  RAIN LIGHT     F   Kc   Kt   ETc    Re   CIR
    ================================================================
    JUL     31 69.6  3.05   9.9  6.89 0.92 0.89  5.64  2.28  3.36
    AUG     31 68.6  1.89   9.3  6.41 0.91 0.87  5.07  1.44  3.64
    SEP     30 62.5  0.55   8.4  5.25 0.87 0.77  3.49  0.39  3.11
    OCT     31 54.3  0.64   7.9  4.29 0.78 0.63  2.10  0.42  1.68
    NOV      1 45.2  0.60   0.2  0.11 0.72 0.47  0.04  0.01  0.02
     TOTAL 124       6.73                       16.34  4.54 11.80 IN
                                                             0.98 FT
    ================================================================
 
 
 
 
 
 
 
 
 
 
 
 
 
 
 
 
 
 



    TABLE  6. MONTHLY CIR FOR:      Pasture (Unimproved
    GROWING SEASON: APR  8 TO NOV  1, LENGTH 208 DAYS
    ================================================================
    MONTH DAYS TEMP  RAIN LIGHT     F   Kc   Kt   ETc    Re   CIR
    ================================================================
    APR     23 47.5  0.34   6.7  3.20 0.86 0.51  1.40  0.15  1.25
    MAY     31 54.2  0.11   9.7  5.28 0.90 0.62  2.97  0.00  2.97
    JUN     30 67.9  0.84   9.7  6.61 0.92 0.86  5.24  0.67  4.57
    JUL     31 69.6  3.05   9.9  6.89 0.92 0.89  5.64  2.28  3.36
    AUG     31 68.6  1.89   9.3  6.41 0.91 0.87  5.07  1.44  3.64
    SEP     30 62.5  0.55   8.4  5.25 0.87 0.77  3.49  0.39  3.11
    OCT     31 54.3  0.64   7.9  4.29 0.78 0.63  2.10  0.42  1.68
    NOV      1 45.2  0.60   0.2  0.11 0.72 0.47  0.04  0.01  0.02
     TOTAL 208       8.02                       25.94  5.35 20.59 IN
                                                             1.72 FT
    ================================================================



    TABLE  7. MONTHLY CIR FOR:      Pasture(native)    
    GROWING SEASON: APR  8 TO NOV  1, LENGTH 208 DAYS
    ================================================================
    MONTH DAYS TEMP  RAIN LIGHT     F   Kc   Kt   ETc    Re   CIR
    ================================================================
    APR     23 47.5  0.34   6.7  3.20 0.86 0.51  1.40  0.15  1.25
    MAY     31 54.2  0.11   9.7  5.28 0.90 0.62  2.97  0.00  2.97
    JUN     30 67.9  0.84   9.7  6.61 0.92 0.86  5.24  0.67  4.57
    JUL     31 69.6  3.05   9.9  6.89 0.92 0.89  5.64  2.28  3.36
    AUG     31 68.6  1.89   9.3  6.41 0.91 0.87  5.07  1.44  3.64
    SEP     30 62.5  0.55   8.4  5.25 0.87 0.77  3.49  0.39  3.11
    OCT     31 54.3  0.64   7.9  4.29 0.78 0.63  2.10  0.42  1.68
    NOV      1 45.2  0.60   0.2  0.11 0.72 0.47  0.04  0.01  0.02
     TOTAL 208       8.02                       25.94  5.35 20.59 IN
                                                             1.72 FT
    ================================================================



    TABLE  8. MONTHLY CIR FOR:     Alfalfa             
    GROWING SEASON: APR 29 TO OCT 19, LENGTH 174 DAYS
    ================================================================
    MONTH DAYS TEMP  RAIN LIGHT     F   Kc   Kt   ETc    Re   CIR
    ================================================================
    APR      2 50.1  0.34   0.6  0.29 1.04 0.55  0.17  0.01  0.16
    MAY     31 54.2  0.11   9.7  5.28 1.09 0.62  3.60  0.00  3.60
    JUN     30 67.9  0.84   9.7  6.61 1.13 0.86  6.46  0.72  5.74
    JUL     31 69.6  3.05   9.9  6.89 1.11 0.89  6.82  2.43  4.39
    AUG     31 68.6  1.89   9.3  6.41 1.06 0.87  5.93  1.51  4.42
    SEP     30 62.5  0.55   8.4  5.25 0.99 0.77  3.98  0.40  3.58
    OCT     19 55.9  0.64   4.8  2.71 0.92 0.65  1.62  0.25  1.37
     TOTAL 174       7.42                       28.58  5.32 23.26 IN
                                                             1.94 FT
    ================================================================
 
 
 
 
 
 
 
 
 
 
 
 



    TABLE  9. MONTHLY CIR FOR:     Corn (grain)        
    GROWING SEASON: JUN 10 TO SEP 30, LENGTH 113 DAYS
    ================================================================
    MONTH DAYS TEMP  RAIN LIGHT     F   Kc   Kt   ETc    Re   CIR
    ================================================================
    JUN     21 68.2  0.84   6.8  4.65 0.49 0.87  1.95  0.39  1.56
    JUL     31 69.6  3.05   9.9  6.89 0.76 0.89  4.66  2.16  2.51
    AUG     31 68.6  1.89   9.3  6.41 1.08 0.87  6.04  1.52  4.52
    SEP     30 62.5  0.55   8.4  5.25 0.96 0.77  3.85  0.39  3.46
     TOTAL 113       6.33                       16.51  4.46 12.05 IN
                                                             1.00 FT
    ================================================================



    TABLE 10. MONTHLY CIR FOR:     Misc. Vegetable     
    GROWING SEASON: MAY 24 TO OCT 19, LENGTH 149 DAYS
    ================================================================
    MONTH DAYS TEMP  RAIN LIGHT     F   Kc   Kt   ETc    Re   CIR
    ================================================================
    MAY      8 59.5  0.11   2.5  1.49 0.31 0.71  0.33  0.00  0.33
    JUN     30 67.9  0.84   9.7  6.61 0.49 0.86  2.77  0.58  2.19
    JUL     31 69.6  3.05   9.9  6.89 0.75 0.89  4.58  2.15  2.43
    AUG     31 68.6  1.89   9.3  6.41 0.83 0.87  4.64  1.40  3.24
    SEP     30 62.5  0.55   8.4  5.25 0.74 0.77  2.99  0.38  2.62
    OCT     19 55.9  0.64   4.8  2.71 0.52 0.65  0.92  0.24  0.68
     TOTAL 149       7.08                       16.24  4.75 11.49 IN
                                                             0.96 FT
    ================================================================



    TABLE 11. MONTHLY CIR FOR:      Turfgrass (Warm Sea
    GROWING SEASON: APR 29 TO OCT 24, LENGTH 179 DAYS
    ================================================================
    MONTH DAYS TEMP  RAIN LIGHT     F   Kc   Kt   ETc    Re   CIR
    ================================================================
    APR      2 50.1  0.34   0.6  0.29 0.88 0.55  0.14  0.01  0.13
    MAY     31 54.2  0.11   9.7  5.28 0.90 0.62  2.97  0.00  2.97
    JUN     30 67.9  0.84   9.7  6.61 0.92 0.86  5.24  0.67  4.57
    JUL     31 69.6  3.05   9.9  6.89 0.92 0.89  5.64  2.28  3.36
    AUG     31 68.6  1.89   9.3  6.41 0.91 0.87  5.07  1.44  3.64
    SEP     30 62.5  0.55   8.4  5.25 0.87 0.77  3.49  0.39  3.11
    OCT     24 55.2  0.64   6.1  3.38 0.79 0.64  1.72  0.32  1.40
     TOTAL 179       7.42                       24.27  5.10 19.17 IN
                                                             1.60 FT
    ================================================================
 
 
 
 
 
 
 
 
 
 
 
 
 
 
 
 
 
 


    TABLE 12. WEIGHTED ANNUAL CIR FOR CROPPING PATTERN
    ==================================================================
    CROP                        ACRES      CDR      CIR     WCIR
    ==================================================================
        Pasture (Improved)        0.0    0.000    20.62     0.00
         Misc. Berries            0.0    0.000    15.13     0.00
        Orchard  (no ground       0.5    0.003    16.72     0.05
        Spring Small Grains       0.0    0.000    10.47     0.00
         Pre-watered July pl      0.0    0.000    11.80     0.00
         Pasture (Unimproved      0.0    0.000    20.59     0.00
         Pasture(native)        144.0    0.917    20.59    18.88
        Alfalfa                   0.0    0.000    23.26     0.00
        Corn (grain)              0.0    0.000    12.05     0.00
        Misc. Vegetable           0.5    0.003    11.49     0.03
         Turfgrass (Warm Sea     12.1    0.077    19.17     1.48
                       TOTAL    157.0    1.000             20.44 IN
                                                            1.70 FT
    ==================================================================
    NOTE: THE WEIGHTED CONSUMPTIVE IRRIGATION REQUIREMENT (WCIR)
    FOR EACH CROP IS COMPUTED BY MULTIPLYING THE CONSUMPTIVE IRR-
    IGATION REQUIREMENT (CIR) BY THE CROP DISTRIBUTION RATIO
    (CDR). IF WINTER WHEAT IS IN THE CROP PATTERN, THE CDR IS
    BASED ON THE ACRES OF THAT CROP HARVESTED IN THE SUMMER.


    TABLE 13. WEIGHTED MONTHLY CIRS IN INCHES FOR CROPPING PATTERN
    ================================================================================
     JAN   FEB   MAR   APR   MAY   JUN   JUL   AUG   SEP   OCT   NOV   DEC   TOTAL
     0.00  0.00  0.00  1.16  2.96  4.56  3.36  3.63  3.10  1.65  0.02  0.00  20.44
    ================================================================================
 
 
 
 
 
 
 
 
 
 
 
 
 
 
 
 
 
 
 
 
 
 
 
 
 
 
 
 
 
 
 
 
 
 
 
 
       THE SCS MODIFIED BLANEY-CRIDDLE METHOD
     (EFFECTIVE RAINFALL BASED ON THE  SCS METHOD)

 Gila-San Francisco 1968-2024 CU xirrigcu program MBC SCS rain                   
    IRRIGATED AREA: RESERVE                                 
    YEAR: 2024
    PRECIP STATION: RESERVE (USES RESERVE/HOOD RANGER STATIO
    TEMP STATION: RESERVE (USES RESERVE/HOOD RANGER STATIO

    DATE OF LAST SPRING MINIMUM OF 28 DEGREES OR BELOW: MAY  7
    DATE OF LAST SPRING MINIMUM OF 32 DEGREES OR BELOW: MAY 24
    DATE OF FIRST FALL MINIMUM OF 32 DEGREES OR BELOW: OCT 19
    DATE OF FIRST FALL MINIMUM OF 28 DEGREES OR BELOW: OCT 20



    TABLE  1. MONTHLY CIR FOR:     Pasture (Improved)  
    GROWING SEASON: MAR 29 TO NOV  5, LENGTH 222 DAYS
    ================================================================
    MONTH DAYS TEMP  RAIN LIGHT     F   Kc   Kt   ETc    Re   CIR
    ================================================================
    MAR      3 45.3  2.61   0.8  0.37 0.81 0.47  0.14  0.14  0.00
    APR     30 48.9  0.24   8.8  4.30 0.86 0.53  1.96  0.12  1.85
    MAY     31 56.7  0.08   9.7  5.50 0.90 0.67  3.31  0.00  3.31
    JUN     30 70.6  0.83   9.7  6.83 0.92 0.91  5.70  0.68  5.02
    JUL     31 72.7  3.39   9.9  7.18 0.92 0.94  6.26  2.59  3.67
    AUG     31 71.6  1.29   9.3  6.66 0.90 0.92  5.56  1.04  4.52
    SEP     30 64.6  0.92   8.4  5.43 0.87 0.80  3.79  0.68  3.11
    OCT     31 56.5  0.70   7.9  4.46 0.79 0.66  2.33  0.47  1.86
    NOV      5 46.2  0.70   1.2  0.54 0.72 0.49  0.19  0.07  0.12
     TOTAL 222      10.76                       29.24  5.78 23.46 IN
                                                             1.96 FT
    ================================================================



    TABLE  2. MONTHLY CIR FOR:     Orchard  (no ground 
    GROWING SEASON: APR 19 TO NOV  5, LENGTH 201 DAYS
    ================================================================
    MONTH DAYS TEMP  RAIN LIGHT     F   Kc   Kt   ETc    Re   CIR
    ================================================================
    APR     12 51.3  0.24   3.5  1.81 0.70 0.57  0.72  0.04  0.68
    MAY     31 56.7  0.08   9.7  5.50 0.88 0.67  3.22  0.00  3.22
    JUN     30 70.6  0.83   9.7  6.83 0.96 0.91  5.95  0.69  5.26
    JUL     31 72.7  3.39   9.9  7.18 0.96 0.94  6.47  2.62  3.85
    AUG     31 71.6  1.29   9.3  6.66 0.81 0.92  5.02  1.01  4.01
    SEP     30 64.6  0.92   8.4  5.43 0.55 0.80  2.40  0.63  1.77
    OCT     31 56.5  0.70   7.9  4.46 0.28 0.66  0.83  0.43  0.40
    NOV      5 46.2  0.70   1.2  0.54 0.21 0.49  0.06  0.06  0.00
     TOTAL 201       8.15                       24.67  5.47 19.20 IN
                                                             1.60 FT
    ================================================================
 
 
 
 
 
 
 
 
 
 
 
 
 
 
 
 



    TABLE  3. MONTHLY CIR FOR:      Pasture(native)    
    GROWING SEASON: MAR 29 TO NOV  5, LENGTH 222 DAYS
    ================================================================
    MONTH DAYS TEMP  RAIN LIGHT     F   Kc   Kt   ETc    Re   CIR
    ================================================================
    MAR      3 45.3  2.61   0.8  0.37 0.79 0.47  0.14  0.14  0.00
    APR     30 48.9  0.24   8.8  4.30 0.85 0.53  1.95  0.12  1.83
    MAY     31 56.7  0.08   9.7  5.50 0.90 0.67  3.31  0.00  3.31
    JUN     30 70.6  0.83   9.7  6.83 0.92 0.91  5.70  0.68  5.02
    JUL     31 72.7  3.39   9.9  7.18 0.92 0.94  6.23  2.58  3.64
    AUG     31 71.6  1.29   9.3  6.66 0.91 0.92  5.59  1.04  4.55
    SEP     30 64.6  0.92   8.4  5.43 0.87 0.80  3.78  0.68  3.11
    OCT     31 56.5  0.70   7.9  4.46 0.78 0.66  2.32  0.47  1.85
    NOV      5 46.2  0.70   1.2  0.54 0.71 0.49  0.19  0.07  0.12
     TOTAL 222      10.76                       29.19  5.77 23.42 IN
                                                             1.95 FT
    ================================================================



    TABLE  4. MONTHLY CIR FOR:     Sod (cool season)   
    GROWING SEASON: MAR 29 TO NOV  5, LENGTH 222 DAYS
    ================================================================
    MONTH DAYS TEMP  RAIN LIGHT     F   Kc   Kt   ETc    Re   CIR
    ================================================================
    MAR      3 45.3  2.61   0.8  0.37 1.19 0.47  0.21  0.14  0.06
    APR     30 48.9  0.24   8.8  4.30 1.35 0.53  3.09  0.12  2.96
    MAY     31 56.7  0.08   9.7  5.50 1.30 0.67  4.76  0.00  4.76
    JUN     30 70.6  0.83   9.7  6.83 1.25 0.91  7.75  0.76  6.99
    JUL     31 72.7  3.39   9.9  7.18 0.98 0.94  6.62  2.64  3.98
    AUG     31 71.6  1.29   9.3  6.66 0.80 0.92  4.91  1.00  3.91
    SEP     30 64.6  0.92   8.4  5.43 0.78 0.80  3.40  0.66  2.73
    OCT     31 56.5  0.70   7.9  4.46 1.02 0.66  3.03  0.49  2.54
    NOV      5 46.2  0.70   1.2  0.54 0.95 0.49  0.25  0.07  0.18
     TOTAL 222      10.76                       34.01  5.89 28.12 IN
                                                             2.34 FT
    ================================================================



    TABLE  5. MONTHLY CIR FOR:     Misc. Vegetable     
    GROWING SEASON: MAY 24 TO OCT 19, LENGTH 149 DAYS
    ================================================================
    MONTH DAYS TEMP  RAIN LIGHT     F   Kc   Kt   ETc    Re   CIR
    ================================================================
    MAY      8 62.0  0.08   2.5  1.55 0.31 0.76  0.37  0.00  0.37
    JUN     30 70.6  0.83   9.7  6.83 0.49 0.91  3.02  0.58  2.43
    JUL     31 72.7  3.39   9.9  7.18 0.75 0.94  5.06  2.42  2.64
    AUG     31 71.6  1.29   9.3  6.66 0.83 0.92  5.11  1.01  4.10
    SEP     30 64.6  0.92   8.4  5.43 0.74 0.80  3.24  0.66  2.58
    OCT     19 58.1  0.70   4.8  2.81 0.52 0.69  1.01  0.27  0.75
     TOTAL 149       7.21                       17.81  4.94 12.87 IN
                                                             1.07 FT
    ================================================================
 
 
 
 
 
 
 
 
 
 
 



    TABLE  6. MONTHLY CIR FOR:      Pre-watered July pl
    GROWING SEASON: JUL  1 TO NOV  5, LENGTH 128 DAYS
    ================================================================
    MONTH DAYS TEMP  RAIN LIGHT     F   Kc   Kt   ETc    Re   CIR
    ================================================================
    JUL     31 72.7  3.39   9.9  7.18 0.92 0.94  6.23  2.58  3.64
    AUG     31 71.6  1.29   9.3  6.66 0.91 0.92  5.59  1.04  4.55
    SEP     30 64.6  0.92   8.4  5.43 0.87 0.80  3.78  0.68  3.11
    OCT     31 56.5  0.70   7.9  4.46 0.78 0.66  2.32  0.47  1.85
    NOV      5 46.2  0.70   1.2  0.54 0.71 0.49  0.19  0.07  0.12
     TOTAL 128       7.00                       18.10  4.84 13.26 IN
                                                             1.11 FT
    ================================================================



    TABLE  7. MONTHLY CIR FOR:     Spring Small Grains 
    GROWING SEASON: APR 10 TO JUL 25, LENGTH 107 DAYS
    ================================================================
    MONTH DAYS TEMP  RAIN LIGHT     F   Kc   Kt   ETc    Re   CIR
    ================================================================
    APR     21 50.2  0.24   6.2  3.09 0.46 0.55  0.78  0.08  0.70
    MAY     31 56.7  0.08   9.7  5.50 1.02 0.67  3.75  0.00  3.75
    JUN     30 70.6  0.83   9.7  6.83 1.22 0.91  7.58  0.75  6.82
    JUL     25 72.5  3.39   8.0  5.77 0.37 0.94  1.99  1.65  0.35
     TOTAL 107       4.54                       14.10  2.47 11.63 IN
                                                             0.97 FT
    ================================================================



    TABLE  8. MONTHLY CIR FOR:     Alfalfa             
    GROWING SEASON: APR 19 TO OCT 20, LENGTH 185 DAYS
    ================================================================
    MONTH DAYS TEMP  RAIN LIGHT     F   Kc   Kt   ETc    Re   CIR
    ================================================================
    APR     12 51.3  0.24   3.5  1.81 1.03 0.57  1.06  0.04  1.02
    MAY     31 56.7  0.08   9.7  5.50 1.09 0.67  4.01  0.00  4.01
    JUN     30 70.6  0.83   9.7  6.83 1.13 0.91  7.03  0.73  6.30
    JUL     31 72.7  3.39   9.9  7.18 1.11 0.94  7.53  2.78  4.75
    AUG     31 71.6  1.29   9.3  6.66 1.06 0.92  6.53  1.09  5.44
    SEP     30 64.6  0.92   8.4  5.43 0.99 0.80  4.31  0.70  3.61
    OCT     20 57.9  0.70   5.1  2.95 0.92 0.69  1.86  0.30  1.57
     TOTAL 185       7.45                       32.34  5.64 26.70 IN
                                                             2.22 FT
    ================================================================
 
 
 
 
 
 
 
 
 
 
 
 
 
 
 
 
 
 
 



    TABLE  9. MONTHLY CIR FOR:      Pasture (Unimproved
    GROWING SEASON: MAR 29 TO NOV  5, LENGTH 222 DAYS
    ================================================================
    MONTH DAYS TEMP  RAIN LIGHT     F   Kc   Kt   ETc    Re   CIR
    ================================================================
    MAR      3 45.3  2.61   0.8  0.37 0.79 0.47  0.14  0.14  0.00
    APR     30 48.9  0.24   8.8  4.30 0.85 0.53  1.95  0.12  1.83
    MAY     31 56.7  0.08   9.7  5.50 0.90 0.67  3.31  0.00  3.31
    JUN     30 70.6  0.83   9.7  6.83 0.92 0.91  5.70  0.68  5.02
    JUL     31 72.7  3.39   9.9  7.18 0.92 0.94  6.23  2.58  3.64
    AUG     31 71.6  1.29   9.3  6.66 0.91 0.92  5.59  1.04  4.55
    SEP     30 64.6  0.92   8.4  5.43 0.87 0.80  3.78  0.68  3.11
    OCT     31 56.5  0.70   7.9  4.46 0.78 0.66  2.32  0.47  1.85
    NOV      5 46.2  0.70   1.2  0.54 0.71 0.49  0.19  0.07  0.12
     TOTAL 222      10.76                       29.19  5.77 23.42 IN
                                                             1.95 FT
    ================================================================



    TABLE 10. MONTHLY CIR FOR:     Corn (grain)        
    GROWING SEASON: JUN 10 TO SEP 30, LENGTH 113 DAYS
    ================================================================
    MONTH DAYS TEMP  RAIN LIGHT     F   Kc   Kt   ETc    Re   CIR
    ================================================================
    JUN     21 70.9  0.83   6.8  4.80 0.49 0.91  2.13  0.39  1.74
    JUL     31 72.7  3.39   9.9  7.18 0.76 0.94  5.15  2.43  2.72
    AUG     31 71.6  1.29   9.3  6.66 1.08 0.92  6.65  1.10  5.55
    SEP     30 64.6  0.92   8.4  5.43 0.96 0.80  4.17  0.69  3.48
     TOTAL 113       6.43                       18.10  4.61 13.49 IN
                                                             1.12 FT
    ================================================================


    TABLE 11. MONTHLY CIR FOR:      Winter Small Grain(
    GROWING SEASON: SPRING, MAR 29 TO JUL  5, LENGTH  99 DAYS
                        FALL,   SEP  1 TO NOV  5, LENGTH  66 DAYS
    ================================================================
    MONTH DAYS TEMP  RAIN LIGHT     F   Kc   Kt   ETc    Re   CIR
    ================================================================
    MAR      3 45.3  2.61   0.8  0.37 1.36 0.47  0.24  0.14  0.09
    APR     30 48.9  0.24   8.8  4.30 1.35 0.53  3.10  0.12  2.98
    MAY     31 56.7  0.08   9.7  5.50 1.30 0.67  4.78  0.00  4.78
    JUN     30 70.6  0.83   9.7  6.83 0.58 0.91  3.56  0.60  2.96
    JUL      5 71.8  3.39   1.6  1.14 0.06 0.93  0.06  0.06  0.00
    SEP     30 64.5  0.92   8.4  5.42 0.48 0.80  2.08  0.61  1.46
    OCT     31 56.5  0.70   7.9  4.46 1.07 0.66  3.16  0.49  2.67
    NOV      5 46.2  0.70   1.2  0.54 1.33 0.49  0.35  0.07  0.28
     TOTAL 165       9.47                       17.32  2.10 15.22 IN
                                                             1.27 FT
    ================================================================
 
 
 
 
 
 
 
 
 
 
 
 
 
 



    TABLE 12. MONTHLY CIR FOR:      Dry Beans          
    GROWING SEASON: MAY 23 TO AUG 30, LENGTH 100 DAYS
    ================================================================
    MONTH DAYS TEMP  RAIN LIGHT     F   Kc   Kt   ETc    Re   CIR
    ================================================================
    MAY      9 61.8  0.08   2.8  1.74 0.54 0.76  0.70  0.00  0.70
    JUN     30 70.6  0.83   9.7  6.83 0.79 0.91  4.91  0.65  4.26
    JUL     31 72.7  3.39   9.9  7.18 1.12 0.94  7.58  2.79  4.79
    AUG     30 71.6  1.29   9.0  6.45 0.82 0.92  4.89  0.97  3.92
     TOTAL 100       5.59                       18.08  4.40 13.68 IN
                                                             1.14 FT
    ================================================================



    TABLE 13. MONTHLY CIR FOR:      Turfgrass (Warm Sea
    GROWING SEASON: APR 19 TO OCT 27, LENGTH 192 DAYS
    ================================================================
    MONTH DAYS TEMP  RAIN LIGHT     F   Kc   Kt   ETc    Re   CIR
    ================================================================
    APR     12 51.3  0.24   3.5  1.81 0.87 0.57  0.90  0.04  0.85
    MAY     31 56.7  0.08   9.7  5.50 0.90 0.67  3.31  0.00  3.31
    JUN     30 70.6  0.83   9.7  6.83 0.92 0.91  5.70  0.68  5.02
    JUL     31 72.7  3.39   9.9  7.18 0.92 0.94  6.23  2.58  3.64
    AUG     31 71.6  1.29   9.3  6.66 0.91 0.92  5.59  1.04  4.55
    SEP     30 64.6  0.92   8.4  5.43 0.87 0.80  3.78  0.68  3.11
    OCT     27 57.0  0.70   6.9  3.92 0.79 0.67  2.08  0.40  1.68
     TOTAL 192       7.45                       27.58  5.42 22.16 IN
                                                             1.85 FT
    ================================================================


    TABLE 14. WEIGHTED ANNUAL CIR FOR CROPPING PATTERN
    ==================================================================
    CROP                        ACRES      CDR      CIR     WCIR
    ==================================================================
        Pasture (Improved)       32.8    0.097    23.46     2.28
        Orchard  (no ground       6.4    0.019    19.20     0.36
         Pasture(native)        285.4    0.843    23.42    19.75
        Sod (cool season)         0.0    0.000    28.12     0.00
        Misc. Vegetable           0.7    0.002    12.87     0.03
         Pre-watered July pl      0.0    0.000    13.26     0.00
        Spring Small Grains       2.7    0.008    11.63     0.09
        Alfalfa                   3.4    0.010    26.70     0.27
         Pasture (Unimproved      1.4    0.004    23.42     0.09
        Corn (grain)              0.0    0.000    13.49     0.00
         Winter Small Grain(      0.0    0.000    15.22     0.00
         Dry Beans                0.0    0.000    13.68     0.00
         Turfgrass (Warm Sea      5.8    0.017    22.16     0.38
                       TOTAL    338.6    1.000             23.24 IN
                                                            1.94 FT
    ==================================================================
    NOTE: THE WEIGHTED CONSUMPTIVE IRRIGATION REQUIREMENT (WCIR)
    FOR EACH CROP IS COMPUTED BY MULTIPLYING THE CONSUMPTIVE IRR-
    IGATION REQUIREMENT (CIR) BY THE CROP DISTRIBUTION RATIO
    (CDR). IF WINTER WHEAT IS IN THE CROP PATTERN, THE CDR IS
    BASED ON THE ACRES OF THAT CROP HARVESTED IN THE SUMMER.


    TABLE 15. WEIGHTED MONTHLY CIRS IN INCHES FOR CROPPING PATTERN
    ================================================================================
     JAN   FEB   MAR   APR   MAY   JUN   JUL   AUG   SEP   OCT   NOV   DEC   TOTAL
     0.00  0.00  0.00  1.78  3.31  5.05  3.63  4.51  3.06  1.80  0.11  0.00  23.24
    ================================================================================
 
       THE SCS MODIFIED BLANEY-CRIDDLE METHOD
     (EFFECTIVE RAINFALL BASED ON THE  SCS METHOD)

 Gila-San Francisco 1968-2024 CU xirrigcu program MBC SCS rain                   
    IRRIGATED AREA: GLENWOOD                                
    YEAR: 2024
    PRECIP STATION: GLENWOOD-MULE CREEK (USES GLENWOOD RANGE
    TEMP STATION: GLENWOOD-MULE CREEK (USES GLENWOOD RANGE

    DATE OF LAST SPRING MINIMUM OF 28 DEGREES OR BELOW: APR  7
    DATE OF LAST SPRING MINIMUM OF 32 DEGREES OR BELOW: APR 10
    DATE OF FIRST FALL MINIMUM OF 32 DEGREES OR BELOW: OCT 30
    DATE OF FIRST FALL MINIMUM OF 28 DEGREES OR BELOW: OCT 30



    TABLE  1. MONTHLY CIR FOR:     Pasture (Improved)  
    GROWING SEASON: FEB 28 TO DEC  1, LENGTH 278 DAYS
    ================================================================
    MONTH DAYS TEMP  RAIN LIGHT     F   Kc   Kt   ETc    Re   CIR
    ================================================================
    FEB      2 45.0  1.68   0.5  0.21 0.64 0.46  0.06  0.06  0.00
    MAR     31 46.5  1.97   8.4  3.91 0.75 0.49  1.43  1.22  0.22
    APR     30 54.4  0.10   8.8  4.79 0.86 0.63  2.57  0.00  2.57
    MAY     31 63.3  0.05   9.7  6.14 0.90 0.78  4.32  0.00  4.32
    JUN     30 75.7  1.05   9.6  7.29 0.92 1.00  6.68  0.91  5.78
    JUL     31 77.9  3.39   9.8  7.66 0.92 1.03  7.31  2.75  4.57
    AUG     31 77.4  1.47   9.3  7.20 0.90 1.03  6.66  1.25  5.42
    SEP     30 69.1  1.31   8.4  5.80 0.87 0.88  4.44  0.99  3.45
    OCT     31 62.5  0.38   7.9  4.94 0.79 0.77  2.98  0.24  2.74
    NOV     30 45.6  0.41   7.1  3.22 0.67 0.47  1.02  0.24  0.78
    DEC      1 45.0  0.00   0.2  0.10 0.60 0.46  0.03  0.00  0.03
     TOTAL 278      11.81                       37.53  7.65 29.88 IN
                                                             2.49 FT
    ================================================================



    TABLE  2. MONTHLY CIR FOR:     Orchard  (no ground 
    GROWING SEASON: MAR 29 TO DEC  1, LENGTH 248 DAYS
    ================================================================
    MONTH DAYS TEMP  RAIN LIGHT     F   Kc   Kt   ETc    Re   CIR
    ================================================================
    MAR      3 50.2  1.97   0.8  0.41 0.49 0.55  0.11  0.11  0.00
    APR     30 54.4  0.10   8.8  4.79 0.61 0.63  1.83  0.00  1.83
    MAY     31 63.3  0.05   9.7  6.14 0.88 0.78  4.21  0.00  4.21
    JUN     30 75.7  1.05   9.6  7.29 0.96 1.00  6.97  0.92  6.05
    JUL     31 77.9  3.39   9.8  7.66 0.96 1.03  7.56  2.78  4.78
    AUG     31 77.4  1.47   9.3  7.20 0.81 1.03  6.01  1.20  4.81
    SEP     30 69.1  1.31   8.4  5.80 0.55 0.88  2.81  0.90  1.91
    OCT     31 62.5  0.38   7.9  4.94 0.28 0.77  1.07  0.22  0.85
    NOV     30 45.6  0.41   7.1  3.22 0.18 0.47  0.27  0.23  0.05
    DEC      1 45.0  0.00   0.2  0.10 0.16 0.46  0.01  0.00  0.01
     TOTAL 248      10.13                       30.86  6.36 24.50 IN
                                                             2.04 FT
    ================================================================
 
 
 
 
 
 
 
 
 
 
 
 



    TABLE  3. MONTHLY CIR FOR:     Alfalfa             
    GROWING SEASON: MAR 29 TO OCT 30, LENGTH 216 DAYS
    ================================================================
    MONTH DAYS TEMP  RAIN LIGHT     F   Kc   Kt   ETc    Re   CIR
    ================================================================
    MAR      3 50.2  1.97   0.8  0.41 0.92 0.55  0.21  0.11  0.10
    APR     30 54.4  0.10   8.8  4.79 0.99 0.63  2.98  0.00  2.98
    MAY     31 63.3  0.05   9.7  6.14 1.09 0.78  5.24  0.00  5.24
    JUN     30 75.7  1.05   9.6  7.29 1.13 1.00  8.24  0.99  7.25
    JUL     31 77.9  3.39   9.8  7.66 1.11 1.03  8.80  2.98  5.82
    AUG     31 77.4  1.47   9.3  7.20 1.06 1.03  7.83  1.33  6.50
    SEP     30 69.1  1.31   8.4  5.80 0.99 0.88  5.05  1.02  4.03
    OCT     30 62.6  0.38   7.6  4.79 0.90 0.77  3.31  0.24  3.08
     TOTAL 216       9.72                       41.67  6.67 35.00 IN
                                                             2.92 FT
    ================================================================



    TABLE  4. MONTHLY CIR FOR:      Pre-watered July pl
    GROWING SEASON: JUL  1 TO NOV 15, LENGTH 138 DAYS
    ================================================================
    MONTH DAYS TEMP  RAIN LIGHT     F   Kc   Kt   ETc    Re   CIR
    ================================================================
    JUL     31 77.9  3.39   9.8  7.66 0.92 1.03  7.28  2.74  4.54
    AUG     31 77.4  1.47   9.3  7.20 0.91 1.03  6.70  1.25  5.45
    SEP     30 69.1  1.31   8.4  5.80 0.87 0.88  4.44  0.99  3.45
    OCT     31 62.5  0.38   7.9  4.94 0.78 0.77  2.96  0.24  2.72
    NOV     15 49.5  0.41   3.5  1.75 0.69 0.54  0.66  0.12  0.54
     TOTAL 138       6.96                       22.03  5.33 16.70 IN
                                                             1.39 FT
    ================================================================



    TABLE  5. MONTHLY CIR FOR:     Misc. Vegetable     
    GROWING SEASON: APR 10 TO OCT 30, LENGTH 204 DAYS
    ================================================================
    MONTH DAYS TEMP  RAIN LIGHT     F   Kc   Kt   ETc    Re   CIR
    ================================================================
    APR     21 55.8  0.10   6.2  3.44 0.33 0.65  0.74  0.00  0.74
    MAY     31 63.3  0.05   9.7  6.14 0.53 0.78  2.52  0.00  2.52
    JUN     30 75.7  1.05   9.6  7.29 0.72 1.00  5.22  0.83  4.38
    JUL     31 77.9  3.39   9.8  7.66 0.81 1.03  6.42  2.61  3.81
    AUG     31 77.4  1.47   9.3  7.20 0.82 1.03  6.08  1.21  4.87
    SEP     30 69.1  1.31   8.4  5.80 0.74 0.88  3.77  0.95  2.82
    OCT     30 62.6  0.38   7.6  4.79 0.54 0.77  1.98  0.22  1.76
     TOTAL 204       7.75                       26.73  5.83 20.91 IN
                                                             1.74 FT
    ================================================================
 
 
 
 
 
 
 
 
 
 
 
 
 
 
 


    TABLE  6. MONTHLY CIR FOR:      Winter Small Grain(
    GROWING SEASON: SPRING, FEB 28 TO JUL  5, LENGTH 129 DAYS
                        FALL,   SEP  1 TO DEC  1, LENGTH  92 DAYS
    ================================================================
    MONTH DAYS TEMP  RAIN LIGHT     F   Kc   Kt   ETc    Re   CIR
    ================================================================
    FEB      2 45.0  1.68   0.5  0.21 1.36 0.46  0.14  0.07  0.07
    MAR     31 46.5  1.97   8.4  3.91 1.36 0.49  2.61  1.30  1.30
    APR     30 54.4  0.10   8.8  4.79 1.33 0.63  3.98  0.00  3.98
    MAY     31 63.3  0.05   9.7  6.14 1.16 0.78  5.56  0.00  5.56
    JUN     30 75.7  1.05   9.6  7.29 0.42 1.00  3.03  0.74  2.29
    JUL      5 77.0  3.39   1.6  1.22 0.04 1.02  0.05  0.05  0.00
    SEP     30 69.0  1.31   8.4  5.80 0.40 0.88  2.05  0.86  1.19
    OCT     31 62.5  0.38   7.9  4.94 0.84 0.77  3.19  0.24  2.95
    NOV     30 45.6  0.41   7.1  3.22 1.21 0.47  1.85  0.25  1.60
    DEC      1 45.0  0.00   0.2  0.10 1.36 0.46  0.06  0.00  0.06
     TOTAL 221      10.34                       22.52  3.52 19.00 IN
                                                             1.58 FT
    ================================================================



    TABLE  7. MONTHLY CIR FOR:     Spring Small Grains 
    GROWING SEASON: APR 10 TO JUL 25, LENGTH 107 DAYS
    ================================================================
    MONTH DAYS TEMP  RAIN LIGHT     F   Kc   Kt   ETc    Re   CIR
    ================================================================
    APR     21 55.8  0.10   6.2  3.44 0.46 0.65  1.02  0.00  1.02
    MAY     31 63.3  0.05   9.7  6.14 1.02 0.78  4.90  0.00  4.90
    JUN     30 75.7  1.05   9.6  7.29 1.22 1.00  8.88  1.02  7.85
    JUL     25 77.7  3.39   7.9  6.16 0.37 1.03  2.33  1.68  0.65
     TOTAL 107       4.59                       17.13  2.70 14.43 IN
                                                             1.20 FT
    ================================================================



    TABLE  8. MONTHLY CIR FOR:      Pasture(native)    
    GROWING SEASON: FEB 28 TO DEC  1, LENGTH 278 DAYS
    ================================================================
    MONTH DAYS TEMP  RAIN LIGHT     F   Kc   Kt   ETc    Re   CIR
    ================================================================
    FEB      2 45.0  1.68   0.5  0.21 0.65 0.46  0.06  0.06  0.00
    MAR     31 46.5  1.97   8.4  3.91 0.74 0.49  1.41  1.22  0.20
    APR     30 54.4  0.10   8.8  4.79 0.85 0.63  2.56  0.00  2.56
    MAY     31 63.3  0.05   9.7  6.14 0.90 0.78  4.32  0.00  4.32
    JUN     30 75.7  1.05   9.6  7.29 0.92 1.00  6.68  0.90  5.77
    JUL     31 77.9  3.39   9.8  7.66 0.92 1.03  7.28  2.74  4.54
    AUG     31 77.4  1.47   9.3  7.20 0.91 1.03  6.70  1.25  5.45
    SEP     30 69.1  1.31   8.4  5.80 0.87 0.88  4.44  0.99  3.45
    OCT     31 62.5  0.38   7.9  4.94 0.78 0.77  2.96  0.24  2.72
    NOV     30 45.6  0.41   7.1  3.22 0.67 0.47  1.02  0.24  0.78
    DEC      1 45.0  0.00   0.2  0.10 0.60 0.46  0.03  0.00  0.03
     TOTAL 278      11.81                       37.46  7.64 29.81 IN
                                                             2.48 FT
    ================================================================
 
 
 
 
 
 
 
 
 
 



    TABLE  9. MONTHLY CIR FOR:      Pasture (Unimproved
    GROWING SEASON: FEB 28 TO DEC  1, LENGTH 278 DAYS
    ================================================================
    MONTH DAYS TEMP  RAIN LIGHT     F   Kc   Kt   ETc    Re   CIR
    ================================================================
    FEB      2 45.0  1.68   0.5  0.21 0.65 0.46  0.06  0.06  0.00
    MAR     31 46.5  1.97   8.4  3.91 0.74 0.49  1.41  1.22  0.20
    APR     30 54.4  0.10   8.8  4.79 0.85 0.63  2.56  0.00  2.56
    MAY     31 63.3  0.05   9.7  6.14 0.90 0.78  4.32  0.00  4.32
    JUN     30 75.7  1.05   9.6  7.29 0.92 1.00  6.68  0.90  5.77
    JUL     31 77.9  3.39   9.8  7.66 0.92 1.03  7.28  2.74  4.54
    AUG     31 77.4  1.47   9.3  7.20 0.91 1.03  6.70  1.25  5.45
    SEP     30 69.1  1.31   8.4  5.80 0.87 0.88  4.44  0.99  3.45
    OCT     31 62.5  0.38   7.9  4.94 0.78 0.77  2.96  0.24  2.72
    NOV     30 45.6  0.41   7.1  3.22 0.67 0.47  1.02  0.24  0.78
    DEC      1 45.0  0.00   0.2  0.10 0.60 0.46  0.03  0.00  0.03
     TOTAL 278      11.81                       37.46  7.64 29.81 IN
                                                             2.48 FT
    ================================================================



    TABLE 10. MONTHLY CIR FOR:     Corn (grain)        
    GROWING SEASON: JUN 10 TO SEP 30, LENGTH 113 DAYS
    ================================================================
    MONTH DAYS TEMP  RAIN LIGHT     F   Kc   Kt   ETc    Re   CIR
    ================================================================
    JUN     21 76.1  1.05   6.7  5.13 0.49 1.00  2.50  0.50  1.99
    JUL     31 77.9  3.39   9.8  7.66 0.76 1.03  6.02  2.56  3.47
    AUG     31 77.4  1.47   9.3  7.20 1.08 1.03  7.97  1.34  6.63
    SEP     30 69.1  1.31   8.4  5.80 0.96 0.88  4.89  1.01  3.88
     TOTAL 113       7.22                       21.38  5.41 15.97 IN
                                                             1.33 FT
    ================================================================



    TABLE 11. MONTHLY CIR FOR:      Sorghum (grain)    
    GROWING SEASON: MAY  5 TO SEP 11, LENGTH 130 DAYS
    ================================================================
    MONTH DAYS TEMP  RAIN LIGHT     F   Kc   Kt   ETc    Re   CIR
    ================================================================
    MAY     27 64.1  0.05   8.4  5.42 0.39 0.80  1.67  0.00  1.67
    JUN     30 75.7  1.05   9.6  7.29 0.87 1.00  6.34  0.89  5.46
    JUL     31 77.9  3.39   9.8  7.66 1.02 1.03  8.11  2.87  5.23
    AUG     31 77.4  1.47   9.3  7.20 0.76 1.03  5.64  1.18  4.46
    SEP     11 71.6  1.31   3.1  2.20 0.60 0.92  1.22  0.30  0.92
     TOTAL 130       7.27                       22.98  5.24 17.74 IN
                                                             1.48 FT
    ================================================================
 
 
 
 
 
 
 
 
 
 
 
 
 
 
 



    TABLE 12. MONTHLY CIR FOR:      Melons             
    GROWING SEASON: MAY  5 TO OCT 30, LENGTH 179 DAYS
    ================================================================
    MONTH DAYS TEMP  RAIN LIGHT     F   Kc   Kt   ETc    Re   CIR
    ================================================================
    MAY     27 64.1  0.05   8.4  5.42 0.47 0.80  2.03  0.00  2.03
    JUN     30 75.7  1.05   9.6  7.29 0.59 1.00  4.29  0.79  3.50
    JUL     31 77.9  3.39   9.8  7.66 0.76 1.03  6.04  2.56  3.48
    AUG     31 77.4  1.47   9.3  7.20 0.81 1.03  5.99  1.20  4.79
    SEP     30 69.1  1.31   8.4  5.80 0.77 0.88  3.92  0.96  2.96
    OCT     30 62.6  0.38   7.6  4.79 0.71 0.77  2.60  0.23  2.37
     TOTAL 179       7.65                       24.86  5.74 19.12 IN
                                                             1.59 FT
    ================================================================



    TABLE 13. MONTHLY CIR FOR:      Turfgrass (Warm Sea
    GROWING SEASON: MAR 29 TO NOV  7, LENGTH 224 DAYS
    ================================================================
    MONTH DAYS TEMP  RAIN LIGHT     F   Kc   Kt   ETc    Re   CIR
    ================================================================
    MAR      3 50.2  1.97   0.8  0.41 0.79 0.55  0.18  0.11  0.07
    APR     30 54.4  0.10   8.8  4.79 0.85 0.63  2.56  0.00  2.56
    MAY     31 63.3  0.05   9.7  6.14 0.90 0.78  4.32  0.00  4.32
    JUN     30 75.7  1.05   9.6  7.29 0.92 1.00  6.68  0.90  5.77
    JUL     31 77.9  3.39   9.8  7.66 0.92 1.03  7.28  2.74  4.54
    AUG     31 77.4  1.47   9.3  7.20 0.91 1.03  6.70  1.25  5.45
    SEP     30 69.1  1.31   8.4  5.80 0.87 0.88  4.44  0.99  3.45
    OCT     31 62.5  0.38   7.9  4.94 0.78 0.77  2.96  0.24  2.72
    NOV      7 51.8  0.41   1.6  0.85 0.71 0.58  0.35  0.05  0.30
     TOTAL 224      10.13                       35.46  6.29 29.18 IN
                                                             2.43 FT
    ================================================================



    TABLE 14. MONTHLY CIR FOR:      Pecan Orchards     
    GROWING SEASON: MAY  5 TO OCT 30, LENGTH 179 DAYS
    ================================================================
    MONTH DAYS TEMP  RAIN LIGHT     F   Kc   Kt   ETc    Re   CIR
    ================================================================
    MAY     27 64.1  0.05   8.4  5.42 1.08 0.80  4.67  0.00  4.67
    JUN     30 75.7  1.05   9.6  7.29 1.17 1.00  8.49  1.00  7.49
    JUL     31 77.9  3.39   9.8  7.66 1.15 1.03  9.10  3.03  6.07
    AUG     31 77.4  1.47   9.3  7.20 0.98 1.03  7.22  1.29  5.93
    SEP     30 69.1  1.31   8.4  5.80 0.65 0.88  3.33  0.93  2.40
    OCT     30 62.6  0.38   7.6  4.79 0.36 0.77  1.34  0.21  1.13
     TOTAL 179       7.65                       34.14  6.46 27.68 IN
                                                             2.31 FT
    ================================================================
 
 
 
 
 
 
 
 
 
 
 
 
 
 



    TABLE 15. MONTHLY CIR FOR:      Misc.Field Crops   
    GROWING SEASON: APR 10 TO OCT 30, LENGTH 204 DAYS
    ================================================================
    MONTH DAYS TEMP  RAIN LIGHT     F   Kc   Kt   ETc    Re   CIR
    ================================================================
    APR     21 55.8  0.10   6.2  3.44 0.34 0.65  0.77  0.00  0.77
    MAY     31 63.3  0.05   9.7  6.14 0.52 0.78  2.51  0.00  2.51
    JUN     30 75.7  1.05   9.6  7.29 0.72 1.00  5.19  0.83  4.36
    JUL     31 77.9  3.39   9.8  7.66 0.80 1.03  6.36  2.60  3.76
    AUG     31 77.4  1.47   9.3  7.20 0.82 1.03  6.06  1.21  4.85
    SEP     30 69.1  1.31   8.4  5.80 0.74 0.88  3.77  0.95  2.82
    OCT     30 62.6  0.38   7.6  4.79 0.53 0.77  1.94  0.22  1.72
     TOTAL 204       7.75                       26.60  5.81 20.79 IN
                                                             1.73 FT
    ================================================================


    TABLE 16. WEIGHTED ANNUAL CIR FOR CROPPING PATTERN
    ==================================================================
    CROP                        ACRES      CDR      CIR     WCIR
    ==================================================================
        Pasture (Improved)      377.0    0.531    29.88    15.87
        Orchard  (no ground       1.4    0.002    24.50     0.05
        Alfalfa                   0.0    0.000    35.00     0.00
         Pre-watered July pl      0.0    0.000    16.70     0.00
        Misc. Vegetable           6.4    0.009    20.91     0.19
         Winter Small Grain(      0.0    0.000    19.00     0.00
        Spring Small Grains       0.0    0.000    14.43     0.00
         Pasture(native)        288.2    0.406    29.81    12.10
         Pasture (Unimproved      0.0    0.000    29.81     0.00
        Corn (grain)              0.0    0.000    15.97     0.00
         Sorghum (grain)          0.0    0.000    17.74     0.00
         Melons                   0.0    0.000    19.12     0.00
         Turfgrass (Warm Sea     36.9    0.052    29.18     1.52
         Pecan Orchards           0.0    0.000    27.68     0.00
         Misc.Field Crops         0.0    0.000    20.79     0.00
                       TOTAL    709.9    1.000             29.72 IN
                                                            2.48 FT
    ==================================================================
    NOTE: THE WEIGHTED CONSUMPTIVE IRRIGATION REQUIREMENT (WCIR)
    FOR EACH CROP IS COMPUTED BY MULTIPLYING THE CONSUMPTIVE IRR-
    IGATION REQUIREMENT (CIR) BY THE CROP DISTRIBUTION RATIO
    (CDR). IF WINTER WHEAT IS IN THE CROP PATTERN, THE CDR IS
    BASED ON THE ACRES OF THAT CROP HARVESTED IN THE SUMMER.


    TABLE 17. WEIGHTED MONTHLY CIRS IN INCHES FOR CROPPING PATTERN
    ================================================================================
     JAN   FEB   MAR   APR   MAY   JUN   JUL   AUG   SEP   OCT   NOV   DEC   TOTAL
     0.00  0.00  0.20  2.55  4.31  5.76  4.55  5.42  3.44  2.72  0.75  0.03  29.72
    ================================================================================
 
 
 
 
 
 
 
 
 
 
 
 
 
 
       THE SCS MODIFIED BLANEY-CRIDDLE METHOD
     (EFFECTIVE RAINFALL BASED ON THE  SCS METHOD)

 Gila-San Francisco 1968-2024 CU xirrigcu program MBC SCS rain                   
    IRRIGATED AREA: UPPER GILA                              
    YEAR: 2024
    PRECIP STATION: UPPER GILA (USES GILA HOT SPRINGS STATIO
    TEMP STATION: UPPER GILA (USES GILA HOT SPRINGS STATIO

    DATE OF LAST SPRING MINIMUM OF 28 DEGREES OR BELOW: APR  7
    DATE OF LAST SPRING MINIMUM OF 32 DEGREES OR BELOW: APR 17
    DATE OF FIRST FALL MINIMUM OF 32 DEGREES OR BELOW: OCT 21
    DATE OF FIRST FALL MINIMUM OF 28 DEGREES OR BELOW: OCT 30



    TABLE  1. MONTHLY CIR FOR:     Pasture (Improved)  
    GROWING SEASON: MAR 17 TO NOV 10, LENGTH 239 DAYS
    ================================================================
    MONTH DAYS TEMP  RAIN LIGHT     F   Kc   Kt   ETc    Re   CIR
    ================================================================
    MAR     15 46.4  1.03   4.1  1.89 0.78 0.49  0.72  0.31  0.41
    APR     30 51.1  0.18   8.8  4.50 0.86 0.57  2.20  0.06  2.13
    MAY     31 59.4  0.15   9.7  5.76 0.90 0.71  3.71  0.04  3.67
    JUN     30 72.9  2.48   9.6  7.01 0.92 0.95  6.11  1.95  4.17
    JUL     31 73.3  2.93   9.8  7.20 0.92 0.95  6.34  2.29  4.06
    AUG     31 72.7  2.75   9.3  6.76 0.90 0.94  5.76  2.09  3.67
    SEP     30 64.8  0.44   8.4  5.44 0.87 0.81  3.81  0.30  3.51
    OCT     31 58.3  0.41   7.9  4.61 0.79 0.69  2.52  0.26  2.26
    NOV     10 47.6  0.53   2.4  1.12 0.71 0.51  0.41  0.10  0.30
     TOTAL 239      10.90                       31.59  7.41 24.18 IN
                                                             2.01 FT
    ================================================================



    TABLE  2. MONTHLY CIR FOR:     Orchard  (no ground 
    GROWING SEASON: APR 10 TO NOV 10, LENGTH 215 DAYS
    ================================================================
    MONTH DAYS TEMP  RAIN LIGHT     F   Kc   Kt   ETc    Re   CIR
    ================================================================
    APR     21 52.4  0.18   6.2  3.23 0.66 0.59  1.26  0.04  1.21
    MAY     31 59.4  0.15   9.7  5.76 0.88 0.71  3.61  0.04  3.57
    JUN     30 72.9  2.48   9.6  7.01 0.96 0.95  6.38  1.98  4.40
    JUL     31 73.3  2.93   9.8  7.20 0.96 0.95  6.56  2.32  4.24
    AUG     31 72.7  2.75   9.3  6.76 0.81 0.94  5.20  2.03  3.17
    SEP     30 64.8  0.44   8.4  5.44 0.55 0.81  2.41  0.28  2.13
    OCT     31 58.3  0.41   7.9  4.61 0.28 0.69  0.90  0.24  0.67
    NOV     10 47.6  0.53   2.4  1.12 0.20 0.51  0.12  0.10  0.01
     TOTAL 215       9.87                       26.44  7.03 19.42 IN
                                                             1.62 FT
    ================================================================
 
 
 
 
 
 
 
 
 
 
 
 
 
 
 
 



    TABLE  3. MONTHLY CIR FOR:      Pre-watered July pl
    GROWING SEASON: JUL  1 TO NOV 10, LENGTH 133 DAYS
    ================================================================
    MONTH DAYS TEMP  RAIN LIGHT     F   Kc   Kt   ETc    Re   CIR
    ================================================================
    JUL     31 73.3  2.93   9.8  7.20 0.92 0.95  6.31  2.28  4.03
    AUG     31 72.7  2.75   9.3  6.76 0.91 0.94  5.79  2.10  3.69
    SEP     30 64.8  0.44   8.4  5.44 0.87 0.81  3.81  0.30  3.51
    OCT     31 58.3  0.41   7.9  4.61 0.78 0.69  2.50  0.26  2.24
    NOV     10 47.6  0.53   2.4  1.12 0.70 0.51  0.40  0.10  0.30
     TOTAL 133       7.06                       18.82  5.05 13.77 IN
                                                             1.15 FT
    ================================================================



    TABLE  4. MONTHLY CIR FOR:     Sod (cool season)   
    GROWING SEASON: MAR 17 TO NOV 10, LENGTH 239 DAYS
    ================================================================
    MONTH DAYS TEMP  RAIN LIGHT     F   Kc   Kt   ETc    Re   CIR
    ================================================================
    MAR     15 46.4  1.03   4.1  1.89 1.13 0.49  1.04  0.31  0.73
    APR     30 51.1  0.18   8.8  4.50 1.35 0.57  3.46  0.07  3.39
    MAY     31 59.4  0.15   9.7  5.76 1.30 0.71  5.33  0.04  5.29
    JUN     30 72.9  2.48   9.6  7.01 1.25 0.95  8.31  2.20  6.11
    JUL     31 73.3  2.93   9.8  7.20 0.98 0.95  6.71  2.34  4.38
    AUG     31 72.7  2.75   9.3  6.76 0.80 0.94  5.09  2.02  3.07
    SEP     30 64.8  0.44   8.4  5.44 0.78 0.81  3.42  0.30  3.12
    OCT     31 58.3  0.41   7.9  4.61 1.02 0.69  3.27  0.27  3.00
    NOV     10 47.6  0.53   2.4  1.12 0.94 0.51  0.53  0.10  0.43
     TOTAL 239      10.90                       37.17  7.65 29.52 IN
                                                             2.46 FT
    ================================================================



    TABLE  5. MONTHLY CIR FOR:     Alfalfa             
    GROWING SEASON: APR 10 TO OCT 30, LENGTH 204 DAYS
    ================================================================
    MONTH DAYS TEMP  RAIN LIGHT     F   Kc   Kt   ETc    Re   CIR
    ================================================================
    APR     21 52.4  0.18   6.2  3.23 1.01 0.59  1.94  0.04  1.89
    MAY     31 59.4  0.15   9.7  5.76 1.09 0.71  4.50  0.04  4.45
    JUN     30 72.9  2.48   9.6  7.01 1.13 0.95  7.54  2.11  5.43
    JUL     31 73.3  2.93   9.8  7.20 1.11 0.95  7.64  2.46  5.18
    AUG     31 72.7  2.75   9.3  6.76 1.06 0.94  6.77  2.22  4.55
    SEP     30 64.8  0.44   8.4  5.44 0.99 0.81  4.34  0.31  4.03
    OCT     30 58.4  0.41   7.6  4.47 0.90 0.70  2.80  0.25  2.54
     TOTAL 204       9.34                       35.51  7.44 28.08 IN
                                                             2.34 FT
    ================================================================
 
 
 
 
 
 
 
 
 
 
 
 
 
 



    TABLE  6. MONTHLY CIR FOR:      Pasture (Unimproved
    GROWING SEASON: MAR 17 TO NOV 10, LENGTH 239 DAYS
    ================================================================
    MONTH DAYS TEMP  RAIN LIGHT     F   Kc   Kt   ETc    Re   CIR
    ================================================================
    MAR     15 46.4  1.03   4.1  1.89 0.77 0.49  0.71  0.31  0.40
    APR     30 51.1  0.18   8.8  4.50 0.85 0.57  2.18  0.06  2.12
    MAY     31 59.4  0.15   9.7  5.76 0.90 0.71  3.71  0.04  3.67
    JUN     30 72.9  2.48   9.6  7.01 0.92 0.95  6.11  1.95  4.16
    JUL     31 73.3  2.93   9.8  7.20 0.92 0.95  6.31  2.28  4.03
    AUG     31 72.7  2.75   9.3  6.76 0.91 0.94  5.79  2.10  3.69
    SEP     30 64.8  0.44   8.4  5.44 0.87 0.81  3.81  0.30  3.51
    OCT     31 58.3  0.41   7.9  4.61 0.78 0.69  2.50  0.26  2.24
    NOV     10 47.6  0.53   2.4  1.12 0.70 0.51  0.40  0.10  0.30
     TOTAL 239      10.90                       31.53  7.41 24.12 IN
                                                             2.01 FT
    ================================================================



    TABLE  7. MONTHLY CIR FOR:      Pasture(native)    
    GROWING SEASON: MAR 17 TO NOV 10, LENGTH 239 DAYS
    ================================================================
    MONTH DAYS TEMP  RAIN LIGHT     F   Kc   Kt   ETc    Re   CIR
    ================================================================
    MAR     15 46.4  1.03   4.1  1.89 0.77 0.49  0.71  0.31  0.40
    APR     30 51.1  0.18   8.8  4.50 0.85 0.57  2.18  0.06  2.12
    MAY     31 59.4  0.15   9.7  5.76 0.90 0.71  3.71  0.04  3.67
    JUN     30 72.9  2.48   9.6  7.01 0.92 0.95  6.11  1.95  4.16
    JUL     31 73.3  2.93   9.8  7.20 0.92 0.95  6.31  2.28  4.03
    AUG     31 72.7  2.75   9.3  6.76 0.91 0.94  5.79  2.10  3.69
    SEP     30 64.8  0.44   8.4  5.44 0.87 0.81  3.81  0.30  3.51
    OCT     31 58.3  0.41   7.9  4.61 0.78 0.69  2.50  0.26  2.24
    NOV     10 47.6  0.53   2.4  1.12 0.70 0.51  0.40  0.10  0.30
     TOTAL 239      10.90                       31.53  7.41 24.12 IN
                                                             2.01 FT
    ================================================================



    TABLE  8. MONTHLY CIR FOR:      Sorghum (grain)    
    GROWING SEASON: MAY 17 TO SEP 23, LENGTH 130 DAYS
    ================================================================
    MONTH DAYS TEMP  RAIN LIGHT     F   Kc   Kt   ETc    Re   CIR
    ================================================================
    MAY     15 63.0  0.15   4.7  2.96 0.35 0.78  0.79  0.02  0.78
    JUN     30 72.9  2.48   9.6  7.01 0.67 0.95  4.46  1.78  2.68
    JUL     31 73.3  2.93   9.8  7.20 1.05 0.95  7.23  2.40  4.83
    AUG     31 72.7  2.75   9.3  6.76 0.88 0.94  5.59  2.07  3.51
    SEP     23 65.6  0.44   6.4  4.22 0.64 0.82  2.22  0.21  2.00
     TOTAL 130       8.75                       20.28  6.48 13.80 IN
                                                             1.15 FT
    ================================================================
 
 
 
 
 
 
 
 
 
 
 
 



    TABLE  9. MONTHLY CIR FOR:     Misc. Vegetable     
    GROWING SEASON: APR 17 TO OCT 21, LENGTH 188 DAYS
    ================================================================
    MONTH DAYS TEMP  RAIN LIGHT     F   Kc   Kt   ETc    Re   CIR
    ================================================================
    APR     14 53.4  0.18   4.1  2.19 0.32 0.61  0.43  0.03  0.40
    MAY     31 59.4  0.15   9.7  5.76 0.49 0.71  2.02  0.04  1.98
    JUN     30 72.9  2.48   9.6  7.01 0.71 0.95  4.71  1.80  2.91
    JUL     31 73.3  2.93   9.8  7.20 0.81 0.95  5.58  2.19  3.39
    AUG     31 72.7  2.75   9.3  6.76 0.82 0.94  5.24  2.03  3.20
    SEP     30 64.8  0.44   8.4  5.44 0.71 0.81  3.12  0.29  2.83
    OCT     21 59.3  0.41   5.4  3.18 0.51 0.71  1.15  0.16  0.99
     TOTAL 188       9.34                       22.24  6.55 15.70 IN
                                                             1.31 FT
    ================================================================



    TABLE 10. MONTHLY CIR FOR:     Spring Small Grains 
    GROWING SEASON: MAR 17 TO JUL  1, LENGTH 107 DAYS
    ================================================================
    MONTH DAYS TEMP  RAIN LIGHT     F   Kc   Kt   ETc    Re   CIR
    ================================================================
    MAR     15 46.4  1.03   4.1  1.89 0.39 0.49  0.36  0.30  0.06
    APR     30 51.1  0.18   8.8  4.50 0.90 0.57  2.30  0.06  2.23
    MAY     31 59.4  0.15   9.7  5.76 1.30 0.71  5.34  0.04  5.29
    JUN     30 72.9  2.48   9.6  7.01 0.50 0.95  3.31  1.67  1.64
    JUL      1 73.1  2.93   0.3  0.23 0.01 0.95  0.00  0.00  0.00
     TOTAL 107       6.77                       11.31  2.08  9.23 IN
                                                             0.77 FT
    ================================================================


    TABLE 11. WEIGHTED ANNUAL CIR FOR CROPPING PATTERN
    ==================================================================
    CROP                        ACRES      CDR      CIR     WCIR
    ==================================================================
        Pasture (Improved)       30.8    0.383    24.18     9.26
        Orchard  (no ground       1.1    0.014    19.42     0.27
         Pre-watered July pl      0.0    0.000    13.77     0.00
        Sod (cool season)         0.0    0.000    29.52     0.00
        Alfalfa                   0.0    0.000    28.08     0.00
         Pasture (Unimproved      0.0    0.000    24.12     0.00
         Pasture(native)         48.2    0.599    24.12    14.45
         Sorghum (grain)          0.0    0.000    13.80     0.00
        Misc. Vegetable           0.3    0.004    15.70     0.06
        Spring Small Grains       0.0    0.000     9.23     0.00
                       TOTAL     80.4    1.000             24.04 IN
                                                            2.00 FT
    ==================================================================
    NOTE: THE WEIGHTED CONSUMPTIVE IRRIGATION REQUIREMENT (WCIR)
    FOR EACH CROP IS COMPUTED BY MULTIPLYING THE CONSUMPTIVE IRR-
    IGATION REQUIREMENT (CIR) BY THE CROP DISTRIBUTION RATIO
    (CDR). IF WINTER WHEAT IS IN THE CROP PATTERN, THE CDR IS
    BASED ON THE ACRES OF THAT CROP HARVESTED IN THE SUMMER.


    TABLE 12. WEIGHTED MONTHLY CIRS IN INCHES FOR CROPPING PATTERN
    ================================================================================
     JAN   FEB   MAR   APR   MAY   JUN   JUL   AUG   SEP   OCT   NOV   DEC   TOTAL
     0.00  0.00  0.40  2.10  3.66  4.16  4.04  3.67  3.49  2.22  0.29  0.00  24.04
    ================================================================================
 
 
 
       THE SCS MODIFIED BLANEY-CRIDDLE METHOD
     (EFFECTIVE RAINFALL BASED ON THE  SCS METHOD)

 Gila-San Francisco 1968-2024 CU xirrigcu program MBC SCS rain                   
    IRRIGATED AREA: CLIFF-GILA                              
    YEAR: 2024
    PRECIP STATION: CLIFF-GILA-BUCKHORN-DUCK CREEK (USES CLI
    TEMP STATION: CLIFF-GILA-BUCKHORN-DUCK CREEK (USES CLI

    DATE OF LAST SPRING MINIMUM OF 28 DEGREES OR BELOW: APR  7
    DATE OF LAST SPRING MINIMUM OF 32 DEGREES OR BELOW: APR  7
    DATE OF FIRST FALL MINIMUM OF 32 DEGREES OR BELOW: OCT 20
    DATE OF FIRST FALL MINIMUM OF 28 DEGREES OR BELOW: OCT 21



    TABLE  1. MONTHLY CIR FOR:     Pasture (Improved)  
    GROWING SEASON: FEB 10 TO NOV 14, LENGTH 279 DAYS
    ================================================================
    MONTH DAYS TEMP  RAIN LIGHT     F   Kc   Kt   ETc    Re   CIR
    ================================================================
    FEB     20 46.5  2.21   4.8  2.22 0.60 0.49  0.65  0.65  0.00
    MAR     31 49.1  1.52   8.4  4.12 0.75 0.54  1.65  0.97  0.68
    APR     30 56.0  0.14   8.8  4.93 0.86 0.65  2.76  0.03  2.74
    MAY     31 64.9  0.00   9.7  6.28 0.90 0.81  4.58  0.00  4.58
    JUN     30 76.8  0.88   9.6  7.37 0.92 1.01  6.88  0.77  6.12
    JUL     31 79.0  3.45   9.8  7.74 0.92 1.05  7.53  2.82  4.71
    AUG     31 78.5  1.24   9.3  7.30 0.90 1.04  6.88  1.07  5.81
    SEP     30 69.7  0.59   8.4  5.84 0.87 0.89  4.52  0.44  4.08
    OCT     31 61.7  0.24   7.9  4.88 0.79 0.75  2.90  0.12  2.78
    NOV     14 49.0  0.32   3.3  1.62 0.70 0.53  0.61  0.08  0.53
     TOTAL 279      10.59                       38.97  6.96 32.02 IN
                                                             2.67 FT
    ================================================================



    TABLE  2. MONTHLY CIR FOR:     Alfalfa             
    GROWING SEASON: MAR 20 TO OCT 21, LENGTH 216 DAYS
    ================================================================
    MONTH DAYS TEMP  RAIN LIGHT     F   Kc   Kt   ETc    Re   CIR
    ================================================================
    MAR     12 51.3  1.52   3.3  1.67 0.90 0.57  0.86  0.36  0.50
    APR     30 56.0  0.14   8.8  4.93 0.99 0.65  3.21  0.03  3.18
    MAY     31 64.9  0.00   9.7  6.28 1.09 0.81  5.56  0.00  5.56
    JUN     30 76.8  0.88   9.6  7.37 1.13 1.01  8.49  0.84  7.65
    JUL     31 79.0  3.45   9.8  7.74 1.11 1.05  9.06  3.08  5.99
    AUG     31 78.5  1.24   9.3  7.30 1.06 1.04  8.09  1.15  6.94
    SEP     30 69.7  0.59   8.4  5.84 0.99 0.89  5.15  0.46  4.69
    OCT     21 63.0  0.24   5.4  3.38 0.91 0.78  2.40  0.08  2.32
     TOTAL 216       8.06                       42.80  5.99 36.81 IN
                                                             3.07 FT
    ================================================================
 
 
 
 
 
 
 
 
 
 
 
 
 
 
 



    TABLE  3. MONTHLY CIR FOR:     Orchard  (no ground 
    GROWING SEASON: MAR 20 TO NOV 14, LENGTH 240 DAYS
    ================================================================
    MONTH DAYS TEMP  RAIN LIGHT     F   Kc   Kt   ETc    Re   CIR
    ================================================================
    MAR     12 51.3  1.52   3.3  1.67 0.46 0.57  0.44  0.35  0.09
    APR     30 56.0  0.14   8.8  4.93 0.61 0.65  1.97  0.03  1.94
    MAY     31 64.9  0.00   9.7  6.28 0.88 0.81  4.46  0.00  4.46
    JUN     30 76.8  0.88   9.6  7.37 0.96 1.01  7.19  0.78  6.40
    JUL     31 79.0  3.45   9.8  7.74 0.96 1.05  7.79  2.86  4.92
    AUG     31 78.5  1.24   9.3  7.30 0.81 1.04  6.21  1.04  5.17
    SEP     30 69.7  0.59   8.4  5.84 0.55 0.89  2.86  0.40  2.46
    OCT     31 61.7  0.24   7.9  4.88 0.28 0.75  1.04  0.11  0.93
    NOV     14 49.0  0.32   3.3  1.62 0.20 0.53  0.17  0.08  0.10
     TOTAL 240       8.38                       32.13  5.65 26.48 IN
                                                             2.21 FT
    ================================================================


    TABLE  4. MONTHLY CIR FOR:      Winter Small Grain(
    GROWING SEASON: SPRING, FEB 10 TO JUN 30, LENGTH 142 DAYS
                        FALL,   SEP  1 TO NOV 14, LENGTH  75 DAYS
    ================================================================
    MONTH DAYS TEMP  RAIN LIGHT     F   Kc   Kt   ETc    Re   CIR
    ================================================================
    FEB     20 46.5  2.21   4.8  2.22 1.36 0.49  1.48  0.94  0.54
    MAR     31 49.1  1.52   8.4  4.12 1.35 0.54  2.98  1.05  1.93
    APR     30 56.0  0.14   8.8  4.93 1.31 0.65  4.22  0.03  4.19
    MAY     31 64.9  0.00   9.7  6.28 0.97 0.81  4.94  0.00  4.94
    JUN     30 76.8  0.88   9.6  7.37 0.25 1.01  1.86  0.58  1.28
    SEP     30 69.6  0.59   8.4  5.83 0.44 0.89  2.28  0.39  1.89
    OCT     31 61.7  0.24   7.9  4.88 0.98 0.75  3.60  0.13  3.47
    NOV     14 49.0  0.32   3.3  1.62 1.28 0.53  1.11  0.08  1.03
     TOTAL 217       5.90                       22.46  3.19 19.27 IN
                                                             1.61 FT
    ================================================================



    TABLE  5. MONTHLY CIR FOR:     Spring Small Grains 
    GROWING SEASON: MAR 15 TO JUL  1, LENGTH 109 DAYS
    ================================================================
    MONTH DAYS TEMP  RAIN LIGHT     F   Kc   Kt   ETc    Re   CIR
    ================================================================
    MAR     17 50.7  1.52   4.6  2.34 0.41 0.56  0.54  0.50  0.04
    APR     30 56.0  0.14   8.8  4.93 0.93 0.65  2.99  0.03  2.96
    MAY     31 64.9  0.00   9.7  6.28 1.29 0.81  6.56  0.00  6.56
    JUN     30 76.8  0.88   9.6  7.37 0.49 1.01  3.64  0.64  3.00
    JUL      1 77.9  3.45   0.3  0.25 0.01 1.03  0.00  0.00  0.00
     TOTAL 109       5.99                       13.74  1.17 12.57 IN
                                                             1.05 FT
    ================================================================
 
 
 
 
 
 
 
 
 
 
 
 
 



    TABLE  6. MONTHLY CIR FOR:      Turfgrass (Warm Sea
    GROWING SEASON: MAR 20 TO NOV  6, LENGTH 232 DAYS
    ================================================================
    MONTH DAYS TEMP  RAIN LIGHT     F   Kc   Kt   ETc    Re   CIR
    ================================================================
    MAR     12 51.3  1.52   3.3  1.67 0.77 0.57  0.74  0.36  0.38
    APR     30 56.0  0.14   8.8  4.93 0.85 0.65  2.75  0.03  2.72
    MAY     31 64.9  0.00   9.7  6.28 0.90 0.81  4.58  0.00  4.58
    JUN     30 76.8  0.88   9.6  7.37 0.92 1.01  6.88  0.77  6.11
    JUL     31 79.0  3.45   9.8  7.74 0.92 1.05  7.49  2.82  4.68
    AUG     31 78.5  1.24   9.3  7.30 0.91 1.04  6.92  1.08  5.84
    SEP     30 69.7  0.59   8.4  5.84 0.87 0.89  4.52  0.44  4.08
    OCT     31 61.7  0.24   7.9  4.88 0.78 0.75  2.88  0.12  2.76
    NOV      6 51.2  0.32   1.4  0.73 0.71 0.57  0.30  0.03  0.26
     TOTAL 232       8.38                       37.06  5.65 31.41 IN
                                                             2.62 FT
    ================================================================



    TABLE  7. MONTHLY CIR FOR:     Misc. Vegetable     
    GROWING SEASON: APR  7 TO OCT 20, LENGTH 197 DAYS
    ================================================================
    MONTH DAYS TEMP  RAIN LIGHT     F   Kc   Kt   ETc    Re   CIR
    ================================================================
    APR     24 57.0  0.14   7.0  4.01 0.34 0.67  0.93  0.02  0.90
    MAY     31 64.9  0.00   9.7  6.28 0.56 0.81  2.85  0.00  2.85
    JUN     30 76.8  0.88   9.6  7.37 0.74 1.01  5.57  0.71  4.85
    JUL     31 79.0  3.45   9.8  7.74 0.82 1.05  6.70  2.69  4.00
    AUG     31 78.5  1.24   9.3  7.30 0.81 1.04  6.20  1.03  5.16
    SEP     30 69.7  0.59   8.4  5.84 0.69 0.89  3.61  0.42  3.19
    OCT     20 63.1  0.24   5.1  3.22 0.50 0.78  1.26  0.07  1.19
     TOTAL 197       6.54                       27.11  4.96 22.15 IN
                                                             1.85 FT
    ================================================================



    TABLE  8. MONTHLY CIR FOR:      Pecan Orchards     
    GROWING SEASON: APR 29 TO OCT 21, LENGTH 176 DAYS
    ================================================================
    MONTH DAYS TEMP  RAIN LIGHT     F   Kc   Kt   ETc    Re   CIR
    ================================================================
    APR      2 60.2  0.14   0.6  0.35 0.93 0.73  0.24  0.00  0.24
    MAY     31 64.9  0.00   9.7  6.28 1.08 0.81  5.47  0.00  5.47
    JUN     30 76.8  0.88   9.6  7.37 1.17 1.01  8.75  0.85  7.90
    JUL     31 79.0  3.45   9.8  7.74 1.15 1.05  9.37  3.13  6.24
    AUG     31 78.5  1.24   9.3  7.30 0.98 1.04  7.45  1.11  6.35
    SEP     30 69.7  0.59   8.4  5.84 0.65 0.89  3.39  0.42  2.97
    OCT     21 63.0  0.24   5.4  3.38 0.40 0.78  1.05  0.07  0.97
     TOTAL 176       6.54                       35.72  5.58 30.14 IN
                                                             2.51 FT
    ================================================================
 
 
 
 
 
 
 
 
 
 
 
 



    TABLE  9. MONTHLY CIR FOR:      Pasture(native)    
    GROWING SEASON: FEB 10 TO NOV 14, LENGTH 279 DAYS
    ================================================================
    MONTH DAYS TEMP  RAIN LIGHT     F   Kc   Kt   ETc    Re   CIR
    ================================================================
    FEB     20 46.5  2.21   4.8  2.22 0.60 0.49  0.65  0.65  0.00
    MAR     31 49.1  1.52   8.4  4.12 0.74 0.54  1.63  0.97  0.66
    APR     30 56.0  0.14   8.8  4.93 0.85 0.65  2.75  0.03  2.72
    MAY     31 64.9  0.00   9.7  6.28 0.90 0.81  4.58  0.00  4.58
    JUN     30 76.8  0.88   9.6  7.37 0.92 1.01  6.88  0.77  6.11
    JUL     31 79.0  3.45   9.8  7.74 0.92 1.05  7.49  2.82  4.68
    AUG     31 78.5  1.24   9.3  7.30 0.91 1.04  6.92  1.08  5.84
    SEP     30 69.7  0.59   8.4  5.84 0.87 0.89  4.52  0.44  4.08
    OCT     31 61.7  0.24   7.9  4.88 0.78 0.75  2.88  0.12  2.76
    NOV     14 49.0  0.32   3.3  1.62 0.70 0.53  0.60  0.08  0.52
     TOTAL 279      10.59                       38.90  6.95 31.95 IN
                                                             2.66 FT
    ================================================================



    TABLE 10. MONTHLY CIR FOR:     Corn (grain)        
    GROWING SEASON: MAY 20 TO OCT  1, LENGTH 135 DAYS
    ================================================================
    MONTH DAYS TEMP  RAIN LIGHT     F   Kc   Kt   ETc    Re   CIR
    ================================================================
    MAY     12 68.7  0.00   3.7  2.57 0.46 0.87  1.03  0.00  1.03
    JUN     30 76.8  0.88   9.6  7.37 0.58 1.01  4.34  0.67  3.67
    JUL     31 79.0  3.45   9.8  7.74 0.97 1.05  7.88  2.88  5.00
    AUG     31 78.5  1.24   9.3  7.30 1.08 1.04  8.21  1.16  7.06
    SEP     30 69.7  0.59   8.4  5.84 0.94 0.89  4.92  0.45  4.47
    OCT      1 65.6  0.24   0.3  0.17 0.85 0.82  0.12  0.00  0.11
     TOTAL 135       6.40                       26.50  5.16 21.34 IN
                                                             1.78 FT
    ================================================================



    TABLE 11. MONTHLY CIR FOR:      Sorghum (grain)    
    GROWING SEASON: APR 29 TO SEP  5, LENGTH 130 DAYS
    ================================================================
    MONTH DAYS TEMP  RAIN LIGHT     F   Kc   Kt   ETc    Re   CIR
    ================================================================
    APR      2 60.2  0.14   0.6  0.35 0.31 0.73  0.08  0.00  0.08
    MAY     31 64.9  0.00   9.7  6.28 0.46 0.81  2.32  0.00  2.32
    JUN     30 76.8  0.88   9.6  7.37 0.96 1.01  7.19  0.78  6.41
    JUL     31 79.0  3.45   9.8  7.74 0.99 1.05  8.03  2.90  5.13
    AUG     31 78.5  1.24   9.3  7.30 0.71 1.04  5.44  0.99  4.45
    SEP      5 73.2  0.59   1.4  1.02 0.58 0.95  0.56  0.06  0.50
     TOTAL 130       6.30                       23.62  4.74 18.89 IN
                                                             1.57 FT
    ================================================================
 
 
 
 
 
 
 
 
 
 
 
 
 



    TABLE 12. MONTHLY CIR FOR:      Pasture (Unimproved
    GROWING SEASON: FEB 10 TO NOV 14, LENGTH 279 DAYS
    ================================================================
    MONTH DAYS TEMP  RAIN LIGHT     F   Kc   Kt   ETc    Re   CIR
    ================================================================
    FEB     20 46.5  2.21   4.8  2.22 0.60 0.49  0.65  0.65  0.00
    MAR     31 49.1  1.52   8.4  4.12 0.74 0.54  1.63  0.97  0.66
    APR     30 56.0  0.14   8.8  4.93 0.85 0.65  2.75  0.03  2.72
    MAY     31 64.9  0.00   9.7  6.28 0.90 0.81  4.58  0.00  4.58
    JUN     30 76.8  0.88   9.6  7.37 0.92 1.01  6.88  0.77  6.11
    JUL     31 79.0  3.45   9.8  7.74 0.92 1.05  7.49  2.82  4.68
    AUG     31 78.5  1.24   9.3  7.30 0.91 1.04  6.92  1.08  5.84
    SEP     30 69.7  0.59   8.4  5.84 0.87 0.89  4.52  0.44  4.08
    OCT     31 61.7  0.24   7.9  4.88 0.78 0.75  2.88  0.12  2.76
    NOV     14 49.0  0.32   3.3  1.62 0.70 0.53  0.60  0.08  0.52
     TOTAL 279      10.59                       38.90  6.95 31.95 IN
                                                             2.66 FT
    ================================================================



    TABLE 13. MONTHLY CIR FOR:      Hay(other)         
    GROWING SEASON: FEB 10 TO NOV 14, LENGTH 279 DAYS
    ================================================================
    MONTH DAYS TEMP  RAIN LIGHT     F   Kc   Kt   ETc    Re   CIR
    ================================================================
    FEB     20 46.5  2.21   4.8  2.22 0.60 0.49  0.65  0.65  0.00
    MAR     31 49.1  1.52   8.4  4.12 0.74 0.54  1.63  0.97  0.66
    APR     30 56.0  0.14   8.8  4.93 0.85 0.65  2.75  0.03  2.72
    MAY     31 64.9  0.00   9.7  6.28 0.90 0.81  4.58  0.00  4.58
    JUN     30 76.8  0.88   9.6  7.37 0.92 1.01  6.88  0.77  6.11
    JUL     31 79.0  3.45   9.8  7.74 0.92 1.05  7.49  2.82  4.68
    AUG     31 78.5  1.24   9.3  7.30 0.91 1.04  6.92  1.08  5.84
    SEP     30 69.7  0.59   8.4  5.84 0.87 0.89  4.52  0.44  4.08
    OCT     31 61.7  0.24   7.9  4.88 0.78 0.75  2.88  0.12  2.76
    NOV     14 49.0  0.32   3.3  1.62 0.70 0.53  0.60  0.08  0.52
     TOTAL 279      10.59                       38.90  6.95 31.95 IN
                                                             2.66 FT
    ================================================================



    TABLE 14. MONTHLY CIR FOR:      Sorghum (silage)   
    GROWING SEASON: JUN 10 TO SEP  7, LENGTH  90 DAYS
    ================================================================
    MONTH DAYS TEMP  RAIN LIGHT     F   Kc   Kt   ETc    Re   CIR
    ================================================================
    JUN     21 77.2  0.88   6.7  5.18 0.42 1.02  2.21  0.41  1.79
    JUL     31 79.0  3.45   9.8  7.74 1.02 1.05  8.34  2.95  5.38
    AUG     31 78.5  1.24   9.3  7.30 0.82 1.04  6.25  1.04  5.21
    SEP      7 72.9  0.59   2.0  1.43 0.59 0.95  0.80  0.08  0.72
     TOTAL  90       6.16                       17.60  4.49 13.11 IN
                                                             1.09 FT
    ================================================================
 
 
 
 
 
 
 
 
 
 
 



    TABLE 15. MONTHLY CIR FOR:      Misc.Field Crops   
    GROWING SEASON: APR  7 TO OCT 20, LENGTH 197 DAYS
    ================================================================
    MONTH DAYS TEMP  RAIN LIGHT     F   Kc   Kt   ETc    Re   CIR
    ================================================================
    APR     24 57.0  0.14   7.0  4.01 0.35 0.67  0.95  0.02  0.93
    MAY     31 64.9  0.00   9.7  6.28 0.56 0.81  2.85  0.00  2.85
    JUN     30 76.8  0.88   9.6  7.37 0.74 1.01  5.53  0.71  4.82
    JUL     31 79.0  3.45   9.8  7.74 0.81 1.05  6.62  2.68  3.94
    AUG     31 78.5  1.24   9.3  7.30 0.81 1.04  6.17  1.03  5.14
    SEP     30 69.7  0.59   8.4  5.84 0.69 0.89  3.59  0.42  3.17
    OCT     20 63.1  0.24   5.1  3.22 0.48 0.78  1.21  0.07  1.14
     TOTAL 197       6.54                       26.92  4.94 21.98 IN
                                                             1.83 FT
    ================================================================



    TABLE 16. MONTHLY CIR FOR:      Christmas Trees    
    GROWING SEASON: FEB 10 TO NOV 14, LENGTH 279 DAYS
    ================================================================
    MONTH DAYS TEMP  RAIN LIGHT     F   Kc   Kt   ETc    Re   CIR
    ================================================================
    FEB     20 46.5  2.21   4.8  2.22 0.60 0.49  0.65  0.65  0.00
    MAR     31 49.1  1.52   8.4  4.12 0.74 0.54  1.63  0.97  0.66
    APR     30 56.0  0.14   8.8  4.93 0.85 0.65  2.75  0.03  2.72
    MAY     31 64.9  0.00   9.7  6.28 0.90 0.81  4.58  0.00  4.58
    JUN     30 76.8  0.88   9.6  7.37 0.92 1.01  6.88  0.77  6.11
    JUL     31 79.0  3.45   9.8  7.74 0.92 1.05  7.49  2.82  4.68
    AUG     31 78.5  1.24   9.3  7.30 0.91 1.04  6.92  1.08  5.84
    SEP     30 69.7  0.59   8.4  5.84 0.87 0.89  4.52  0.44  4.08
    OCT     31 61.7  0.24   7.9  4.88 0.78 0.75  2.88  0.12  2.76
    NOV     14 49.0  0.32   3.3  1.62 0.70 0.53  0.60  0.08  0.52
     TOTAL 279      10.59                       38.90  6.95 31.95 IN
                                                             2.66 FT
    ================================================================


    TABLE 17. WEIGHTED ANNUAL CIR FOR CROPPING PATTERN
    ==================================================================
    CROP                        ACRES      CDR      CIR     WCIR
    ==================================================================
        Pasture (Improved)      644.6    0.313    32.02    10.02
        Alfalfa                 121.5    0.059    36.81     2.17
        Orchard  (no ground       2.1    0.001    26.48     0.03
         Winter Small Grain(      0.0    0.000    19.27     0.00
        Spring Small Grains      49.4    0.024    12.57     0.30
         Turfgrass (Warm Sea     72.1    0.035    31.41     1.10
        Misc. Vegetable           6.2    0.003    22.15     0.07
         Pecan Orchards           2.1    0.001    30.14     0.03
         Pasture(native)       1042.1    0.506    31.95    16.16
        Corn (grain)              0.0    0.000    21.34     0.00
         Sorghum (grain)          0.0    0.000    18.89     0.00
         Pasture (Unimproved     28.8    0.014    31.95     0.45
         Hay(other)              90.6    0.044    31.95     1.41
         Sorghum (silage)         0.0    0.000    13.11     0.00
         Misc.Field Crops         0.0    0.000    21.98     0.00
         Christmas Trees          0.0    0.000    31.95     0.00
                       TOTAL   2059.5    1.000             31.73 IN
                                                            2.64 FT
    ==================================================================
    NOTE: THE WEIGHTED CONSUMPTIVE IRRIGATION REQUIREMENT (WCIR)
    FOR EACH CROP IS COMPUTED BY MULTIPLYING THE CONSUMPTIVE IRR-
    IGATION REQUIREMENT (CIR) BY THE CROP DISTRIBUTION RATIO
    (CDR). IF WINTER WHEAT IS IN THE CROP PATTERN, THE CDR IS
    BASED ON THE ACRES OF THAT CROP HARVESTED IN THE SUMMER.


    TABLE 18. WEIGHTED MONTHLY CIRS IN INCHES FOR CROPPING PATTERN
    ================================================================================
     JAN   FEB   MAR   APR   MAY   JUN   JUL   AUG   SEP   OCT   NOV   DEC   TOTAL
     0.00  0.00  0.63  2.75  4.68  6.13  4.65  5.75  4.01  2.66  0.47  0.00  31.73
    ================================================================================
 
 
 
 
 
 
 
 
 
 
 
 
 
 
 
 
 
 
 
 
 
 
 
 
 
 
 
 
 
 
 
 
 
 
 
 
 
 
 
 
 
 
 
 
 
 
 
 
 
 
 
 
 
 
 
 
 
 
 
 
       THE SCS MODIFIED BLANEY-CRIDDLE METHOD
     (EFFECTIVE RAINFALL BASED ON THE  SCS METHOD)

 Gila-San Francisco 1968-2024 CU xirrigcu program MBC SCS rain                   
    IRRIGATED AREA: REDROCK                                 
    YEAR: 2024
    PRECIP STATION: REDROCK (USES REDROCK STATION)          
    TEMP STATION: REDROCK (USES REDROCK STATION)          

    DATE OF LAST SPRING MINIMUM OF 28 DEGREES OR BELOW: APR  7
    DATE OF LAST SPRING MINIMUM OF 32 DEGREES OR BELOW: APR  7
    DATE OF FIRST FALL MINIMUM OF 32 DEGREES OR BELOW: OCT 30
    DATE OF FIRST FALL MINIMUM OF 28 DEGREES OR BELOW: OCT 30



    TABLE  1. MONTHLY CIR FOR:     Pasture (Improved)  
    GROWING SEASON: JAN 29 TO DEC 21, LENGTH 328 DAYS
    ================================================================
    MONTH DAYS TEMP  RAIN LIGHT     F   Kc   Kt   ETc    Re   CIR
    ================================================================
    JAN      3 45.2  1.79   0.7  0.31 0.52 0.47  0.08  0.08  0.00
    FEB     29 48.4  1.62   6.9  3.35 0.57 0.52  1.01  1.00  0.01
    MAR     31 51.4  0.65   8.4  4.32 0.75 0.58  1.86  0.42  1.44
    APR     30 58.4  0.15   8.8  5.14 0.86 0.70  3.07  0.04  3.03
    MAY     31 66.9  0.00   9.7  6.47 0.90 0.84  4.92  0.00  4.92
    JUN     30 78.9  0.54   9.6  7.57 0.92 1.05  7.33  0.47  6.86
    JUL     31 81.5  1.92   9.8  7.99 0.92 1.10  8.09  1.73  6.36
    AUG     31 80.5  1.26   9.3  7.49 0.90 1.08  7.29  1.12  6.18
    SEP     30 72.6  0.29   8.4  6.08 0.87 0.94  4.97  0.19  4.78
    OCT     31 64.6  0.03   7.9  5.12 0.79 0.80  3.24  0.00  3.24
    NOV     30 47.3  0.32   7.1  3.36 0.67 0.50  1.13  0.17  0.96
    DEC     21 46.1  0.00   4.8  2.20 0.56 0.48  0.60  0.00  0.60
     TOTAL 328       8.57                       43.58  5.20 38.37 IN
                                                             3.20 FT
    ================================================================



    TABLE  2. MONTHLY CIR FOR:     Alfalfa             
    GROWING SEASON: MAR  2 TO OCT 30, LENGTH 243 DAYS
    ================================================================
    MONTH DAYS TEMP  RAIN LIGHT     F   Kc   Kt   ETc    Re   CIR
    ================================================================
    MAR     30 51.5  0.65   8.1  4.19 0.86 0.58  2.08  0.42  1.66
    APR     30 58.4  0.15   8.8  5.14 0.99 0.70  3.56  0.04  3.51
    MAY     31 66.9  0.00   9.7  6.47 1.09 0.84  5.97  0.00  5.97
    JUN     30 78.9  0.54   9.6  7.57 1.13 1.05  9.03  0.52  8.52
    JUL     31 81.5  1.92   9.8  7.99 1.11 1.10  9.73  1.89  7.84
    AUG     31 80.5  1.26   9.3  7.49 1.06 1.08  8.57  1.20  7.37
    SEP     30 72.6  0.29   8.4  6.08 0.99 0.94  5.65  0.19  5.46
    OCT     30 64.7  0.03   7.7  4.97 0.90 0.81  3.60  0.00  3.60
     TOTAL 243       4.84                       48.19  4.26 43.93 IN
                                                             3.66 FT
    ================================================================
 
 
 
 
 
 
 
 
 
 
 
 
 



    TABLE  3. MONTHLY CIR FOR:      Sorghum (grain)    
    GROWING SEASON: APR 21 TO AUG 28, LENGTH 130 DAYS
    ================================================================
    MONTH DAYS TEMP  RAIN LIGHT     F   Kc   Kt   ETc    Re   CIR
    ================================================================
    APR     10 61.3  0.15   2.9  1.80 0.33 0.75  0.44  0.01  0.43
    MAY     31 66.9  0.00   9.7  6.47 0.59 0.84  3.23  0.00  3.23
    JUN     30 78.9  0.54   9.6  7.57 1.04 1.05  8.24  0.49  7.75
    JUL     31 81.5  1.92   9.8  7.99 0.92 1.10  8.04  1.72  6.31
    AUG     28 80.5  1.26   8.4  6.77 0.66 1.08  4.81  0.88  3.93
     TOTAL 130       3.87                       24.76  3.10 21.65 IN
                                                             1.80 FT
    ================================================================



    TABLE  4. MONTHLY CIR FOR:     Sod (cool season)   
    GROWING SEASON: JAN 29 TO DEC 21, LENGTH 328 DAYS
    ================================================================
    MONTH DAYS TEMP  RAIN LIGHT     F   Kc   Kt   ETc    Re   CIR
    ================================================================
    JAN      3 45.2  1.79   0.7  0.31 0.58 0.47  0.09  0.09  0.00
    FEB     29 48.4  1.62   6.9  3.35 0.67 0.52  1.18  1.00  0.17
    MAR     31 51.4  0.65   8.4  4.32 1.04 0.58  2.59  0.44  2.14
    APR     30 58.4  0.15   8.8  5.14 1.35 0.70  4.83  0.04  4.78
    MAY     31 66.9  0.00   9.7  6.47 1.30 0.84  7.08  0.00  7.08
    JUN     30 78.9  0.54   9.6  7.57 1.25 1.05  9.96  0.54  9.42
    JUL     31 81.5  1.92   9.8  7.99 0.98 1.10  8.56  1.77  6.79
    AUG     31 80.5  1.26   9.3  7.49 0.80 1.08  6.44  1.06  5.38
    SEP     30 72.6  0.29   8.4  6.08 0.78 0.94  4.46  0.18  4.28
    OCT     31 64.6  0.03   7.9  5.12 1.02 0.80  4.21  0.00  4.21
    NOV     30 47.3  0.32   7.1  3.36 0.90 0.50  1.52  0.18  1.34
    DEC     21 46.1  0.00   4.8  2.20 0.78 0.48  0.83  0.00  0.83
     TOTAL 328       8.57                       51.73  5.31 46.42 IN
                                                             3.87 FT
    ================================================================


    TABLE  5. MONTHLY CIR FOR:      Winter Small Grain(
    GROWING SEASON: SPRING, JAN 29 TO JUN 30, LENGTH 154 DAYS
                        FALL,   SEP  1 TO DEC 21, LENGTH 112 DAYS
    ================================================================
    MONTH DAYS TEMP  RAIN LIGHT     F   Kc   Kt   ETc    Re   CIR
    ================================================================
    JAN      3 45.2  1.79   0.7  0.31 1.36 0.47  0.20  0.10  0.10
    FEB     29 48.4  1.62   6.9  3.35 1.36 0.52  2.39  1.07  1.31
    MAR     31 51.4  0.65   8.4  4.32 1.34 0.58  3.32  0.46  2.86
    APR     30 58.4  0.15   8.8  5.14 1.29 0.70  4.63  0.04  4.59
    MAY     31 66.9  0.00   9.7  6.47 0.89 0.84  4.86  0.00  4.86
    JUN     30 78.9  0.54   9.6  7.57 0.22 1.05  1.78  0.34  1.44
    SEP     30 72.5  0.29   8.4  6.07 0.37 0.94  2.13  0.16  1.97
    OCT     31 64.6  0.03   7.9  5.12 0.72 0.80  2.98  0.00  2.98
    NOV     30 47.3  0.32   7.1  3.36 1.06 0.50  1.79  0.18  1.61
    DEC     21 46.1  0.00   4.8  2.20 1.28 0.48  1.36  0.00  1.36
     TOTAL 266       5.39                       25.45  2.36 23.09 IN
                                                             1.92 FT
    ================================================================
 
 
 
 
 
 
 
 



    TABLE  6. MONTHLY CIR FOR:      Pasture(native)    
    GROWING SEASON: JAN 29 TO DEC 21, LENGTH 328 DAYS
    ================================================================
    MONTH DAYS TEMP  RAIN LIGHT     F   Kc   Kt   ETc    Re   CIR
    ================================================================
    JAN      3 45.2  1.79   0.7  0.31 0.53 0.47  0.08  0.08  0.00
    FEB     29 48.4  1.62   6.9  3.35 0.57 0.52  1.00  0.99  0.01
    MAR     31 51.4  0.65   8.4  4.32 0.74 0.58  1.83  0.42  1.41
    APR     30 58.4  0.15   8.8  5.14 0.85 0.70  3.05  0.04  3.01
    MAY     31 66.9  0.00   9.7  6.47 0.90 0.84  4.92  0.00  4.92
    JUN     30 78.9  0.54   9.6  7.57 0.92 1.05  7.32  0.47  6.85
    JUL     31 81.5  1.92   9.8  7.99 0.92 1.10  8.05  1.72  6.32
    AUG     31 80.5  1.26   9.3  7.49 0.91 1.08  7.33  1.12  6.21
    SEP     30 72.6  0.29   8.4  6.08 0.87 0.94  4.96  0.19  4.78
    OCT     31 64.6  0.03   7.9  5.12 0.78 0.80  3.22  0.00  3.22
    NOV     30 47.3  0.32   7.1  3.36 0.67 0.50  1.13  0.17  0.96
    DEC     21 46.1  0.00   4.8  2.20 0.56 0.48  0.60  0.00  0.60
     TOTAL 328       8.57                       43.48  5.20 38.28 IN
                                                             3.19 FT
    ================================================================



    TABLE  7. MONTHLY CIR FOR:      Turfgrass (Warm Sea
    GROWING SEASON: MAR  2 TO NOV 10, LENGTH 254 DAYS
    ================================================================
    MONTH DAYS TEMP  RAIN LIGHT     F   Kc   Kt   ETc    Re   CIR
    ================================================================
    MAR     30 51.5  0.65   8.1  4.19 0.74 0.58  1.79  0.41  1.38
    APR     30 58.4  0.15   8.8  5.14 0.85 0.70  3.05  0.04  3.01
    MAY     31 66.9  0.00   9.7  6.47 0.90 0.84  4.92  0.00  4.92
    JUN     30 78.9  0.54   9.6  7.57 0.92 1.05  7.32  0.47  6.85
    JUL     31 81.5  1.92   9.8  7.99 0.92 1.10  8.05  1.72  6.32
    AUG     31 80.5  1.26   9.3  7.49 0.91 1.08  7.33  1.12  6.21
    SEP     30 72.6  0.29   8.4  6.08 0.87 0.94  4.96  0.19  4.78
    OCT     31 64.6  0.03   7.9  5.12 0.78 0.80  3.22  0.00  3.22
    NOV     10 52.8  0.32   2.4  1.25 0.70 0.60  0.53  0.06  0.47
     TOTAL 254       5.16                       41.16  4.00 37.16 IN
                                                             3.10 FT
    ================================================================



    TABLE  8. MONTHLY CIR FOR:      Pre-watered July pl
    GROWING SEASON: JUL  1 TO NOV 15, LENGTH 138 DAYS
    ================================================================
    MONTH DAYS TEMP  RAIN LIGHT     F   Kc   Kt   ETc    Re   CIR
    ================================================================
    JUL     31 81.5  1.92   9.8  7.99 0.92 1.10  8.05  1.72  6.32
    AUG     31 80.5  1.26   9.3  7.49 0.91 1.08  7.33  1.12  6.21
    SEP     30 72.6  0.29   8.4  6.08 0.87 0.94  4.96  0.19  4.78
    OCT     31 64.6  0.03   7.9  5.12 0.78 0.80  3.22  0.00  3.22
    NOV     15 51.3  0.32   3.5  1.82 0.69 0.57  0.73  0.08  0.64
     TOTAL 138       3.82                       24.29  3.11 21.17 IN
                                                             1.76 FT
    ================================================================
 
 
 
 
 
 
 
 
 



    TABLE  9. MONTHLY CIR FOR:      Cotton             
    GROWING SEASON: APR 28 TO OCT 30, LENGTH 186 DAYS
    ================================================================
    MONTH DAYS TEMP  RAIN LIGHT     F   Kc   Kt   ETc    Re   CIR
    ================================================================
    APR      3 62.2  0.15   0.9  0.55 0.20 0.76  0.09  0.00  0.08
    MAY     31 66.9  0.00   9.7  6.47 0.25 0.84  1.36  0.00  1.36
    JUN     30 78.9  0.54   9.6  7.57 0.43 1.05  3.43  0.38  3.06
    JUL     31 81.5  1.92   9.8  7.99 0.84 1.10  7.32  1.65  5.67
    AUG     31 80.5  1.26   9.3  7.49 1.02 1.08  8.21  1.18  7.03
    SEP     30 72.6  0.29   8.4  6.08 0.86 0.94  4.92  0.18  4.73
    OCT     30 64.7  0.03   7.7  4.97 0.62 0.81  2.48  0.00  2.48
     TOTAL 186       4.19                       27.81  3.40 24.41 IN
                                                             2.03 FT
    ================================================================



    TABLE 10. MONTHLY CIR FOR:     Misc. Vegetable     
    GROWING SEASON: APR  7 TO OCT 30, LENGTH 207 DAYS
    ================================================================
    MONTH DAYS TEMP  RAIN LIGHT     F   Kc   Kt   ETc    Re   CIR
    ================================================================
    APR     24 59.4  0.15   7.0  4.18 0.34 0.71  1.01  0.03  0.98
    MAY     31 66.9  0.00   9.7  6.47 0.55 0.84  2.98  0.00  2.98
    JUN     30 78.9  0.54   9.6  7.57 0.73 1.05  5.80  0.43  5.37
    JUL     31 81.5  1.92   9.8  7.99 0.81 1.10  7.13  1.64  5.49
    AUG     31 80.5  1.26   9.3  7.49 0.82 1.08  6.65  1.08  5.57
    SEP     30 72.6  0.29   8.4  6.08 0.73 0.94  4.20  0.18  4.02
    OCT     30 64.7  0.03   7.7  4.97 0.54 0.81  2.15  0.00  2.15
     TOTAL 207       4.19                       29.90  3.35 26.55 IN
                                                             2.21 FT
    ================================================================



    TABLE 11. MONTHLY CIR FOR:     Orchard  (no ground 
    GROWING SEASON: MAR  2 TO DEC 21, LENGTH 295 DAYS
    ================================================================
    MONTH DAYS TEMP  RAIN LIGHT     F   Kc   Kt   ETc    Re   CIR
    ================================================================
    MAR     30 51.5  0.65   8.1  4.19 0.40 0.58  0.96  0.39  0.57
    APR     30 58.4  0.15   8.8  5.14 0.61 0.70  2.18  0.04  2.14
    MAY     31 66.9  0.00   9.7  6.47 0.88 0.84  4.79  0.00  4.79
    JUN     30 78.9  0.54   9.6  7.57 0.96 1.05  7.65  0.48  7.17
    JUL     31 81.5  1.92   9.8  7.99 0.96 1.10  8.36  1.75  6.61
    AUG     31 80.5  1.26   9.3  7.49 0.81 1.08  6.58  1.07  5.51
    SEP     30 72.6  0.29   8.4  6.08 0.55 0.94  3.15  0.17  2.98
    OCT     31 64.6  0.03   7.9  5.12 0.28 0.80  1.16  0.00  1.16
    NOV     30 47.3  0.32   7.1  3.36 0.18 0.50  0.30  0.16  0.14
    DEC     21 46.1  0.00   4.8  2.20 0.16 0.48  0.17  0.00  0.17
     TOTAL 295       5.16                       35.30  4.06 31.23 IN
                                                             2.60 FT
    ================================================================
 
 
 
 
 
 
 
 
 
 
 



    TABLE 12. MONTHLY CIR FOR:     Corn (grain)        
    GROWING SEASON: MAY 20 TO OCT  1, LENGTH 135 DAYS
    ================================================================
    MONTH DAYS TEMP  RAIN LIGHT     F   Kc   Kt   ETc    Re   CIR
    ================================================================
    MAY     12 70.7  0.00   3.7  2.65 0.46 0.91  1.10  0.00  1.10
    JUN     30 78.9  0.54   9.6  7.57 0.58 1.05  4.62  0.40  4.21
    JUL     31 81.5  1.92   9.8  7.99 0.97 1.10  8.46  1.76  6.70
    AUG     31 80.5  1.26   9.3  7.49 1.08 1.08  8.70  1.21  7.50
    SEP     30 72.6  0.29   8.4  6.08 0.94 0.94  5.41  0.19  5.22
    OCT      1 68.5  0.03   0.3  0.18 0.85 0.87  0.13  0.00  0.13
     TOTAL 135       4.04                       28.42  3.56 24.86 IN
                                                             2.07 FT
    ================================================================



    TABLE 13. MONTHLY CIR FOR:     Spring Small Grains 
    GROWING SEASON: MAR 15 TO JUL  1, LENGTH 109 DAYS
    ================================================================
    MONTH DAYS TEMP  RAIN LIGHT     F   Kc   Kt   ETc    Re   CIR
    ================================================================
    MAR     17 53.0  0.65   4.6  2.44 0.41 0.60  0.61  0.22  0.39
    APR     30 58.4  0.15   8.8  5.14 0.93 0.70  3.31  0.04  3.27
    MAY     31 66.9  0.00   9.7  6.47 1.29 0.84  7.05  0.00  7.05
    JUN     30 78.9  0.54   9.6  7.57 0.49 1.05  3.88  0.39  3.49
    JUL      1 80.2  1.92   0.3  0.25 0.01 1.07  0.00  0.00  0.00
     TOTAL 109       3.26                       14.85  0.65 14.20 IN
                                                             1.18 FT
    ================================================================



    TABLE 14. MONTHLY CIR FOR:      Sorghum (silage)   
    GROWING SEASON: JUN 10 TO SEP  7, LENGTH  90 DAYS
    ================================================================
    MONTH DAYS TEMP  RAIN LIGHT     F   Kc   Kt   ETc    Re   CIR
    ================================================================
    JUN     21 79.3  0.54   6.7  5.33 0.42 1.06  2.35  0.25  2.10
    JUL     31 81.5  1.92   9.8  7.99 1.02 1.10  8.95  1.81  7.14
    AUG     31 80.5  1.26   9.3  7.49 0.82 1.08  6.62  1.08  5.55
    SEP      7 75.5  0.29   2.0  1.47 0.59 0.99  0.87  0.03  0.84
     TOTAL  90       4.01                       18.80  3.17 15.62 IN
                                                             1.30 FT
    ================================================================
 
 
 
 
 
 
 
 
 
 
 
 
 
 
 
 
 
 
 
 



    TABLE 15. MONTHLY CIR FOR:      Pasture (Unimproved
    GROWING SEASON: JAN 29 TO DEC 21, LENGTH 328 DAYS
    ================================================================
    MONTH DAYS TEMP  RAIN LIGHT     F   Kc   Kt   ETc    Re   CIR
    ================================================================
    JAN      3 45.2  1.79   0.7  0.31 0.53 0.47  0.08  0.08  0.00
    FEB     29 48.4  1.62   6.9  3.35 0.57 0.52  1.00  0.99  0.01
    MAR     31 51.4  0.65   8.4  4.32 0.74 0.58  1.83  0.42  1.41
    APR     30 58.4  0.15   8.8  5.14 0.85 0.70  3.05  0.04  3.01
    MAY     31 66.9  0.00   9.7  6.47 0.90 0.84  4.92  0.00  4.92
    JUN     30 78.9  0.54   9.6  7.57 0.92 1.05  7.32  0.47  6.85
    JUL     31 81.5  1.92   9.8  7.99 0.92 1.10  8.05  1.72  6.32
    AUG     31 80.5  1.26   9.3  7.49 0.91 1.08  7.33  1.12  6.21
    SEP     30 72.6  0.29   8.4  6.08 0.87 0.94  4.96  0.19  4.78
    OCT     31 64.6  0.03   7.9  5.12 0.78 0.80  3.22  0.00  3.22
    NOV     30 47.3  0.32   7.1  3.36 0.67 0.50  1.13  0.17  0.96
    DEC     21 46.1  0.00   4.8  2.20 0.56 0.48  0.60  0.00  0.60
     TOTAL 328       8.57                       43.48  5.20 38.28 IN
                                                             3.19 FT
    ================================================================



    TABLE 16. MONTHLY CIR FOR:      Pecan Orchards     
    GROWING SEASON: APR 21 TO OCT 30, LENGTH 193 DAYS
    ================================================================
    MONTH DAYS TEMP  RAIN LIGHT     F   Kc   Kt   ETc    Re   CIR
    ================================================================
    APR     10 61.3  0.15   2.9  1.80 0.88 0.75  1.19  0.01  1.18
    MAY     31 66.9  0.00   9.7  6.47 1.08 0.84  5.87  0.00  5.87
    JUN     30 78.9  0.54   9.6  7.57 1.17 1.05  9.31  0.52  8.79
    JUL     31 81.5  1.92   9.8  7.99 1.15 1.10 10.06  1.92  8.14
    AUG     31 80.5  1.26   9.3  7.49 0.98 1.08  7.90  1.15  6.74
    SEP     30 72.6  0.29   8.4  6.08 0.65 0.94  3.72  0.17  3.55
    OCT     30 64.7  0.03   7.7  4.97 0.36 0.81  1.46  0.00  1.46
     TOTAL 193       4.19                       39.51  3.78 35.73 IN
                                                             2.98 FT
    ================================================================


    TABLE 17. WEIGHTED ANNUAL CIR FOR CROPPING PATTERN
    ==================================================================
    CROP                        ACRES      CDR      CIR     WCIR
    ==================================================================
        Pasture (Improved)       71.0    0.611    38.37    23.44
        Alfalfa                   0.0    0.000    43.93     0.00
         Sorghum (grain)          0.0    0.000    21.65     0.00
        Sod (cool season)         0.0    0.000    46.42     0.00
         Winter Small Grain(      0.0    0.000    23.09     0.00
         Pasture(native)         42.2    0.363    38.28    13.90
         Turfgrass (Warm Sea      1.5    0.013    37.16     0.48
         Pre-watered July pl      0.0    0.000    21.17     0.00
         Cotton                   0.0    0.000    24.41     0.00
        Misc. Vegetable           0.0    0.000    26.55     0.00
        Orchard  (no ground       0.0    0.000    31.23     0.00
        Corn (grain)              0.0    0.000    24.86     0.00
        Spring Small Grains       0.0    0.000    14.20     0.00
         Sorghum (silage)         0.0    0.000    15.62     0.00
         Pasture (Unimproved      0.0    0.000    38.28     0.00
         Pecan Orchards           1.5    0.013    35.73     0.46
                       TOTAL    116.2    1.000             38.29 IN
                                                            3.19 FT
    ==================================================================
    NOTE: THE WEIGHTED CONSUMPTIVE IRRIGATION REQUIREMENT (WCIR)
    FOR EACH CROP IS COMPUTED BY MULTIPLYING THE CONSUMPTIVE IRR-
    IGATION REQUIREMENT (CIR) BY THE CROP DISTRIBUTION RATIO
    (CDR). IF WINTER WHEAT IS IN THE CROP PATTERN, THE CDR IS
    BASED ON THE ACRES OF THAT CROP HARVESTED IN THE SUMMER.


    TABLE 18. WEIGHTED MONTHLY CIRS IN INCHES FOR CROPPING PATTERN
    ================================================================================
     JAN   FEB   MAR   APR   MAY   JUN   JUL   AUG   SEP   OCT   NOV   DEC   TOTAL
     0.00  0.01  1.41  3.00  4.93  6.88  6.37  6.20  4.77  3.21  0.94  0.58  38.29
    ================================================================================
 
 
 
 
 
 
 
 
 
 
 
 
 
 
 
 
 
 
 
 
 
 
 
 
 
 
 
 
 
 
 
 
 
 
 
 
 
 
 
 
 
 
 
 
 
 
 
 
 
 
 
 
 
 
 
 
 
 
       THE SCS MODIFIED BLANEY-CRIDDLE METHOD
     (EFFECTIVE RAINFALL BASED ON THE  SCS METHOD)

 Gila-San Francisco 1968-2024 CU xirrigcu program MBC SCS rain                   
    IRRIGATED AREA: VIRDEN VALLEY                           
    YEAR: 2024
    PRECIP STATION: VIRDEN VALLEY (USES STATION AT DUNCAN AZ
    TEMP STATION: VIRDEN VALLEY (USES STATION AT DUNCAN AZ

    DATE OF LAST SPRING MINIMUM OF 28 DEGREES OR BELOW: MAR 26
    DATE OF LAST SPRING MINIMUM OF 32 DEGREES OR BELOW: MAR 26
    DATE OF FIRST FALL MINIMUM OF 32 DEGREES OR BELOW: NOV  4
    DATE OF FIRST FALL MINIMUM OF 28 DEGREES OR BELOW: NOV  5



    TABLE  1. MONTHLY CIR FOR:      Sorghum (silage)   
    GROWING SEASON: MAY 15 TO AUG 12, LENGTH  90 DAYS
    ================================================================
    MONTH DAYS TEMP  RAIN LIGHT     F   Kc   Kt   ETc    Re   CIR
    ================================================================
    MAY     17 72.1  0.00   5.3  3.82 0.38 0.93  1.34  0.00  1.34
    JUN     30 81.8  0.48   9.6  7.85 0.94 1.10  8.09  0.43  7.66
    JUL     31 83.7  1.05   9.8  8.20 0.89 1.13  8.24  0.99  7.25
    AUG     12 83.1  1.12   3.6  2.99 0.62 1.12  2.08  0.29  1.79
     TOTAL  90       2.65                       19.75  1.70 18.05 IN
                                                             1.50 FT
    ================================================================



    TABLE  2. MONTHLY CIR FOR:      Cotton             
    GROWING SEASON: APR 21 TO NOV  4, LENGTH 198 DAYS
    ================================================================
    MONTH DAYS TEMP  RAIN LIGHT     F   Kc   Kt   ETc    Re   CIR
    ================================================================
    APR     10 63.3  0.20   2.9  1.86 0.21 0.78  0.31  0.02  0.28
    MAY     31 69.1  0.00   9.7  6.69 0.27 0.88  1.61  0.00  1.61
    JUN     30 81.8  0.48   9.6  7.85 0.46 1.10  4.00  0.34  3.66
    JUL     31 83.7  1.05   9.8  8.20 0.85 1.13  7.93  0.97  6.96
    AUG     31 82.8  1.12   9.3  7.70 1.02 1.12  8.75  1.08  7.67
    SEP     30 74.5  0.16   8.4  6.24 0.87 0.97  5.31  0.06  5.26
    OCT     31 66.4  0.01   7.9  5.26 0.65 0.83  2.84  0.00  2.84
    NOV      4 56.0  0.22   0.9  0.53 0.51 0.66  0.18  0.01  0.16
     TOTAL 198       3.24                       30.93  2.48 28.45 IN
                                                             2.37 FT
    ================================================================
 
 
 
 
 
 
 
 
 
 
 
 
 
 
 
 
 
 
 
 
 



    TABLE  3. MONTHLY CIR FOR:      Melons             
    GROWING SEASON: APR 14 TO NOV  4, LENGTH 205 DAYS
    ================================================================
    MONTH DAYS TEMP  RAIN LIGHT     F   Kc   Kt   ETc    Re   CIR
    ================================================================
    APR     17 62.3  0.20   5.0  3.11 0.46 0.76  1.08  0.04  1.04
    MAY     31 69.1  0.00   9.7  6.69 0.53 0.88  3.10  0.00  3.10
    JUN     30 81.8  0.48   9.6  7.85 0.66 1.10  5.69  0.37  5.32
    JUL     31 83.7  1.05   9.8  8.20 0.79 1.13  7.38  0.94  6.44
    AUG     31 82.8  1.12   9.3  7.70 0.81 1.12  6.96  0.98  5.98
    SEP     30 74.5  0.16   8.4  6.24 0.76 0.97  4.64  0.05  4.59
    OCT     31 66.4  0.01   7.9  5.26 0.71 0.83  3.11  0.00  3.11
    NOV      4 56.0  0.22   0.9  0.53 0.68 0.66  0.24  0.01  0.23
     TOTAL 205       3.24                       32.21  2.40 29.81 IN
                                                             2.48 FT
    ================================================================



    TABLE  4. MONTHLY CIR FOR:     Corn (grain)        
    GROWING SEASON: MAY 15 TO SEP 15, LENGTH 124 DAYS
    ================================================================
    MONTH DAYS TEMP  RAIN LIGHT     F   Kc   Kt   ETc    Re   CIR
    ================================================================
    MAY     17 72.1  0.00   5.3  3.82 0.47 0.93  1.68  0.00  1.68
    JUN     30 81.8  0.48   9.6  7.85 0.65 1.10  5.63  0.37  5.26
    JUL     31 83.7  1.05   9.8  8.20 1.05 1.13  9.79  1.05  8.74
    AUG     31 82.8  1.12   9.3  7.70 1.04 1.12  8.93  1.09  7.84
    SEP     15 76.4  0.16   4.2  3.20 0.90 1.01  2.90  0.02  2.88
     TOTAL 124       2.81                       28.93  2.54 26.39 IN
                                                             2.20 FT
    ================================================================



    TABLE  5. MONTHLY CIR FOR:     Alfalfa             
    GROWING SEASON: FEB 20 TO NOV  5, LENGTH 260 DAYS
    ================================================================
    MONTH DAYS TEMP  RAIN LIGHT     F   Kc   Kt   ETc    Re   CIR
    ================================================================
    FEB     10 50.5  1.68   2.4  1.21 0.77 0.56  0.52  0.35  0.17
    MAR     31 52.6  0.72   8.4  4.42 0.86 0.60  2.26  0.48  1.78
    APR     30 60.3  0.20   8.8  5.31 0.99 0.73  3.84  0.09  3.75
    MAY     31 69.1  0.00   9.7  6.69 1.09 0.88  6.44  0.00  6.44
    JUN     30 81.8  0.48   9.6  7.85 1.13 1.10  9.81  0.47  9.34
    JUL     31 83.7  1.05   9.8  8.20 1.11 1.13 10.34  1.05  9.29
    AUG     31 82.8  1.12   9.3  7.70 1.06 1.12  9.14  1.11  8.03
    SEP     30 74.5  0.16   8.4  6.24 0.99 0.97  6.01  0.06  5.95
    OCT     31 66.4  0.01   7.9  5.26 0.90 0.83  3.95  0.00  3.95
    NOV      5 55.7  0.22   1.2  0.66 0.84 0.65  0.36  0.01  0.34
     TOTAL 260       5.64                       52.67  3.62 49.06 IN
                                                             4.09 FT
    ================================================================
 
 
 
 
 
 
 
 
 
 
 
 



    TABLE  6. MONTHLY CIR FOR:      Sorghum (grain)    
    GROWING SEASON: MAY 15 TO SEP 21, LENGTH 130 DAYS
    ================================================================
    MONTH DAYS TEMP  RAIN LIGHT     F   Kc   Kt   ETc    Re   CIR
    ================================================================
    MAY     17 72.1  0.00   5.3  3.82 0.35 0.93  1.26  0.00  1.26
    JUN     30 81.8  0.48   9.6  7.85 0.71 1.10  6.11  0.38  5.72
    JUL     31 83.7  1.05   9.8  8.20 1.06 1.13  9.86  1.05  8.81
    AUG     31 82.8  1.12   9.3  7.70 0.86 1.12  7.38  1.00  6.38
    SEP     21 75.6  0.16   5.9  4.43 0.63 0.99  2.79  0.03  2.75
     TOTAL 130       2.81                       27.39  2.47 24.93 IN
                                                             2.08 FT
    ================================================================



    TABLE  7. MONTHLY CIR FOR:     Spring Small Grains 
    GROWING SEASON: MAR  1 TO JUN 25, LENGTH 117 DAYS
    ================================================================
    MONTH DAYS TEMP  RAIN LIGHT     F   Kc   Kt   ETc    Re   CIR
    ================================================================
    MAR     31 52.6  0.72   8.4  4.42 0.54 0.60  1.42  0.46  0.96
    APR     30 60.3  0.20   8.8  5.31 1.13 0.73  4.39  0.09  4.30
    MAY     31 69.1  0.00   9.7  6.69 1.17 0.88  6.89  0.00  6.89
    JUN     25 81.0  0.48   8.0  6.48 0.33 1.09  2.30  0.26  2.05
     TOTAL 117       1.40                       15.00  0.81 14.19 IN
                                                             1.18 FT
    ================================================================



    TABLE  8. MONTHLY CIR FOR:     Pasture (Improved)  
    GROWING SEASON: JAN 24 TO DEC 27, LENGTH 339 DAYS
    ================================================================
    MONTH DAYS TEMP  RAIN LIGHT     F   Kc   Kt   ETc    Re   CIR
    ================================================================
    JAN      8 45.8  1.40   1.9  0.85 0.51 0.48  0.21  0.21  0.00
    FEB     29 49.5  1.68   6.9  3.43 0.57 0.54  1.07  1.03  0.04
    MAR     31 52.6  0.72   8.4  4.42 0.75 0.60  1.97  0.48  1.50
    APR     30 60.3  0.20   8.8  5.31 0.86 0.73  3.31  0.09  3.23
    MAY     31 69.1  0.00   9.7  6.69 0.90 0.88  5.31  0.00  5.31
    JUN     30 81.8  0.48   9.6  7.85 0.92 1.10  7.96  0.42  7.53
    JUL     31 83.7  1.05   9.8  8.20 0.92 1.13  8.59  1.01  7.59
    AUG     31 82.8  1.12   9.3  7.70 0.90 1.12  7.78  1.02  6.75
    SEP     30 74.5  0.16   8.4  6.24 0.87 0.97  5.28  0.06  5.23
    OCT     31 66.4  0.01   7.9  5.26 0.79 0.83  3.46  0.00  3.46
    NOV     30 48.6  0.22   7.1  3.45 0.67 0.53  1.21  0.09  1.12
    DEC     27 46.9  0.00   6.1  2.87 0.55 0.50  0.79  0.00  0.79
     TOTAL 339       7.04                       46.94  4.41 42.54 IN
                                                             3.54 FT
    ================================================================
 
 
 
 
 
 
 
 
 
 
 
 
 
 



    TABLE  9. MONTHLY CIR FOR:     Sod (cool season)   
    GROWING SEASON: JAN 24 TO DEC 27, LENGTH 339 DAYS
    ================================================================
    MONTH DAYS TEMP  RAIN LIGHT     F   Kc   Kt   ETc    Re   CIR
    ================================================================
    JAN      8 45.8  1.40   1.9  0.85 0.57 0.48  0.23  0.21  0.02
    FEB     29 49.5  1.68   6.9  3.43 0.67 0.54  1.25  1.04  0.20
    MAR     31 52.6  0.72   8.4  4.42 1.04 0.60  2.74  0.50  2.25
    APR     30 60.3  0.20   8.8  5.31 1.35 0.73  5.22  0.10  5.12
    MAY     31 69.1  0.00   9.7  6.69 1.30 0.88  7.65  0.00  7.65
    JUN     30 81.8  0.48   9.6  7.85 1.25 1.10 10.82  0.48 10.34
    JUL     31 83.7  1.05   9.8  8.20 0.98 1.13  9.09  1.04  8.06
    AUG     31 82.8  1.12   9.3  7.70 0.80 1.12  6.87  0.97  5.90
    SEP     30 74.5  0.16   8.4  6.24 0.78 0.97  4.74  0.05  4.68
    OCT     31 66.4  0.01   7.9  5.26 1.02 0.83  4.49  0.00  4.49
    NOV     30 48.6  0.22   7.1  3.45 0.90 0.53  1.63  0.10  1.53
    DEC     27 46.9  0.00   6.1  2.87 0.77 0.50  1.10  0.00  1.10
     TOTAL 339       7.04                       55.82  4.49 51.33 IN
                                                             4.28 FT
    ================================================================



    TABLE 10. MONTHLY CIR FOR:     Orchard  (no ground 
    GROWING SEASON: FEB 20 TO DEC 27, LENGTH 312 DAYS
    ================================================================
    MONTH DAYS TEMP  RAIN LIGHT     F   Kc   Kt   ETc    Re   CIR
    ================================================================
    FEB     10 50.5  1.68   2.4  1.21 0.28 0.56  0.19  0.19  0.00
    MAR     31 52.6  0.72   8.4  4.42 0.39 0.60  1.04  0.45  0.59
    APR     30 60.3  0.20   8.8  5.31 0.61 0.73  2.36  0.08  2.27
    MAY     31 69.1  0.00   9.7  6.69 0.88 0.88  5.18  0.00  5.18
    JUN     30 81.8  0.48   9.6  7.85 0.96 1.10  8.31  0.43  7.87
    JUL     31 83.7  1.05   9.8  8.20 0.96 1.13  8.89  1.02  7.86
    AUG     31 82.8  1.12   9.3  7.70 0.81 1.12  7.02  0.98  6.03
    SEP     30 74.5  0.16   8.4  6.24 0.55 0.97  3.34  0.05  3.29
    OCT     31 66.4  0.01   7.9  5.26 0.28 0.83  1.24  0.00  1.24
    NOV     30 48.6  0.22   7.1  3.45 0.18 0.53  0.32  0.09  0.24
    DEC     27 46.9  0.00   6.1  2.87 0.16 0.50  0.22  0.00  0.22
     TOTAL 312       5.64                       38.10  3.30 34.80 IN
                                                             2.90 FT
    ================================================================



    TABLE 11. MONTHLY CIR FOR:      Chile              
    GROWING SEASON: MAR 25 TO NOV  4, LENGTH 225 DAYS
    ================================================================
    MONTH DAYS TEMP  RAIN LIGHT     F   Kc   Kt   ETc    Re   CIR
    ================================================================
    MAR      7 55.7  0.72   1.9  1.06 0.31 0.65  0.21  0.10  0.11
    APR     30 60.3  0.20   8.8  5.31 0.39 0.73  1.50  0.08  1.42
    MAY     31 69.1  0.00   9.7  6.69 0.60 0.88  3.56  0.00  3.56
    JUN     30 81.8  0.48   9.6  7.85 0.75 1.10  6.50  0.39  6.11
    JUL     31 83.7  1.05   9.8  8.20 0.81 1.13  7.54  0.95  6.59
    AUG     31 82.8  1.12   9.3  7.70 0.82 1.12  7.04  0.98  6.06
    SEP     30 74.5  0.16   8.4  6.24 0.74 0.97  4.49  0.05  4.43
    OCT     31 66.4  0.01   7.9  5.26 0.55 0.83  2.43  0.00  2.43
    NOV      4 56.0  0.22   0.9  0.53 0.40 0.66  0.14  0.01  0.13
     TOTAL 225       3.96                       33.41  2.56 30.84 IN
                                                             2.57 FT
    ================================================================
 
 
 


    TABLE 12. MONTHLY CIR FOR:      Winter Small Grain(
    GROWING SEASON: SPRING, JAN 24 TO JUN 20, LENGTH 149 DAYS
                        FALL,   SEP  1 TO DEC 27, LENGTH 118 DAYS
    ================================================================
    MONTH DAYS TEMP  RAIN LIGHT     F   Kc   Kt   ETc    Re   CIR
    ================================================================
    JAN      8 45.8  1.40   1.9  0.85 1.36 0.48  0.55  0.22  0.34
    FEB     29 49.5  1.68   6.9  3.43 1.36 0.54  2.53  1.12  1.41
    MAR     31 52.6  0.72   8.4  4.42 1.33 0.60  3.50  0.52  2.98
    APR     30 60.3  0.20   8.8  5.31 1.25 0.73  4.83  0.10  4.74
    MAY     31 69.1  0.00   9.7  6.69 0.67 0.88  3.94  0.00  3.94
    JUN     20 79.9  0.48   6.4  5.11 0.15 1.07  0.83  0.19  0.64
    SEP     30 74.4  0.16   8.4  6.23 0.37 0.97  2.22  0.05  2.18
    OCT     31 66.4  0.01   7.9  5.26 0.70 0.83  3.06  0.00  3.06
    NOV     30 48.6  0.22   7.1  3.45 1.02 0.53  1.85  0.10  1.75
    DEC     27 46.9  0.00   6.1  2.87 1.26 0.50  1.80  0.00  1.80
     TOTAL 267       4.87                       25.12  2.29 22.84 IN
                                                             1.90 FT
    ================================================================



    TABLE 13. MONTHLY CIR FOR:      Pasture (Unimproved
    GROWING SEASON: JAN 24 TO DEC 27, LENGTH 339 DAYS
    ================================================================
    MONTH DAYS TEMP  RAIN LIGHT     F   Kc   Kt   ETc    Re   CIR
    ================================================================
    JAN      8 45.8  1.40   1.9  0.85 0.52 0.48  0.21  0.21  0.00
    FEB     29 49.5  1.68   6.9  3.43 0.57 0.54  1.06  1.03  0.03
    MAR     31 52.6  0.72   8.4  4.42 0.74 0.60  1.94  0.47  1.47
    APR     30 60.3  0.20   8.8  5.31 0.85 0.73  3.30  0.09  3.21
    MAY     31 69.1  0.00   9.7  6.69 0.90 0.88  5.31  0.00  5.31
    JUN     30 81.8  0.48   9.6  7.85 0.92 1.10  7.96  0.42  7.53
    JUL     31 83.7  1.05   9.8  8.20 0.92 1.13  8.55  1.00  7.55
    AUG     31 82.8  1.12   9.3  7.70 0.91 1.12  7.82  1.03  6.79
    SEP     30 74.5  0.16   8.4  6.24 0.87 0.97  5.28  0.06  5.22
    OCT     31 66.4  0.01   7.9  5.26 0.78 0.83  3.44  0.00  3.44
    NOV     30 48.6  0.22   7.1  3.45 0.67 0.53  1.21  0.09  1.12
    DEC     27 46.9  0.00   6.1  2.87 0.55 0.50  0.79  0.00  0.79
     TOTAL 339       7.04                       46.85  4.41 42.44 IN
                                                             3.54 FT
    ================================================================



    TABLE 14. MONTHLY CIR FOR:      Corn (silage)      
    GROWING SEASON: MAR 25 TO JUL  2, LENGTH 100 DAYS
    ================================================================
    MONTH DAYS TEMP  RAIN LIGHT     F   Kc   Kt   ETc    Re   CIR
    ================================================================
    MAR      7 55.7  0.72   1.9  1.06 0.45 0.65  0.31  0.10  0.21
    APR     30 60.3  0.20   8.8  5.31 0.56 0.73  2.17  0.08  2.08
    MAY     31 69.1  0.00   9.7  6.69 1.00 0.88  5.92  0.00  5.92
    JUN     30 81.8  0.48   9.6  7.85 1.05 1.10  9.06  0.45  8.61
    JUL      2 82.8  1.05   0.6  0.52 0.97 1.12  0.57  0.04  0.53
     TOTAL 100       2.45                       18.02  0.67 17.35 IN
                                                             1.45 FT
    ================================================================
 
 
 
 
 
 
 
 



    TABLE 15. MONTHLY CIR FOR:      Hay(other)         
    GROWING SEASON: JAN 24 TO DEC 27, LENGTH 339 DAYS
    ================================================================
    MONTH DAYS TEMP  RAIN LIGHT     F   Kc   Kt   ETc    Re   CIR
    ================================================================
    JAN      8 45.8  1.40   1.9  0.85 0.52 0.48  0.21  0.21  0.00
    FEB     29 49.5  1.68   6.9  3.43 0.57 0.54  1.06  1.03  0.03
    MAR     31 52.6  0.72   8.4  4.42 0.74 0.60  1.94  0.47  1.47
    APR     30 60.3  0.20   8.8  5.31 0.85 0.73  3.30  0.09  3.21
    MAY     31 69.1  0.00   9.7  6.69 0.90 0.88  5.31  0.00  5.31
    JUN     30 81.8  0.48   9.6  7.85 0.92 1.10  7.96  0.42  7.53
    JUL     31 83.7  1.05   9.8  8.20 0.92 1.13  8.55  1.00  7.55
    AUG     31 82.8  1.12   9.3  7.70 0.91 1.12  7.82  1.03  6.79
    SEP     30 74.5  0.16   8.4  6.24 0.87 0.97  5.28  0.06  5.22
    OCT     31 66.4  0.01   7.9  5.26 0.78 0.83  3.44  0.00  3.44
    NOV     30 48.6  0.22   7.1  3.45 0.67 0.53  1.21  0.09  1.12
    DEC     27 46.9  0.00   6.1  2.87 0.55 0.50  0.79  0.00  0.79
     TOTAL 339       7.04                       46.85  4.41 42.44 IN
                                                             3.54 FT
    ================================================================



    TABLE 16. MONTHLY CIR FOR:     Misc. Vegetable     
    GROWING SEASON: MAR 26 TO NOV  4, LENGTH 224 DAYS
    ================================================================
    MONTH DAYS TEMP  RAIN LIGHT     F   Kc   Kt   ETc    Re   CIR
    ================================================================
    MAR      6 55.8  0.72   1.6  0.91 0.30 0.65  0.18  0.08  0.09
    APR     30 60.3  0.20   8.8  5.31 0.38 0.73  1.48  0.08  1.40
    MAY     31 69.1  0.00   9.7  6.69 0.60 0.88  3.55  0.00  3.55
    JUN     30 81.8  0.48   9.6  7.85 0.75 1.10  6.51  0.39  6.12
    JUL     31 83.7  1.05   9.8  8.20 0.82 1.13  7.63  0.95  6.68
    AUG     31 82.8  1.12   9.3  7.70 0.82 1.12  7.08  0.99  6.09
    SEP     30 74.5  0.16   8.4  6.24 0.74 0.97  4.49  0.05  4.44
    OCT     31 66.4  0.01   7.9  5.26 0.56 0.83  2.46  0.00  2.46
    NOV      4 56.0  0.22   0.9  0.53 0.40 0.66  0.14  0.01  0.13
     TOTAL 224       3.96                       33.51  2.56 30.96 IN
                                                             2.58 FT
    ================================================================



    TABLE 17. MONTHLY CIR FOR:      Christmas Trees    
    GROWING SEASON: JAN 24 TO DEC 27, LENGTH 339 DAYS
    ================================================================
    MONTH DAYS TEMP  RAIN LIGHT     F   Kc   Kt   ETc    Re   CIR
    ================================================================
    JAN      8 45.8  1.40   1.9  0.85 0.52 0.48  0.21  0.21  0.00
    FEB     29 49.5  1.68   6.9  3.43 0.57 0.54  1.06  1.03  0.03
    MAR     31 52.6  0.72   8.4  4.42 0.74 0.60  1.94  0.47  1.47
    APR     30 60.3  0.20   8.8  5.31 0.85 0.73  3.30  0.09  3.21
    MAY     31 69.1  0.00   9.7  6.69 0.90 0.88  5.31  0.00  5.31
    JUN     30 81.8  0.48   9.6  7.85 0.92 1.10  7.96  0.42  7.53
    JUL     31 83.7  1.05   9.8  8.20 0.92 1.13  8.55  1.00  7.55
    AUG     31 82.8  1.12   9.3  7.70 0.91 1.12  7.82  1.03  6.79
    SEP     30 74.5  0.16   8.4  6.24 0.87 0.97  5.28  0.06  5.22
    OCT     31 66.4  0.01   7.9  5.26 0.78 0.83  3.44  0.00  3.44
    NOV     30 48.6  0.22   7.1  3.45 0.67 0.53  1.21  0.09  1.12
    DEC     27 46.9  0.00   6.1  2.87 0.55 0.50  0.79  0.00  0.79
     TOTAL 339       7.04                       46.85  4.41 42.44 IN
                                                             3.54 FT
    ================================================================
 
 



    TABLE 18. MONTHLY CIR FOR:      Pecan Orchards     
    GROWING SEASON: APR 14 TO NOV  5, LENGTH 206 DAYS
    ================================================================
    MONTH DAYS TEMP  RAIN LIGHT     F   Kc   Kt   ETc    Re   CIR
    ================================================================
    APR     17 62.3  0.20   5.0  3.11 0.85 0.76  2.02  0.05  1.97
    MAY     31 69.1  0.00   9.7  6.69 1.08 0.88  6.34  0.00  6.34
    JUN     30 81.8  0.48   9.6  7.85 1.17 1.10 10.11  0.48  9.64
    JUL     31 83.7  1.05   9.8  8.20 1.15 1.13 10.69  1.05  9.64
    AUG     31 82.8  1.12   9.3  7.70 0.98 1.12  8.42  1.06  7.36
    SEP     30 74.5  0.16   8.4  6.24 0.65 0.97  3.96  0.05  3.90
    OCT     31 66.4  0.01   7.9  5.26 0.36 0.83  1.59  0.00  1.59
    NOV      5 55.7  0.22   1.2  0.66 0.29 0.65  0.12  0.01  0.11
     TOTAL 206       3.24                       43.26  2.70 40.55 IN
                                                             3.38 FT
    ================================================================


    TABLE 19. WEIGHTED ANNUAL CIR FOR CROPPING PATTERN
    ==================================================================
    CROP                        ACRES      CDR      CIR     WCIR
    ==================================================================
         Sorghum (silage)         0.0    0.000    18.05     0.00
         Cotton                  18.7    0.313    28.45     8.90
         Melons                   0.0    0.000    29.81     0.00
        Corn (grain)              0.0    0.000    26.39     0.00
        Alfalfa                   3.7    0.062    49.06     3.04
         Sorghum (grain)          0.0    0.000    24.93     0.00
        Spring Small Grains       0.0    0.000    14.19     0.00
        Pasture (Improved)       10.7    0.180    42.54     7.66
        Sod (cool season)         0.0    0.000    51.33     0.00
        Orchard  (no ground       2.1    0.035    34.80     1.22
         Chile                    0.0    0.000    30.84     0.00
         Winter Small Grain(      0.0    0.000    22.84     0.00
         Pasture (Unimproved      0.0    0.000    42.44     0.00
         Corn (silage)            0.0    0.000    17.35     0.00
         Hay(other)              19.4    0.325    42.44    13.79
        Misc. Vegetable           0.0    0.000    30.96     0.00
         Christmas Trees          0.4    0.006    42.44     0.25
         Pecan Orchards           4.7    0.079    40.55     3.20
                       TOTAL     59.7    1.000             38.07 IN
                                                            3.17 FT
    ==================================================================
    NOTE: THE WEIGHTED CONSUMPTIVE IRRIGATION REQUIREMENT (WCIR)
    FOR EACH CROP IS COMPUTED BY MULTIPLYING THE CONSUMPTIVE IRR-
    IGATION REQUIREMENT (CIR) BY THE CROP DISTRIBUTION RATIO
    (CDR). IF WINTER WHEAT IS IN THE CROP PATTERN, THE CDR IS
    BASED ON THE ACRES OF THAT CROP HARVESTED IN THE SUMMER.


    TABLE 20. WEIGHTED MONTHLY CIRS IN INCHES FOR CROPPING PATTERN
    ================================================================================
     JAN   FEB   MAR   APR   MAY   JUN   JUL   AUG   SEP   OCT   NOV   DEC   TOTAL
     0.00  0.03  0.89  2.20  4.30  6.61  7.66  7.15  5.11  3.06  0.66  0.41  38.07
    ================================================================================
 
 
 
 
 
 
 
 
 
 
       THE SCS MODIFIED BLANEY-CRIDDLE METHOD
     (EFFECTIVE RAINFALL BASED ON THE  SCS METHOD)

 Gila-San Francisco 1968-2024 CU xirrigcu program MBC SCS rain                   
    IRRIGATED AREA: SAN SIMON                               
    YEAR: 2024
    PRECIP STATION: SAN SIMON   (USES ANIMAS STATION)       
    TEMP STATION: SAN SIMON   (USES ANIMAS STATION)       

    DATE OF LAST SPRING MINIMUM OF 28 DEGREES OR BELOW: MAR 27
    DATE OF LAST SPRING MINIMUM OF 32 DEGREES OR BELOW: APR  7
    DATE OF FIRST FALL MINIMUM OF 32 DEGREES OR BELOW: OCT 30
    DATE OF FIRST FALL MINIMUM OF 28 DEGREES OR BELOW: NOV  7



    TABLE  1. MONTHLY CIR FOR:     Alfalfa             
    GROWING SEASON: FEB 15 TO NOV  7, LENGTH 267 DAYS
    ================================================================
    MONTH DAYS TEMP  RAIN LIGHT     F   Kc   Kt   ETc    Re   CIR
    ================================================================
    FEB     15 50.6  1.34   3.6  1.83 0.76 0.56  0.78  0.43  0.36
    MAR     31 52.7  0.87   8.4  4.43 0.86 0.60  2.27  0.59  1.68
    APR     30 59.5  0.22   8.8  5.23 0.99 0.72  3.72  0.11  3.61
    MAY     31 68.1  0.00   9.6  6.54 1.09 0.86  6.18  0.00  6.18
    JUN     30 81.4  0.77   9.6  7.81 1.13 1.09  9.70  0.77  8.93
    JUL     31 83.3  1.12   9.8  8.16 1.11 1.13 10.22  1.12  9.10
    AUG     31 82.8  1.23   9.3  7.69 1.06 1.12  9.13  1.21  7.92
    SEP     30 73.8  0.21   8.3  6.13 0.99 0.96  5.82  0.11  5.71
    OCT     31 66.6  0.00   8.0  5.33 0.90 0.84  4.01  0.00  4.01
    NOV      7 56.1  0.33   1.7  0.93 0.83 0.66  0.51  0.04  0.47
     TOTAL 267       6.09                       52.35  4.37 47.98 IN
                                                             4.00 FT
    ================================================================



    TABLE  2. MONTHLY CIR FOR:      Chile              
    GROWING SEASON: MAR 26 TO OCT 30, LENGTH 219 DAYS
    ================================================================
    MONTH DAYS TEMP  RAIN LIGHT     F   Kc   Kt   ETc    Re   CIR
    ================================================================
    MAR      6 55.5  0.87   1.6  0.90 0.30 0.65  0.18  0.10  0.08
    APR     30 59.5  0.22   8.8  5.23 0.39 0.72  1.44  0.10  1.35
    MAY     31 68.1  0.00   9.6  6.54 0.61 0.86  3.42  0.00  3.42
    JUN     30 81.4  0.77   9.6  7.81 0.76 1.09  6.47  0.66  5.82
    JUL     31 83.3  1.12   9.8  8.16 0.81 1.13  7.47  1.01  6.47
    AUG     31 82.8  1.23   9.3  7.69 0.81 1.12  7.00  1.07  5.93
    SEP     30 73.8  0.21   8.3  6.13 0.72 0.96  4.27  0.10  4.17
    OCT     30 66.7  0.00   7.7  5.17 0.52 0.84  2.24  0.00  2.24
     TOTAL 219       4.42                       32.50  3.03 29.47 IN
                                                             2.46 FT
    ================================================================
 
 
 
 
 
 
 
 
 
 
 
 
 
 
 


    TABLE  3. MONTHLY CIR FOR:      Winter Small Grain(
    GROWING SEASON: SPRING, JAN 20 TO JUN 15, LENGTH 148 DAYS
                        FALL,   NOV  1 TO DEC 29, LENGTH  59 DAYS
    ================================================================
    MONTH DAYS TEMP  RAIN LIGHT     F   Kc   Kt   ETc    Re   CIR
    ================================================================
    JAN     12 46.1  1.23   2.8  1.28 1.36 0.48  0.85  0.29  0.55
    FEB     29 50.0  1.34   7.0  3.50 1.35 0.55  2.61  0.91  1.70
    MAR     31 52.7  0.87   8.4  4.43 1.32 0.60  3.50  0.63  2.87
    APR     30 59.5  0.22   8.8  5.23 1.20 0.72  4.49  0.11  4.38
    MAY     31 68.1  0.00   9.6  6.54 0.59 0.86  3.31  0.00  3.31
    JUN     15 78.3  0.77   4.8  3.76 0.11 1.04  0.44  0.23  0.20
    NOV     30 50.1  0.33   7.1  3.56 0.52 0.55  1.01  0.18  0.83
    DEC     29 47.4  0.00   6.6  3.15 1.13 0.51  1.81  0.00  1.81
     TOTAL 207       4.76                       18.01  2.36 15.65 IN
                                                             1.30 FT
    ================================================================



    TABLE  4. MONTHLY CIR FOR:     Pasture (Improved)  
    GROWING SEASON: JAN 20 TO DEC 29, LENGTH 345 DAYS
    ================================================================
    MONTH DAYS TEMP  RAIN LIGHT     F   Kc   Kt   ETc    Re   CIR
    ================================================================
    JAN     12 46.1  1.23   2.8  1.28 0.50 0.48  0.31  0.29  0.03
    FEB     29 50.0  1.34   7.0  3.50 0.57 0.55  1.11  0.84  0.27
    MAR     31 52.7  0.87   8.4  4.43 0.75 0.60  1.98  0.58  1.40
    APR     30 59.5  0.22   8.8  5.23 0.86 0.72  3.21  0.11  3.10
    MAY     31 68.1  0.00   9.6  6.54 0.90 0.86  5.09  0.00  5.09
    JUN     30 81.4  0.77   9.6  7.81 0.92 1.09  7.87  0.71  7.16
    JUL     31 83.3  1.12   9.8  8.16 0.92 1.13  8.49  1.07  7.43
    AUG     31 82.8  1.23   9.3  7.69 0.90 1.12  7.77  1.12  6.65
    SEP     30 73.8  0.21   8.3  6.13 0.87 0.96  5.12  0.11  5.01
    OCT     31 66.6  0.00   8.0  5.33 0.79 0.84  3.52  0.00  3.52
    NOV     30 50.1  0.33   7.1  3.56 0.67 0.55  1.31  0.18  1.13
    DEC     29 47.4  0.00   6.6  3.15 0.55 0.51  0.87  0.00  0.87
     TOTAL 345       7.32                       46.66  4.99 41.67 IN
                                                             3.47 FT
    ================================================================



    TABLE  5. MONTHLY CIR FOR:      Pecan Orchards     
    GROWING SEASON: APR 17 TO NOV  7, LENGTH 205 DAYS
    ================================================================
    MONTH DAYS TEMP  RAIN LIGHT     F   Kc   Kt   ETc    Re   CIR
    ================================================================
    APR     14 61.9  0.22   4.1  2.54 0.87 0.76  1.66  0.05  1.62
    MAY     31 68.1  0.00   9.6  6.54 1.08 0.86  6.08  0.00  6.08
    JUN     30 81.4  0.77   9.6  7.81 1.17 1.09 10.00  0.77  9.23
    JUL     31 83.3  1.12   9.8  8.16 1.15 1.13 10.57  1.12  9.45
    AUG     31 82.8  1.23   9.3  7.69 0.98 1.12  8.42  1.16  7.26
    SEP     30 73.8  0.21   8.3  6.13 0.65 0.96  3.84  0.10  3.74
    OCT     31 66.6  0.00   8.0  5.33 0.36 0.84  1.61  0.00  1.61
    NOV      7 56.1  0.33   1.7  0.93 0.28 0.66  0.17  0.04  0.13
     TOTAL 205       3.88                       42.35  3.24 39.12 IN
                                                             3.26 FT
    ================================================================
 
 
 
 
 
 
 



    TABLE  6. MONTHLY CIR FOR:      Sorghum (grain)    
    GROWING SEASON: MAY 15 TO SEP 21, LENGTH 130 DAYS
    ================================================================
    MONTH DAYS TEMP  RAIN LIGHT     F   Kc   Kt   ETc    Re   CIR
    ================================================================
    MAY     17 71.2  0.00   5.3  3.75 0.35 0.92  1.21  0.00  1.21
    JUN     30 81.4  0.77   9.6  7.81 0.71 1.09  6.04  0.64  5.40
    JUL     31 83.3  1.12   9.8  8.16 1.06 1.13  9.75  1.12  8.63
    AUG     31 82.8  1.23   9.3  7.69 0.86 1.12  7.37  1.10  6.28
    SEP     21 75.0  0.21   5.8  4.36 0.63 0.98  2.71  0.07  2.65
     TOTAL 130       3.33                       27.09  2.92 24.17 IN
                                                             2.01 FT
    ================================================================



    TABLE  7. MONTHLY CIR FOR:     Spring Small Grains 
    GROWING SEASON: FEB 15 TO JUN 23, LENGTH 130 DAYS
    ================================================================
    MONTH DAYS TEMP  RAIN LIGHT     F   Kc   Kt   ETc    Re   CIR
    ================================================================
    FEB     15 50.6  1.34   3.6  1.83 0.37 0.56  0.38  0.38  0.00
    MAR     31 52.7  0.87   8.4  4.43 0.79 0.60  2.10  0.58  1.52
    APR     30 59.5  0.22   8.8  5.23 1.27 0.72  4.76  0.11  4.65
    MAY     31 68.1  0.00   9.6  6.54 1.03 0.86  5.80  0.00  5.80
    JUN     23 80.1  0.77   7.4  5.89 0.26 1.07  1.65  0.38  1.26
     TOTAL 130       3.20                       14.69  1.46 13.23 IN
                                                             1.10 FT
    ================================================================



    TABLE  8. MONTHLY CIR FOR:      Turfgrass (Warm Sea
    GROWING SEASON: FEB 15 TO NOV 16, LENGTH 276 DAYS
    ================================================================
    MONTH DAYS TEMP  RAIN LIGHT     F   Kc   Kt   ETc    Re   CIR
    ================================================================
    FEB     15 50.6  1.34   3.6  1.83 0.61 0.56  0.63  0.42  0.21
    MAR     31 52.7  0.87   8.4  4.43 0.74 0.60  1.95  0.58  1.38
    APR     30 59.5  0.22   8.8  5.23 0.85 0.72  3.19  0.11  3.08
    MAY     31 68.1  0.00   9.6  6.54 0.90 0.86  5.09  0.00  5.09
    JUN     30 81.4  0.77   9.6  7.81 0.92 1.09  7.87  0.71  7.16
    JUL     31 83.3  1.12   9.8  8.16 0.92 1.13  8.45  1.06  7.39
    AUG     31 82.8  1.23   9.3  7.69 0.91 1.12  7.81  1.12  6.69
    SEP     30 73.8  0.21   8.3  6.13 0.87 0.96  5.11  0.11  5.01
    OCT     31 66.6  0.00   8.0  5.33 0.78 0.84  3.49  0.00  3.49
    NOV     16 53.7  0.33   3.8  2.03 0.69 0.61  0.86  0.09  0.77
     TOTAL 276       6.09                       44.46  4.20 40.26 IN
                                                             3.36 FT
    ================================================================
 
 
 
 
 
 
 
 
 
 
 
 
 
 
 



    TABLE  9. MONTHLY CIR FOR:      Alfalfa (new)      
    GROWING SEASON: AUG 25 TO NOV  4, LENGTH  72 DAYS
    ================================================================
    MONTH DAYS TEMP  RAIN LIGHT     F   Kc   Kt   ETc    Re   CIR
    ================================================================
    AUG      7 79.2  1.23   2.1  1.66 0.45 1.06  0.79  0.17  0.62
    SEP     30 73.8  0.21   8.3  6.13 0.45 0.96  2.65  0.09  2.56
    OCT     31 66.6  0.00   8.0  5.33 0.46 0.84  2.07  0.00  2.07
    NOV      4 57.0  0.33   0.9  0.54 0.50 0.67  0.18  0.02  0.16
     TOTAL  72       1.77                        5.70  0.29  5.41 IN
                                                             0.45 FT
    ================================================================



    TABLE 10. MONTHLY CIR FOR:      Sorghum (silage)   
    GROWING SEASON: MAY 15 TO AUG 12, LENGTH  90 DAYS
    ================================================================
    MONTH DAYS TEMP  RAIN LIGHT     F   Kc   Kt   ETc    Re   CIR
    ================================================================
    MAY     17 71.2  0.00   5.3  3.75 0.38 0.92  1.29  0.00  1.29
    JUN     30 81.4  0.77   9.6  7.81 0.94 1.09  8.00  0.71  7.29
    JUL     31 83.3  1.12   9.8  8.16 0.89 1.13  8.15  1.05  7.10
    AUG     12 83.0  1.23   3.6  2.98 0.62 1.12  2.07  0.32  1.76
     TOTAL  90       3.12                       19.51  2.08 17.44 IN
                                                             1.45 FT
    ================================================================



    TABLE 11. MONTHLY CIR FOR:      Melons             
    GROWING SEASON: APR 17 TO OCT 30, LENGTH 197 DAYS
    ================================================================
    MONTH DAYS TEMP  RAIN LIGHT     F   Kc   Kt   ETc    Re   CIR
    ================================================================
    APR     14 61.9  0.22   4.1  2.54 0.45 0.76  0.87  0.04  0.83
    MAY     31 68.1  0.00   9.6  6.54 0.52 0.86  2.94  0.00  2.94
    JUN     30 81.4  0.77   9.6  7.81 0.66 1.09  5.60  0.62  4.98
    JUL     31 83.3  1.12   9.8  8.16 0.80 1.13  7.32  1.00  6.32
    AUG     31 82.8  1.23   9.3  7.69 0.80 1.12  6.93  1.07  5.86
    SEP     30 73.8  0.21   8.3  6.13 0.76 0.96  4.47  0.10  4.37
    OCT     30 66.7  0.00   7.7  5.17 0.70 0.84  3.05  0.00  3.05
     TOTAL 197       3.55                       31.18  2.84 28.34 IN
                                                             2.36 FT
    ================================================================
 
 
 
 
 
 
 
 
 
 
 
 
 
 
 
 
 
 
 
 



    TABLE 12. MONTHLY CIR FOR:     Orchard  (no ground 
    GROWING SEASON: FEB 15 TO DEC 29, LENGTH 319 DAYS
    ================================================================
    MONTH DAYS TEMP  RAIN LIGHT     F   Kc   Kt   ETc    Re   CIR
    ================================================================
    FEB     15 50.6  1.34   3.6  1.83 0.27 0.56  0.28  0.28  0.00
    MAR     31 52.7  0.87   8.4  4.43 0.39 0.60  1.04  0.55  0.49
    APR     30 59.5  0.22   8.8  5.23 0.61 0.72  2.28  0.10  2.18
    MAY     31 68.1  0.00   9.6  6.54 0.88 0.86  4.96  0.00  4.96
    JUN     30 81.4  0.77   9.6  7.81 0.96 1.09  8.21  0.72  7.49
    JUL     31 83.3  1.12   9.8  8.16 0.96 1.13  8.78  1.08  7.70
    AUG     31 82.8  1.23   9.3  7.69 0.81 1.12  7.01  1.07  5.94
    SEP     30 73.8  0.21   8.3  6.13 0.55 0.96  3.24  0.10  3.15
    OCT     31 66.6  0.00   8.0  5.33 0.28 0.84  1.26  0.00  1.26
    NOV     30 50.1  0.33   7.1  3.56 0.18 0.55  0.35  0.17  0.18
    DEC     29 47.4  0.00   6.6  3.15 0.15 0.51  0.25  0.00  0.25
     TOTAL 319       6.09                       37.67  4.08 33.60 IN
                                                             2.80 FT
    ================================================================



    TABLE 13. MONTHLY CIR FOR:      Cotton             
    GROWING SEASON: APR 24 TO OCT 30, LENGTH 190 DAYS
    ================================================================
    MONTH DAYS TEMP  RAIN LIGHT     F   Kc   Kt   ETc    Re   CIR
    ================================================================
    APR      7 62.8  0.22   2.1  1.29 0.21 0.77  0.21  0.02  0.19
    MAY     31 68.1  0.00   9.6  6.54 0.26 0.86  1.50  0.00  1.50
    JUN     30 81.4  0.77   9.6  7.81 0.46 1.09  3.90  0.57  3.33
    JUL     31 83.3  1.12   9.8  8.16 0.86 1.13  7.88  1.03  6.85
    AUG     31 82.8  1.23   9.3  7.69 1.02 1.12  8.76  1.18  7.58
    SEP     30 73.8  0.21   8.3  6.13 0.85 0.96  5.02  0.11  4.92
    OCT     30 66.7  0.00   7.7  5.17 0.62 0.84  2.67  0.00  2.67
     TOTAL 190       3.55                       29.94  2.91 27.03 IN
                                                             2.25 FT
    ================================================================



    TABLE 14. MONTHLY CIR FOR:     Corn (grain)        
    GROWING SEASON: MAY 15 TO SEP 15, LENGTH 124 DAYS
    ================================================================
    MONTH DAYS TEMP  RAIN LIGHT     F   Kc   Kt   ETc    Re   CIR
    ================================================================
    MAY     17 71.2  0.00   5.3  3.75 0.47 0.92  1.62  0.00  1.62
    JUN     30 81.4  0.77   9.6  7.81 0.65 1.09  5.57  0.62  4.95
    JUL     31 83.3  1.12   9.8  8.16 1.05 1.13  9.68  1.12  8.56
    AUG     31 82.8  1.23   9.3  7.69 1.04 1.12  8.92  1.20  7.73
    SEP     15 75.9  0.21   4.2  3.15 0.90 1.00  2.83  0.05  2.78
     TOTAL 124       3.33                       28.62  2.99 25.63 IN
                                                             2.14 FT
    ================================================================
 
 
 
 
 
 
 
 
 
 
 
 



    TABLE 15. MONTHLY CIR FOR:     Misc. Vegetable     
    GROWING SEASON: APR  7 TO OCT 30, LENGTH 207 DAYS
    ================================================================
    MONTH DAYS TEMP  RAIN LIGHT     F   Kc   Kt   ETc    Re   CIR
    ================================================================
    APR     24 60.5  0.22   7.0  4.25 0.34 0.73  1.06  0.07  0.98
    MAY     31 68.1  0.00   9.6  6.54 0.55 0.86  3.08  0.00  3.08
    JUN     30 81.4  0.77   9.6  7.81 0.73 1.09  6.23  0.65  5.58
    JUL     31 83.3  1.12   9.8  8.16 0.81 1.13  7.49  1.01  6.48
    AUG     31 82.8  1.23   9.3  7.69 0.82 1.12  7.08  1.08  6.00
    SEP     30 73.8  0.21   8.3  6.13 0.73 0.96  4.33  0.10  4.23
    OCT     30 66.7  0.00   7.7  5.17 0.54 0.84  2.33  0.00  2.33
     TOTAL 207       3.55                       31.59  2.91 28.68 IN
                                                             2.39 FT
    ================================================================



    TABLE 16. MONTHLY CIR FOR:      Pasture(native)    
    GROWING SEASON: JAN 20 TO DEC 29, LENGTH 345 DAYS
    ================================================================
    MONTH DAYS TEMP  RAIN LIGHT     F   Kc   Kt   ETc    Re   CIR
    ================================================================
    JAN     12 46.1  1.23   2.8  1.28 0.52 0.48  0.32  0.29  0.04
    FEB     29 50.0  1.34   7.0  3.50 0.57 0.55  1.10  0.84  0.26
    MAR     31 52.7  0.87   8.4  4.43 0.74 0.60  1.95  0.58  1.38
    APR     30 59.5  0.22   8.8  5.23 0.85 0.72  3.19  0.11  3.08
    MAY     31 68.1  0.00   9.6  6.54 0.90 0.86  5.09  0.00  5.09
    JUN     30 81.4  0.77   9.6  7.81 0.92 1.09  7.87  0.71  7.16
    JUL     31 83.3  1.12   9.8  8.16 0.92 1.13  8.45  1.06  7.39
    AUG     31 82.8  1.23   9.3  7.69 0.91 1.12  7.81  1.12  6.69
    SEP     30 73.8  0.21   8.3  6.13 0.87 0.96  5.11  0.11  5.01
    OCT     31 66.6  0.00   8.0  5.33 0.78 0.84  3.49  0.00  3.49
    NOV     30 50.1  0.33   7.1  3.56 0.67 0.55  1.31  0.18  1.13
    DEC     29 47.4  0.00   6.6  3.15 0.55 0.51  0.88  0.00  0.88
     TOTAL 345       7.32                       46.58  4.99 41.59 IN
                                                             3.47 FT
    ================================================================



    TABLE 17. MONTHLY CIR FOR:      Pasture (Unimproved
    GROWING SEASON: JAN 20 TO DEC 29, LENGTH 345 DAYS
    ================================================================
    MONTH DAYS TEMP  RAIN LIGHT     F   Kc   Kt   ETc    Re   CIR
    ================================================================
    JAN     12 46.1  1.23   2.8  1.28 0.52 0.48  0.32  0.29  0.04
    FEB     29 50.0  1.34   7.0  3.50 0.57 0.55  1.10  0.84  0.26
    MAR     31 52.7  0.87   8.4  4.43 0.74 0.60  1.95  0.58  1.38
    APR     30 59.5  0.22   8.8  5.23 0.85 0.72  3.19  0.11  3.08
    MAY     31 68.1  0.00   9.6  6.54 0.90 0.86  5.09  0.00  5.09
    JUN     30 81.4  0.77   9.6  7.81 0.92 1.09  7.87  0.71  7.16
    JUL     31 83.3  1.12   9.8  8.16 0.92 1.13  8.45  1.06  7.39
    AUG     31 82.8  1.23   9.3  7.69 0.91 1.12  7.81  1.12  6.69
    SEP     30 73.8  0.21   8.3  6.13 0.87 0.96  5.11  0.11  5.01
    OCT     31 66.6  0.00   8.0  5.33 0.78 0.84  3.49  0.00  3.49
    NOV     30 50.1  0.33   7.1  3.56 0.67 0.55  1.31  0.18  1.13
    DEC     29 47.4  0.00   6.6  3.15 0.55 0.51  0.88  0.00  0.88
     TOTAL 345       7.32                       46.58  4.99 41.59 IN
                                                             3.47 FT
    ================================================================
 
 
 
 



    TABLE 18. MONTHLY CIR FOR:      Christmas Trees    
    GROWING SEASON: JAN 20 TO DEC 29, LENGTH 345 DAYS
    ================================================================
    MONTH DAYS TEMP  RAIN LIGHT     F   Kc   Kt   ETc    Re   CIR
    ================================================================
    JAN     12 46.1  1.23   2.8  1.28 0.52 0.48  0.32  0.29  0.04
    FEB     29 50.0  1.34   7.0  3.50 0.57 0.55  1.10  0.84  0.26
    MAR     31 52.7  0.87   8.4  4.43 0.74 0.60  1.95  0.58  1.38
    APR     30 59.5  0.22   8.8  5.23 0.85 0.72  3.19  0.11  3.08
    MAY     31 68.1  0.00   9.6  6.54 0.90 0.86  5.09  0.00  5.09
    JUN     30 81.4  0.77   9.6  7.81 0.92 1.09  7.87  0.71  7.16
    JUL     31 83.3  1.12   9.8  8.16 0.92 1.13  8.45  1.06  7.39
    AUG     31 82.8  1.23   9.3  7.69 0.91 1.12  7.81  1.12  6.69
    SEP     30 73.8  0.21   8.3  6.13 0.87 0.96  5.11  0.11  5.01
    OCT     31 66.6  0.00   8.0  5.33 0.78 0.84  3.49  0.00  3.49
    NOV     30 50.1  0.33   7.1  3.56 0.67 0.55  1.31  0.18  1.13
    DEC     29 47.4  0.00   6.6  3.15 0.55 0.51  0.88  0.00  0.88
     TOTAL 345       7.32                       46.58  4.99 41.59 IN
                                                             3.47 FT
    ================================================================



    TABLE 19. MONTHLY CIR FOR:      Misc.Field Crops   
    GROWING SEASON: APR  7 TO OCT 30, LENGTH 207 DAYS
    ================================================================
    MONTH DAYS TEMP  RAIN LIGHT     F   Kc   Kt   ETc    Re   CIR
    ================================================================
    APR     24 60.5  0.22   7.0  4.25 0.35 0.73  1.08  0.07  1.01
    MAY     31 68.1  0.00   9.6  6.54 0.54 0.86  3.08  0.00  3.08
    JUN     30 81.4  0.77   9.6  7.81 0.72 1.09  6.19  0.65  5.55
    JUL     31 83.3  1.12   9.8  8.16 0.81 1.13  7.41  1.00  6.40
    AUG     31 82.8  1.23   9.3  7.69 0.82 1.12  7.05  1.08  5.98
    SEP     30 73.8  0.21   8.3  6.13 0.73 0.96  4.33  0.10  4.23
    OCT     30 66.7  0.00   7.7  5.17 0.52 0.84  2.28  0.00  2.28
     TOTAL 207       3.55                       31.42  2.90 28.52 IN
                                                             2.38 FT
    ================================================================



    TABLE 20. MONTHLY CIR FOR:      Hay(other)         
    GROWING SEASON: JAN 20 TO DEC 29, LENGTH 345 DAYS
    ================================================================
    MONTH DAYS TEMP  RAIN LIGHT     F   Kc   Kt   ETc    Re   CIR
    ================================================================
    JAN     12 46.1  1.23   2.8  1.28 0.52 0.48  0.32  0.29  0.04
    FEB     29 50.0  1.34   7.0  3.50 0.57 0.55  1.10  0.84  0.26
    MAR     31 52.7  0.87   8.4  4.43 0.74 0.60  1.95  0.58  1.38
    APR     30 59.5  0.22   8.8  5.23 0.85 0.72  3.19  0.11  3.08
    MAY     31 68.1  0.00   9.6  6.54 0.90 0.86  5.09  0.00  5.09
    JUN     30 81.4  0.77   9.6  7.81 0.92 1.09  7.87  0.71  7.16
    JUL     31 83.3  1.12   9.8  8.16 0.92 1.13  8.45  1.06  7.39
    AUG     31 82.8  1.23   9.3  7.69 0.91 1.12  7.81  1.12  6.69
    SEP     30 73.8  0.21   8.3  6.13 0.87 0.96  5.11  0.11  5.01
    OCT     31 66.6  0.00   8.0  5.33 0.78 0.84  3.49  0.00  3.49
    NOV     30 50.1  0.33   7.1  3.56 0.67 0.55  1.31  0.18  1.13
    DEC     29 47.4  0.00   6.6  3.15 0.55 0.51  0.88  0.00  0.88
     TOTAL 345       7.32                       46.58  4.99 41.59 IN
                                                             3.47 FT
    ================================================================
 
 
 
 


    TABLE 21. WEIGHTED ANNUAL CIR FOR CROPPING PATTERN
    ==================================================================
    CROP                        ACRES      CDR      CIR     WCIR
    ==================================================================
        Alfalfa                 126.0    0.167    47.98     8.01
         Chile                    0.0    0.000    29.47     0.00
         Winter Small Grain(      0.0    0.000    15.65     0.00
        Pasture (Improved)      216.5    0.287    41.67    11.96
         Pecan Orchards           9.1    0.012    39.12     0.47
         Sorghum (grain)          0.0    0.000    24.17     0.00
        Spring Small Grains       0.0    0.000    13.23     0.00
         Turfgrass (Warm Sea      0.8    0.001    40.26     0.04
         Alfalfa (new)            0.0    0.000     5.41     0.00
         Sorghum (silage)         0.0    0.000    17.44     0.00
         Melons                   0.0    0.000    28.34     0.00
        Orchard  (no ground       0.0    0.000    33.60     0.00
         Cotton                   0.0    0.000    27.03     0.00
        Corn (grain)              0.0    0.000    25.63     0.00
        Misc. Vegetable           0.0    0.000    28.68     0.00
         Pasture(native)          0.0    0.000    41.59     0.00
         Pasture (Unimproved    111.6    0.148    41.59     6.15
         Christmas Trees          0.0    0.000    41.59     0.00
         Misc.Field Crops         0.0    0.000    28.52     0.00
         Hay(other)             290.4    0.385    41.59    16.01
                       TOTAL    754.2    1.000             42.65 IN
                                                            3.55 FT
    ==================================================================
    NOTE: THE WEIGHTED CONSUMPTIVE IRRIGATION REQUIREMENT (WCIR)
    FOR EACH CROP IS COMPUTED BY MULTIPLYING THE CONSUMPTIVE IRR-
    IGATION REQUIREMENT (CIR) BY THE CROP DISTRIBUTION RATIO
    (CDR). IF WINTER WHEAT IS IN THE CROP PATTERN, THE CDR IS
    BASED ON THE ACRES OF THAT CROP HARVESTED IN THE SUMMER.


    TABLE 22. WEIGHTED MONTHLY CIRS IN INCHES FOR CROPPING PATTERN
    ================================================================================
     JAN   FEB   MAR   APR   MAY   JUN   JUL   AUG   SEP   OCT   NOV   DEC   TOTAL
     0.03  0.28  1.42  3.16  5.29  7.48  7.71  6.89  5.11  3.56  1.01  0.72  42.65
    ================================================================================
 
 
 
 
 
 
 
 
 
 
 
 
 
 
 
 
 
 
 
 
 
 
 
 
 
 
 
